test,test_family,pass_logistic_sha2,p_uniformity_logistic_sha2,proportion_logistic_sha2,pass_count_logistic_sha2,total_logistic_sha2,pass_uniformity_logistic_sha2,pass_proportion_logistic_sha2,pass_logistic_sha3,p_uniformity_logistic_sha3,proportion_logistic_sha3,pass_count_logistic_sha3,total_logistic_sha3,pass_uniformity_logistic_sha3,pass_proportion_logistic_sha3
BlockFrequency,BlockFrequency,True,0.534146,0.9,9,10,True,True,False,0.350485,0.8,8,10,True,False
FFT,FFT,False,0.739918,0.8,8,10,True,False,True,0.008879,0.9,9,10,True,True
LinearComplexity,LinearComplexity,False,0.017912,0.8,8,10,True,False,True,0.534146,0.9,9,10,True,True
NonOverlappingTemplate,NonOverlappingTemplate,True,0.739918,0.9,9,10,True,True,False,0.534146,0.8,8,10,True,False
NonOverlappingTemplate,NonOverlappingTemplate,True,0.739918,0.9,9,10,True,True,False,0.534146,0.8,8,10,True,False
NonOverlappingTemplate,NonOverlappingTemplate,True,0.739918,0.9,9,10,True,True,False,0.035174,0.8,8,10,True,False
NonOverlappingTemplate,NonOverlappingTemplate,True,0.739918,0.9,9,10,True,True,False,0.350485,0.8,8,10,True,False
NonOverlappingTemplate,NonOverlappingTemplate,True,0.739918,0.9,9,10,True,True,False,0.350485,0.8,8,10,True,False
NonOverlappingTemplate,NonOverlappingTemplate,True,0.739918,0.9,9,10,True,True,False,0.350485,0.7,7,10,True,False
NonOverlappingTemplate,NonOverlappingTemplate,True,0.739918,0.9,9,10,True,True,False,0.911413,0.8,8,10,True,False
NonOverlappingTemplate,NonOverlappingTemplate,True,0.739918,0.9,9,10,True,True,False,0.350485,0.7,7,10,True,False
NonOverlappingTemplate,NonOverlappingTemplate,True,0.739918,0.9,9,10,True,True,False,0.534146,0.8,8,10,True,False
NonOverlappingTemplate,NonOverlappingTemplate,True,0.739918,0.9,9,10,True,True,False,0.534146,0.8,8,10,True,False
NonOverlappingTemplate,NonOverlappingTemplate,True,0.739918,0.9,9,10,True,True,False,0.122325,0.8,8,10,True,False
NonOverlappingTemplate,NonOverlappingTemplate,True,0.739918,0.9,9,10,True,True,False,0.534146,0.8,8,10,True,False
NonOverlappingTemplate,NonOverlappingTemplate,True,0.739918,0.9,9,10,True,True,False,0.122325,0.8,8,10,True,False
NonOverlappingTemplate,NonOverlappingTemplate,True,0.739918,0.9,9,10,True,True,False,0.911413,0.8,8,10,True,False
NonOverlappingTemplate,NonOverlappingTemplate,True,0.739918,0.9,9,10,True,True,False,0.350485,0.8,8,10,True,False
NonOverlappingTemplate,NonOverlappingTemplate,True,0.911413,0.9,9,10,True,True,False,0.534146,0.8,8,10,True,False
NonOverlappingTemplate,NonOverlappingTemplate,True,0.911413,0.9,9,10,True,True,False,0.534146,0.8,8,10,True,False
NonOverlappingTemplate,NonOverlappingTemplate,True,0.911413,0.9,9,10,True,True,False,0.035174,0.8,8,10,True,False
NonOverlappingTemplate,NonOverlappingTemplate,True,0.911413,0.9,9,10,True,True,False,0.350485,0.8,8,10,True,False
NonOverlappingTemplate,NonOverlappingTemplate,True,0.911413,0.9,9,10,True,True,False,0.350485,0.8,8,10,True,False
NonOverlappingTemplate,NonOverlappingTemplate,True,0.911413,0.9,9,10,True,True,False,0.350485,0.7,7,10,True,False
NonOverlappingTemplate,NonOverlappingTemplate,True,0.911413,0.9,9,10,True,True,False,0.911413,0.8,8,10,True,False
NonOverlappingTemplate,NonOverlappingTemplate,True,0.911413,0.9,9,10,True,True,False,0.350485,0.7,7,10,True,False
NonOverlappingTemplate,NonOverlappingTemplate,True,0.911413,0.9,9,10,True,True,False,0.534146,0.8,8,10,True,False
NonOverlappingTemplate,NonOverlappingTemplate,True,0.911413,0.9,9,10,True,True,False,0.534146,0.8,8,10,True,False
NonOverlappingTemplate,NonOverlappingTemplate,True,0.911413,0.9,9,10,True,True,False,0.122325,0.8,8,10,True,False
NonOverlappingTemplate,NonOverlappingTemplate,True,0.911413,0.9,9,10,True,True,False,0.534146,0.8,8,10,True,False
NonOverlappingTemplate,NonOverlappingTemplate,True,0.911413,0.9,9,10,True,True,False,0.122325,0.8,8,10,True,False
NonOverlappingTemplate,NonOverlappingTemplate,True,0.911413,0.9,9,10,True,True,False,0.911413,0.8,8,10,True,False
NonOverlappingTemplate,NonOverlappingTemplate,True,0.911413,0.9,9,10,True,True,False,0.350485,0.8,8,10,True,False
NonOverlappingTemplate,NonOverlappingTemplate,True,0.739918,0.9,9,10,True,True,False,0.534146,0.8,8,10,True,False
NonOverlappingTemplate,NonOverlappingTemplate,True,0.739918,0.9,9,10,True,True,False,0.534146,0.8,8,10,True,False
NonOverlappingTemplate,NonOverlappingTemplate,True,0.739918,0.9,9,10,True,True,False,0.035174,0.8,8,10,True,False
NonOverlappingTemplate,NonOverlappingTemplate,True,0.739918,0.9,9,10,True,True,False,0.350485,0.8,8,10,True,False
NonOverlappingTemplate,NonOverlappingTemplate,True,0.739918,0.9,9,10,True,True,False,0.350485,0.8,8,10,True,False
NonOverlappingTemplate,NonOverlappingTemplate,True,0.739918,0.9,9,10,True,True,False,0.350485,0.7,7,10,True,False
NonOverlappingTemplate,NonOverlappingTemplate,True,0.739918,0.9,9,10,True,True,False,0.911413,0.8,8,10,True,False
NonOverlappingTemplate,NonOverlappingTemplate,True,0.739918,0.9,9,10,True,True,False,0.350485,0.7,7,10,True,False
NonOverlappingTemplate,NonOverlappingTemplate,True,0.739918,0.9,9,10,True,True,False,0.534146,0.8,8,10,True,False
NonOverlappingTemplate,NonOverlappingTemplate,True,0.739918,0.9,9,10,True,True,False,0.534146,0.8,8,10,True,False
NonOverlappingTemplate,NonOverlappingTemplate,True,0.739918,0.9,9,10,True,True,False,0.122325,0.8,8,10,True,False
NonOverlappingTemplate,NonOverlappingTemplate,True,0.739918,0.9,9,10,True,True,False,0.534146,0.8,8,10,True,False
NonOverlappingTemplate,NonOverlappingTemplate,True,0.739918,0.9,9,10,True,True,False,0.122325,0.8,8,10,True,False
NonOverlappingTemplate,NonOverlappingTemplate,True,0.739918,0.9,9,10,True,True,False,0.911413,0.8,8,10,True,False
NonOverlappingTemplate,NonOverlappingTemplate,True,0.739918,0.9,9,10,True,True,False,0.350485,0.8,8,10,True,False
NonOverlappingTemplate,NonOverlappingTemplate,True,0.122325,0.9,9,10,True,True,False,0.534146,0.8,8,10,True,False
NonOverlappingTemplate,NonOverlappingTemplate,True,0.122325,0.9,9,10,True,True,False,0.534146,0.8,8,10,True,False
NonOverlappingTemplate,NonOverlappingTemplate,True,0.122325,0.9,9,10,True,True,False,0.035174,0.8,8,10,True,False
NonOverlappingTemplate,NonOverlappingTemplate,True,0.122325,0.9,9,10,True,True,False,0.350485,0.8,8,10,True,False
NonOverlappingTemplate,NonOverlappingTemplate,True,0.122325,0.9,9,10,True,True,False,0.350485,0.8,8,10,True,False
NonOverlappingTemplate,NonOverlappingTemplate,True,0.122325,0.9,9,10,True,True,False,0.350485,0.7,7,10,True,False
NonOverlappingTemplate,NonOverlappingTemplate,True,0.122325,0.9,9,10,True,True,False,0.911413,0.8,8,10,True,False
NonOverlappingTemplate,NonOverlappingTemplate,True,0.122325,0.9,9,10,True,True,False,0.350485,0.7,7,10,True,False
NonOverlappingTemplate,NonOverlappingTemplate,True,0.122325,0.9,9,10,True,True,False,0.534146,0.8,8,10,True,False
NonOverlappingTemplate,NonOverlappingTemplate,True,0.122325,0.9,9,10,True,True,False,0.534146,0.8,8,10,True,False
NonOverlappingTemplate,NonOverlappingTemplate,True,0.122325,0.9,9,10,True,True,False,0.122325,0.8,8,10,True,False
NonOverlappingTemplate,NonOverlappingTemplate,True,0.122325,0.9,9,10,True,True,False,0.534146,0.8,8,10,True,False
NonOverlappingTemplate,NonOverlappingTemplate,True,0.122325,0.9,9,10,True,True,False,0.122325,0.8,8,10,True,False
NonOverlappingTemplate,NonOverlappingTemplate,True,0.122325,0.9,9,10,True,True,False,0.911413,0.8,8,10,True,False
NonOverlappingTemplate,NonOverlappingTemplate,True,0.122325,0.9,9,10,True,True,False,0.350485,0.8,8,10,True,False
NonOverlappingTemplate,NonOverlappingTemplate,True,0.534146,0.9,9,10,True,True,False,0.534146,0.8,8,10,True,False
NonOverlappingTemplate,NonOverlappingTemplate,True,0.534146,0.9,9,10,True,True,False,0.534146,0.8,8,10,True,False
NonOverlappingTemplate,NonOverlappingTemplate,True,0.534146,0.9,9,10,True,True,False,0.035174,0.8,8,10,True,False
NonOverlappingTemplate,NonOverlappingTemplate,True,0.534146,0.9,9,10,True,True,False,0.350485,0.8,8,10,True,False
NonOverlappingTemplate,NonOverlappingTemplate,True,0.534146,0.9,9,10,True,True,False,0.350485,0.8,8,10,True,False
NonOverlappingTemplate,NonOverlappingTemplate,True,0.534146,0.9,9,10,True,True,False,0.350485,0.7,7,10,True,False
NonOverlappingTemplate,NonOverlappingTemplate,True,0.534146,0.9,9,10,True,True,False,0.911413,0.8,8,10,True,False
NonOverlappingTemplate,NonOverlappingTemplate,True,0.534146,0.9,9,10,True,True,False,0.350485,0.7,7,10,True,False
NonOverlappingTemplate,NonOverlappingTemplate,True,0.534146,0.9,9,10,True,True,False,0.534146,0.8,8,10,True,False
NonOverlappingTemplate,NonOverlappingTemplate,True,0.534146,0.9,9,10,True,True,False,0.534146,0.8,8,10,True,False
NonOverlappingTemplate,NonOverlappingTemplate,True,0.534146,0.9,9,10,True,True,False,0.122325,0.8,8,10,True,False
NonOverlappingTemplate,NonOverlappingTemplate,True,0.534146,0.9,9,10,True,True,False,0.534146,0.8,8,10,True,False
NonOverlappingTemplate,NonOverlappingTemplate,True,0.534146,0.9,9,10,True,True,False,0.122325,0.8,8,10,True,False
NonOverlappingTemplate,NonOverlappingTemplate,True,0.534146,0.9,9,10,True,True,False,0.911413,0.8,8,10,True,False
NonOverlappingTemplate,NonOverlappingTemplate,True,0.534146,0.9,9,10,True,True,False,0.350485,0.8,8,10,True,False
NonOverlappingTemplate,NonOverlappingTemplate,True,0.122325,0.9,9,10,True,True,False,0.534146,0.8,8,10,True,False
NonOverlappingTemplate,NonOverlappingTemplate,True,0.122325,0.9,9,10,True,True,False,0.534146,0.8,8,10,True,False
NonOverlappingTemplate,NonOverlappingTemplate,True,0.122325,0.9,9,10,True,True,False,0.035174,0.8,8,10,True,False
NonOverlappingTemplate,NonOverlappingTemplate,True,0.122325,0.9,9,10,True,True,False,0.350485,0.8,8,10,True,False
NonOverlappingTemplate,NonOverlappingTemplate,True,0.122325,0.9,9,10,True,True,False,0.350485,0.8,8,10,True,False
NonOverlappingTemplate,NonOverlappingTemplate,True,0.122325,0.9,9,10,True,True,False,0.350485,0.7,7,10,True,False
NonOverlappingTemplate,NonOverlappingTemplate,True,0.122325,0.9,9,10,True,True,False,0.911413,0.8,8,10,True,False
NonOverlappingTemplate,NonOverlappingTemplate,True,0.122325,0.9,9,10,True,True,False,0.350485,0.7,7,10,True,False
NonOverlappingTemplate,NonOverlappingTemplate,True,0.122325,0.9,9,10,True,True,False,0.534146,0.8,8,10,True,False
NonOverlappingTemplate,NonOverlappingTemplate,True,0.122325,0.9,9,10,True,True,False,0.534146,0.8,8,10,True,False
NonOverlappingTemplate,NonOverlappingTemplate,True,0.122325,0.9,9,10,True,True,False,0.122325,0.8,8,10,True,False
NonOverlappingTemplate,NonOverlappingTemplate,True,0.122325,0.9,9,10,True,True,False,0.534146,0.8,8,10,True,False
NonOverlappingTemplate,NonOverlappingTemplate,True,0.122325,0.9,9,10,True,True,False,0.122325,0.8,8,10,True,False
NonOverlappingTemplate,NonOverlappingTemplate,True,0.122325,0.9,9,10,True,True,False,0.911413,0.8,8,10,True,False
NonOverlappingTemplate,NonOverlappingTemplate,True,0.122325,0.9,9,10,True,True,False,0.350485,0.8,8,10,True,False
NonOverlappingTemplate,NonOverlappingTemplate,True,0.739918,0.9,9,10,True,True,False,0.534146,0.8,8,10,True,False
NonOverlappingTemplate,NonOverlappingTemplate,True,0.739918,0.9,9,10,True,True,False,0.534146,0.8,8,10,True,False
NonOverlappingTemplate,NonOverlappingTemplate,True,0.739918,0.9,9,10,True,True,False,0.035174,0.8,8,10,True,False
NonOverlappingTemplate,NonOverlappingTemplate,True,0.739918,0.9,9,10,True,True,False,0.350485,0.8,8,10,True,False
NonOverlappingTemplate,NonOverlappingTemplate,True,0.739918,0.9,9,10,True,True,False,0.350485,0.8,8,10,True,False
NonOverlappingTemplate,NonOverlappingTemplate,True,0.739918,0.9,9,10,True,True,False,0.350485,0.7,7,10,True,False
NonOverlappingTemplate,NonOverlappingTemplate,True,0.739918,0.9,9,10,True,True,False,0.911413,0.8,8,10,True,False
NonOverlappingTemplate,NonOverlappingTemplate,True,0.739918,0.9,9,10,True,True,False,0.350485,0.7,7,10,True,False
NonOverlappingTemplate,NonOverlappingTemplate,True,0.739918,0.9,9,10,True,True,False,0.534146,0.8,8,10,True,False
NonOverlappingTemplate,NonOverlappingTemplate,True,0.739918,0.9,9,10,True,True,False,0.534146,0.8,8,10,True,False
NonOverlappingTemplate,NonOverlappingTemplate,True,0.739918,0.9,9,10,True,True,False,0.122325,0.8,8,10,True,False
NonOverlappingTemplate,NonOverlappingTemplate,True,0.739918,0.9,9,10,True,True,False,0.534146,0.8,8,10,True,False
NonOverlappingTemplate,NonOverlappingTemplate,True,0.739918,0.9,9,10,True,True,False,0.122325,0.8,8,10,True,False
NonOverlappingTemplate,NonOverlappingTemplate,True,0.739918,0.9,9,10,True,True,False,0.911413,0.8,8,10,True,False
NonOverlappingTemplate,NonOverlappingTemplate,True,0.739918,0.9,9,10,True,True,False,0.350485,0.8,8,10,True,False
NonOverlappingTemplate,NonOverlappingTemplate,True,0.122325,0.9,9,10,True,True,False,0.534146,0.8,8,10,True,False
NonOverlappingTemplate,NonOverlappingTemplate,True,0.122325,0.9,9,10,True,True,False,0.534146,0.8,8,10,True,False
NonOverlappingTemplate,NonOverlappingTemplate,True,0.122325,0.9,9,10,True,True,False,0.035174,0.8,8,10,True,False
NonOverlappingTemplate,NonOverlappingTemplate,True,0.122325,0.9,9,10,True,True,False,0.350485,0.8,8,10,True,False
NonOverlappingTemplate,NonOverlappingTemplate,True,0.122325,0.9,9,10,True,True,False,0.350485,0.8,8,10,True,False
NonOverlappingTemplate,NonOverlappingTemplate,True,0.122325,0.9,9,10,True,True,False,0.350485,0.7,7,10,True,False
NonOverlappingTemplate,NonOverlappingTemplate,True,0.122325,0.9,9,10,True,True,False,0.911413,0.8,8,10,True,False
NonOverlappingTemplate,NonOverlappingTemplate,True,0.122325,0.9,9,10,True,True,False,0.350485,0.7,7,10,True,False
NonOverlappingTemplate,NonOverlappingTemplate,True,0.122325,0.9,9,10,True,True,False,0.534146,0.8,8,10,True,False
NonOverlappingTemplate,NonOverlappingTemplate,True,0.122325,0.9,9,10,True,True,False,0.534146,0.8,8,10,True,False
NonOverlappingTemplate,NonOverlappingTemplate,True,0.122325,0.9,9,10,True,True,False,0.122325,0.8,8,10,True,False
NonOverlappingTemplate,NonOverlappingTemplate,True,0.122325,0.9,9,10,True,True,False,0.534146,0.8,8,10,True,False
NonOverlappingTemplate,NonOverlappingTemplate,True,0.122325,0.9,9,10,True,True,False,0.122325,0.8,8,10,True,False
NonOverlappingTemplate,NonOverlappingTemplate,True,0.122325,0.9,9,10,True,True,False,0.911413,0.8,8,10,True,False
NonOverlappingTemplate,NonOverlappingTemplate,True,0.122325,0.9,9,10,True,True,False,0.350485,0.8,8,10,True,False
NonOverlappingTemplate,NonOverlappingTemplate,True,0.008879,0.9,9,10,True,True,False,0.534146,0.8,8,10,True,False
NonOverlappingTemplate,NonOverlappingTemplate,True,0.008879,0.9,9,10,True,True,False,0.534146,0.8,8,10,True,False
NonOverlappingTemplate,NonOverlappingTemplate,True,0.008879,0.9,9,10,True,True,False,0.035174,0.8,8,10,True,False
NonOverlappingTemplate,NonOverlappingTemplate,True,0.008879,0.9,9,10,True,True,False,0.350485,0.8,8,10,True,False
NonOverlappingTemplate,NonOverlappingTemplate,True,0.008879,0.9,9,10,True,True,False,0.350485,0.8,8,10,True,False
NonOverlappingTemplate,NonOverlappingTemplate,True,0.008879,0.9,9,10,True,True,False,0.350485,0.7,7,10,True,False
NonOverlappingTemplate,NonOverlappingTemplate,True,0.008879,0.9,9,10,True,True,False,0.911413,0.8,8,10,True,False
NonOverlappingTemplate,NonOverlappingTemplate,True,0.008879,0.9,9,10,True,True,False,0.350485,0.7,7,10,True,False
NonOverlappingTemplate,NonOverlappingTemplate,True,0.008879,0.9,9,10,True,True,False,0.534146,0.8,8,10,True,False
NonOverlappingTemplate,NonOverlappingTemplate,True,0.008879,0.9,9,10,True,True,False,0.534146,0.8,8,10,True,False
NonOverlappingTemplate,NonOverlappingTemplate,True,0.008879,0.9,9,10,True,True,False,0.122325,0.8,8,10,True,False
NonOverlappingTemplate,NonOverlappingTemplate,True,0.008879,0.9,9,10,True,True,False,0.534146,0.8,8,10,True,False
NonOverlappingTemplate,NonOverlappingTemplate,True,0.008879,0.9,9,10,True,True,False,0.122325,0.8,8,10,True,False
NonOverlappingTemplate,NonOverlappingTemplate,True,0.008879,0.9,9,10,True,True,False,0.911413,0.8,8,10,True,False
NonOverlappingTemplate,NonOverlappingTemplate,True,0.008879,0.9,9,10,True,True,False,0.350485,0.8,8,10,True,False
NonOverlappingTemplate,NonOverlappingTemplate,True,0.122325,0.9,9,10,True,True,False,0.534146,0.8,8,10,True,False
NonOverlappingTemplate,NonOverlappingTemplate,True,0.122325,0.9,9,10,True,True,False,0.534146,0.8,8,10,True,False
NonOverlappingTemplate,NonOverlappingTemplate,True,0.122325,0.9,9,10,True,True,False,0.035174,0.8,8,10,True,False
NonOverlappingTemplate,NonOverlappingTemplate,True,0.122325,0.9,9,10,True,True,False,0.350485,0.8,8,10,True,False
NonOverlappingTemplate,NonOverlappingTemplate,True,0.122325,0.9,9,10,True,True,False,0.350485,0.8,8,10,True,False
NonOverlappingTemplate,NonOverlappingTemplate,True,0.122325,0.9,9,10,True,True,False,0.350485,0.7,7,10,True,False
NonOverlappingTemplate,NonOverlappingTemplate,True,0.122325,0.9,9,10,True,True,False,0.911413,0.8,8,10,True,False
NonOverlappingTemplate,NonOverlappingTemplate,True,0.122325,0.9,9,10,True,True,False,0.350485,0.7,7,10,True,False
NonOverlappingTemplate,NonOverlappingTemplate,True,0.122325,0.9,9,10,True,True,False,0.534146,0.8,8,10,True,False
NonOverlappingTemplate,NonOverlappingTemplate,True,0.122325,0.9,9,10,True,True,False,0.534146,0.8,8,10,True,False
NonOverlappingTemplate,NonOverlappingTemplate,True,0.122325,0.9,9,10,True,True,False,0.122325,0.8,8,10,True,False
NonOverlappingTemplate,NonOverlappingTemplate,True,0.122325,0.9,9,10,True,True,False,0.534146,0.8,8,10,True,False
NonOverlappingTemplate,NonOverlappingTemplate,True,0.122325,0.9,9,10,True,True,False,0.122325,0.8,8,10,True,False
NonOverlappingTemplate,NonOverlappingTemplate,True,0.122325,0.9,9,10,True,True,False,0.911413,0.8,8,10,True,False
NonOverlappingTemplate,NonOverlappingTemplate,True,0.122325,0.9,9,10,True,True,False,0.350485,0.8,8,10,True,False
NonOverlappingTemplate,NonOverlappingTemplate,True,0.213309,0.9,9,10,True,True,False,0.534146,0.8,8,10,True,False
NonOverlappingTemplate,NonOverlappingTemplate,True,0.213309,0.9,9,10,True,True,False,0.534146,0.8,8,10,True,False
NonOverlappingTemplate,NonOverlappingTemplate,True,0.213309,0.9,9,10,True,True,False,0.035174,0.8,8,10,True,False
NonOverlappingTemplate,NonOverlappingTemplate,True,0.213309,0.9,9,10,True,True,False,0.350485,0.8,8,10,True,False
NonOverlappingTemplate,NonOverlappingTemplate,True,0.213309,0.9,9,10,True,True,False,0.350485,0.8,8,10,True,False
NonOverlappingTemplate,NonOverlappingTemplate,True,0.213309,0.9,9,10,True,True,False,0.350485,0.7,7,10,True,False
NonOverlappingTemplate,NonOverlappingTemplate,True,0.213309,0.9,9,10,True,True,False,0.911413,0.8,8,10,True,False
NonOverlappingTemplate,NonOverlappingTemplate,True,0.213309,0.9,9,10,True,True,False,0.350485,0.7,7,10,True,False
NonOverlappingTemplate,NonOverlappingTemplate,True,0.213309,0.9,9,10,True,True,False,0.534146,0.8,8,10,True,False
NonOverlappingTemplate,NonOverlappingTemplate,True,0.213309,0.9,9,10,True,True,False,0.534146,0.8,8,10,True,False
NonOverlappingTemplate,NonOverlappingTemplate,True,0.213309,0.9,9,10,True,True,False,0.122325,0.8,8,10,True,False
NonOverlappingTemplate,NonOverlappingTemplate,True,0.213309,0.9,9,10,True,True,False,0.534146,0.8,8,10,True,False
NonOverlappingTemplate,NonOverlappingTemplate,True,0.213309,0.9,9,10,True,True,False,0.122325,0.8,8,10,True,False
NonOverlappingTemplate,NonOverlappingTemplate,True,0.213309,0.9,9,10,True,True,False,0.911413,0.8,8,10,True,False
NonOverlappingTemplate,NonOverlappingTemplate,True,0.213309,0.9,9,10,True,True,False,0.350485,0.8,8,10,True,False
NonOverlappingTemplate,NonOverlappingTemplate,True,0.739918,0.9,9,10,True,True,False,0.534146,0.8,8,10,True,False
NonOverlappingTemplate,NonOverlappingTemplate,True,0.739918,0.9,9,10,True,True,False,0.534146,0.8,8,10,True,False
NonOverlappingTemplate,NonOverlappingTemplate,True,0.739918,0.9,9,10,True,True,False,0.035174,0.8,8,10,True,False
NonOverlappingTemplate,NonOverlappingTemplate,True,0.739918,0.9,9,10,True,True,False,0.350485,0.8,8,10,True,False
NonOverlappingTemplate,NonOverlappingTemplate,True,0.739918,0.9,9,10,True,True,False,0.350485,0.8,8,10,True,False
NonOverlappingTemplate,NonOverlappingTemplate,True,0.739918,0.9,9,10,True,True,False,0.350485,0.7,7,10,True,False
NonOverlappingTemplate,NonOverlappingTemplate,True,0.739918,0.9,9,10,True,True,False,0.911413,0.8,8,10,True,False
NonOverlappingTemplate,NonOverlappingTemplate,True,0.739918,0.9,9,10,True,True,False,0.350485,0.7,7,10,True,False
NonOverlappingTemplate,NonOverlappingTemplate,True,0.739918,0.9,9,10,True,True,False,0.534146,0.8,8,10,True,False
NonOverlappingTemplate,NonOverlappingTemplate,True,0.739918,0.9,9,10,True,True,False,0.534146,0.8,8,10,True,False
NonOverlappingTemplate,NonOverlappingTemplate,True,0.739918,0.9,9,10,True,True,False,0.122325,0.8,8,10,True,False
NonOverlappingTemplate,NonOverlappingTemplate,True,0.739918,0.9,9,10,True,True,False,0.534146,0.8,8,10,True,False
NonOverlappingTemplate,NonOverlappingTemplate,True,0.739918,0.9,9,10,True,True,False,0.122325,0.8,8,10,True,False
NonOverlappingTemplate,NonOverlappingTemplate,True,0.739918,0.9,9,10,True,True,False,0.911413,0.8,8,10,True,False
NonOverlappingTemplate,NonOverlappingTemplate,True,0.739918,0.9,9,10,True,True,False,0.350485,0.8,8,10,True,False
NonOverlappingTemplate,NonOverlappingTemplate,True,0.350485,0.9,9,10,True,True,False,0.534146,0.8,8,10,True,False
NonOverlappingTemplate,NonOverlappingTemplate,True,0.350485,0.9,9,10,True,True,False,0.534146,0.8,8,10,True,False
NonOverlappingTemplate,NonOverlappingTemplate,True,0.350485,0.9,9,10,True,True,False,0.035174,0.8,8,10,True,False
NonOverlappingTemplate,NonOverlappingTemplate,True,0.350485,0.9,9,10,True,True,False,0.350485,0.8,8,10,True,False
NonOverlappingTemplate,NonOverlappingTemplate,True,0.350485,0.9,9,10,True,True,False,0.350485,0.8,8,10,True,False
NonOverlappingTemplate,NonOverlappingTemplate,True,0.350485,0.9,9,10,True,True,False,0.350485,0.7,7,10,True,False
NonOverlappingTemplate,NonOverlappingTemplate,True,0.350485,0.9,9,10,True,True,False,0.911413,0.8,8,10,True,False
NonOverlappingTemplate,NonOverlappingTemplate,True,0.350485,0.9,9,10,True,True,False,0.350485,0.7,7,10,True,False
NonOverlappingTemplate,NonOverlappingTemplate,True,0.350485,0.9,9,10,True,True,False,0.534146,0.8,8,10,True,False
NonOverlappingTemplate,NonOverlappingTemplate,True,0.350485,0.9,9,10,True,True,False,0.534146,0.8,8,10,True,False
NonOverlappingTemplate,NonOverlappingTemplate,True,0.350485,0.9,9,10,True,True,False,0.122325,0.8,8,10,True,False
NonOverlappingTemplate,NonOverlappingTemplate,True,0.350485,0.9,9,10,True,True,False,0.534146,0.8,8,10,True,False
NonOverlappingTemplate,NonOverlappingTemplate,True,0.350485,0.9,9,10,True,True,False,0.122325,0.8,8,10,True,False
NonOverlappingTemplate,NonOverlappingTemplate,True,0.350485,0.9,9,10,True,True,False,0.911413,0.8,8,10,True,False
NonOverlappingTemplate,NonOverlappingTemplate,True,0.350485,0.9,9,10,True,True,False,0.350485,0.8,8,10,True,False
NonOverlappingTemplate,NonOverlappingTemplate,True,0.911413,0.9,9,10,True,True,False,0.534146,0.8,8,10,True,False
NonOverlappingTemplate,NonOverlappingTemplate,True,0.911413,0.9,9,10,True,True,False,0.534146,0.8,8,10,True,False
NonOverlappingTemplate,NonOverlappingTemplate,True,0.911413,0.9,9,10,True,True,False,0.035174,0.8,8,10,True,False
NonOverlappingTemplate,NonOverlappingTemplate,True,0.911413,0.9,9,10,True,True,False,0.350485,0.8,8,10,True,False
NonOverlappingTemplate,NonOverlappingTemplate,True,0.911413,0.9,9,10,True,True,False,0.350485,0.8,8,10,True,False
NonOverlappingTemplate,NonOverlappingTemplate,True,0.911413,0.9,9,10,True,True,False,0.350485,0.7,7,10,True,False
NonOverlappingTemplate,NonOverlappingTemplate,True,0.911413,0.9,9,10,True,True,False,0.911413,0.8,8,10,True,False
NonOverlappingTemplate,NonOverlappingTemplate,True,0.911413,0.9,9,10,True,True,False,0.350485,0.7,7,10,True,False
NonOverlappingTemplate,NonOverlappingTemplate,True,0.911413,0.9,9,10,True,True,False,0.534146,0.8,8,10,True,False
NonOverlappingTemplate,NonOverlappingTemplate,True,0.911413,0.9,9,10,True,True,False,0.534146,0.8,8,10,True,False
NonOverlappingTemplate,NonOverlappingTemplate,True,0.911413,0.9,9,10,True,True,False,0.122325,0.8,8,10,True,False
NonOverlappingTemplate,NonOverlappingTemplate,True,0.911413,0.9,9,10,True,True,False,0.534146,0.8,8,10,True,False
NonOverlappingTemplate,NonOverlappingTemplate,True,0.911413,0.9,9,10,True,True,False,0.122325,0.8,8,10,True,False
NonOverlappingTemplate,NonOverlappingTemplate,True,0.911413,0.9,9,10,True,True,False,0.911413,0.8,8,10,True,False
NonOverlappingTemplate,NonOverlappingTemplate,True,0.911413,0.9,9,10,True,True,False,0.350485,0.8,8,10,True,False
NonOverlappingTemplate,NonOverlappingTemplate,True,0.350485,0.9,9,10,True,True,False,0.534146,0.8,8,10,True,False
NonOverlappingTemplate,NonOverlappingTemplate,True,0.350485,0.9,9,10,True,True,False,0.534146,0.8,8,10,True,False
NonOverlappingTemplate,NonOverlappingTemplate,True,0.350485,0.9,9,10,True,True,False,0.035174,0.8,8,10,True,False
NonOverlappingTemplate,NonOverlappingTemplate,True,0.350485,0.9,9,10,True,True,False,0.350485,0.8,8,10,True,False
NonOverlappingTemplate,NonOverlappingTemplate,True,0.350485,0.9,9,10,True,True,False,0.350485,0.8,8,10,True,False
NonOverlappingTemplate,NonOverlappingTemplate,True,0.350485,0.9,9,10,True,True,False,0.350485,0.7,7,10,True,False
NonOverlappingTemplate,NonOverlappingTemplate,True,0.350485,0.9,9,10,True,True,False,0.911413,0.8,8,10,True,False
NonOverlappingTemplate,NonOverlappingTemplate,True,0.350485,0.9,9,10,True,True,False,0.350485,0.7,7,10,True,False
NonOverlappingTemplate,NonOverlappingTemplate,True,0.350485,0.9,9,10,True,True,False,0.534146,0.8,8,10,True,False
NonOverlappingTemplate,NonOverlappingTemplate,True,0.350485,0.9,9,10,True,True,False,0.534146,0.8,8,10,True,False
NonOverlappingTemplate,NonOverlappingTemplate,True,0.350485,0.9,9,10,True,True,False,0.122325,0.8,8,10,True,False
NonOverlappingTemplate,NonOverlappingTemplate,True,0.350485,0.9,9,10,True,True,False,0.534146,0.8,8,10,True,False
NonOverlappingTemplate,NonOverlappingTemplate,True,0.350485,0.9,9,10,True,True,False,0.122325,0.8,8,10,True,False
NonOverlappingTemplate,NonOverlappingTemplate,True,0.350485,0.9,9,10,True,True,False,0.911413,0.8,8,10,True,False
NonOverlappingTemplate,NonOverlappingTemplate,True,0.350485,0.9,9,10,True,True,False,0.350485,0.8,8,10,True,False
NonOverlappingTemplate,NonOverlappingTemplate,True,0.739918,0.9,9,10,True,True,False,0.534146,0.8,8,10,True,False
NonOverlappingTemplate,NonOverlappingTemplate,True,0.739918,0.9,9,10,True,True,False,0.534146,0.8,8,10,True,False
NonOverlappingTemplate,NonOverlappingTemplate,True,0.739918,0.9,9,10,True,True,False,0.035174,0.8,8,10,True,False
NonOverlappingTemplate,NonOverlappingTemplate,True,0.739918,0.9,9,10,True,True,False,0.350485,0.8,8,10,True,False
NonOverlappingTemplate,NonOverlappingTemplate,True,0.739918,0.9,9,10,True,True,False,0.350485,0.8,8,10,True,False
NonOverlappingTemplate,NonOverlappingTemplate,True,0.739918,0.9,9,10,True,True,False,0.350485,0.7,7,10,True,False
NonOverlappingTemplate,NonOverlappingTemplate,True,0.739918,0.9,9,10,True,True,False,0.911413,0.8,8,10,True,False
NonOverlappingTemplate,NonOverlappingTemplate,True,0.739918,0.9,9,10,True,True,False,0.350485,0.7,7,10,True,False
NonOverlappingTemplate,NonOverlappingTemplate,True,0.739918,0.9,9,10,True,True,False,0.534146,0.8,8,10,True,False
NonOverlappingTemplate,NonOverlappingTemplate,True,0.739918,0.9,9,10,True,True,False,0.534146,0.8,8,10,True,False
NonOverlappingTemplate,NonOverlappingTemplate,True,0.739918,0.9,9,10,True,True,False,0.122325,0.8,8,10,True,False
NonOverlappingTemplate,NonOverlappingTemplate,True,0.739918,0.9,9,10,True,True,False,0.534146,0.8,8,10,True,False
NonOverlappingTemplate,NonOverlappingTemplate,True,0.739918,0.9,9,10,True,True,False,0.122325,0.8,8,10,True,False
NonOverlappingTemplate,NonOverlappingTemplate,True,0.739918,0.9,9,10,True,True,False,0.911413,0.8,8,10,True,False
NonOverlappingTemplate,NonOverlappingTemplate,True,0.739918,0.9,9,10,True,True,False,0.350485,0.8,8,10,True,False
NonOverlappingTemplate,NonOverlappingTemplate,True,0.534146,0.9,9,10,True,True,False,0.534146,0.8,8,10,True,False
NonOverlappingTemplate,NonOverlappingTemplate,True,0.534146,0.9,9,10,True,True,False,0.534146,0.8,8,10,True,False
NonOverlappingTemplate,NonOverlappingTemplate,True,0.534146,0.9,9,10,True,True,False,0.035174,0.8,8,10,True,False
NonOverlappingTemplate,NonOverlappingTemplate,True,0.534146,0.9,9,10,True,True,False,0.350485,0.8,8,10,True,False
NonOverlappingTemplate,NonOverlappingTemplate,True,0.534146,0.9,9,10,True,True,False,0.350485,0.8,8,10,True,False
NonOverlappingTemplate,NonOverlappingTemplate,True,0.534146,0.9,9,10,True,True,False,0.350485,0.7,7,10,True,False
NonOverlappingTemplate,NonOverlappingTemplate,True,0.534146,0.9,9,10,True,True,False,0.911413,0.8,8,10,True,False
NonOverlappingTemplate,NonOverlappingTemplate,True,0.534146,0.9,9,10,True,True,False,0.350485,0.7,7,10,True,False
NonOverlappingTemplate,NonOverlappingTemplate,True,0.534146,0.9,9,10,True,True,False,0.534146,0.8,8,10,True,False
NonOverlappingTemplate,NonOverlappingTemplate,True,0.534146,0.9,9,10,True,True,False,0.534146,0.8,8,10,True,False
NonOverlappingTemplate,NonOverlappingTemplate,True,0.534146,0.9,9,10,True,True,False,0.122325,0.8,8,10,True,False
NonOverlappingTemplate,NonOverlappingTemplate,True,0.534146,0.9,9,10,True,True,False,0.534146,0.8,8,10,True,False
NonOverlappingTemplate,NonOverlappingTemplate,True,0.534146,0.9,9,10,True,True,False,0.122325,0.8,8,10,True,False
NonOverlappingTemplate,NonOverlappingTemplate,True,0.534146,0.9,9,10,True,True,False,0.911413,0.8,8,10,True,False
NonOverlappingTemplate,NonOverlappingTemplate,True,0.534146,0.9,9,10,True,True,False,0.350485,0.8,8,10,True,False
NonOverlappingTemplate,NonOverlappingTemplate,False,0.017912,0.8,8,10,True,False,True,0.534146,0.9,9,10,True,True
NonOverlappingTemplate,NonOverlappingTemplate,False,0.017912,0.8,8,10,True,False,True,0.350485,0.9,9,10,True,True
NonOverlappingTemplate,NonOverlappingTemplate,False,0.017912,0.8,8,10,True,False,True,0.534146,0.9,9,10,True,True
NonOverlappingTemplate,NonOverlappingTemplate,False,0.017912,0.8,8,10,True,False,True,0.213309,0.9,9,10,True,True
NonOverlappingTemplate,NonOverlappingTemplate,False,0.017912,0.8,8,10,True,False,True,0.534146,0.9,9,10,True,True
NonOverlappingTemplate,NonOverlappingTemplate,False,0.017912,0.8,8,10,True,False,True,0.739918,0.9,9,10,True,True
NonOverlappingTemplate,NonOverlappingTemplate,False,0.017912,0.8,8,10,True,False,True,0.350485,0.9,9,10,True,True
NonOverlappingTemplate,NonOverlappingTemplate,False,0.017912,0.8,8,10,True,False,True,0.534146,0.9,9,10,True,True
NonOverlappingTemplate,NonOverlappingTemplate,False,0.017912,0.8,8,10,True,False,True,0.350485,0.9,9,10,True,True
NonOverlappingTemplate,NonOverlappingTemplate,False,0.017912,0.8,8,10,True,False,True,0.534146,0.9,9,10,True,True
NonOverlappingTemplate,NonOverlappingTemplate,False,0.017912,0.8,8,10,True,False,True,0.122325,0.9,9,10,True,True
NonOverlappingTemplate,NonOverlappingTemplate,False,0.017912,0.8,8,10,True,False,True,0.122325,0.9,9,10,True,True
NonOverlappingTemplate,NonOverlappingTemplate,False,0.017912,0.8,8,10,True,False,False,0.534146,0.8,8,10,True,False
NonOverlappingTemplate,NonOverlappingTemplate,False,0.017912,0.8,8,10,True,False,True,0.122325,0.9,9,10,True,True
NonOverlappingTemplate,NonOverlappingTemplate,False,0.017912,0.8,8,10,True,False,True,0.350485,0.9,9,10,True,True
NonOverlappingTemplate,NonOverlappingTemplate,False,0.017912,0.8,8,10,True,False,True,0.739918,0.9,9,10,True,True
NonOverlappingTemplate,NonOverlappingTemplate,False,0.017912,0.8,8,10,True,False,True,0.739918,0.9,9,10,True,True
NonOverlappingTemplate,NonOverlappingTemplate,False,0.017912,0.8,8,10,True,False,False,0.534146,0.8,8,10,True,False
NonOverlappingTemplate,NonOverlappingTemplate,False,0.017912,0.8,8,10,True,False,True,0.739918,0.9,9,10,True,True
NonOverlappingTemplate,NonOverlappingTemplate,False,0.017912,0.8,8,10,True,False,True,0.350485,0.9,9,10,True,True
NonOverlappingTemplate,NonOverlappingTemplate,False,0.017912,0.8,8,10,True,False,True,0.739918,0.9,9,10,True,True
NonOverlappingTemplate,NonOverlappingTemplate,False,0.017912,0.8,8,10,True,False,True,0.534146,0.9,9,10,True,True
NonOverlappingTemplate,NonOverlappingTemplate,False,0.017912,0.8,8,10,True,False,False,0.035174,0.8,8,10,True,False
NonOverlappingTemplate,NonOverlappingTemplate,False,0.017912,0.8,8,10,True,False,True,0.739918,0.9,9,10,True,True
NonOverlappingTemplate,NonOverlappingTemplate,False,0.017912,0.8,8,10,True,False,True,0.739918,0.9,9,10,True,True
NonOverlappingTemplate,NonOverlappingTemplate,False,0.017912,0.8,8,10,True,False,True,0.739918,0.9,9,10,True,True
NonOverlappingTemplate,NonOverlappingTemplate,False,0.017912,0.8,8,10,True,False,True,0.534146,0.9,9,10,True,True
NonOverlappingTemplate,NonOverlappingTemplate,False,0.017912,0.8,8,10,True,False,False,0.350485,0.8,8,10,True,False
NonOverlappingTemplate,NonOverlappingTemplate,False,0.017912,0.8,8,10,True,False,True,0.213309,0.9,9,10,True,True
NonOverlappingTemplate,NonOverlappingTemplate,False,0.017912,0.8,8,10,True,False,True,0.534146,0.9,9,10,True,True
NonOverlappingTemplate,NonOverlappingTemplate,False,0.017912,0.8,8,10,True,False,True,0.213309,0.9,9,10,True,True
NonOverlappingTemplate,NonOverlappingTemplate,False,0.017912,0.8,8,10,True,False,True,0.739918,0.9,9,10,True,True
NonOverlappingTemplate,NonOverlappingTemplate,False,0.017912,0.8,8,10,True,False,True,0.739918,0.9,9,10,True,True
NonOverlappingTemplate,NonOverlappingTemplate,False,0.017912,0.8,8,10,True,False,True,0.035174,0.9,9,10,True,True
NonOverlappingTemplate,NonOverlappingTemplate,False,0.017912,0.8,8,10,True,False,False,0.350485,0.8,8,10,True,False
NonOverlappingTemplate,NonOverlappingTemplate,False,0.017912,0.8,8,10,True,False,True,0.534146,0.9,9,10,True,True
NonOverlappingTemplate,NonOverlappingTemplate,False,0.017912,0.8,8,10,True,False,True,0.739918,0.9,9,10,True,True
NonOverlappingTemplate,NonOverlappingTemplate,False,0.017912,0.8,8,10,True,False,True,0.534146,0.9,9,10,True,True
NonOverlappingTemplate,NonOverlappingTemplate,False,0.017912,0.8,8,10,True,False,True,0.213309,0.9,9,10,True,True
NonOverlappingTemplate,NonOverlappingTemplate,False,0.017912,0.8,8,10,True,False,True,0.739918,0.9,9,10,True,True
NonOverlappingTemplate,NonOverlappingTemplate,False,0.017912,0.8,8,10,True,False,True,0.739918,0.9,9,10,True,True
NonOverlappingTemplate,NonOverlappingTemplate,False,0.017912,0.8,8,10,True,False,True,0.534146,0.9,9,10,True,True
NonOverlappingTemplate,NonOverlappingTemplate,False,0.017912,0.8,8,10,True,False,True,0.213309,0.9,9,10,True,True
NonOverlappingTemplate,NonOverlappingTemplate,False,0.017912,0.8,8,10,True,False,True,0.534146,0.9,9,10,True,True
NonOverlappingTemplate,NonOverlappingTemplate,False,0.017912,0.8,8,10,True,False,False,0.350485,0.7,7,10,True,False
NonOverlappingTemplate,NonOverlappingTemplate,False,0.017912,0.8,8,10,True,False,True,0.911413,0.9,9,10,True,True
NonOverlappingTemplate,NonOverlappingTemplate,False,0.017912,0.8,8,10,True,False,True,0.534146,0.9,9,10,True,True
NonOverlappingTemplate,NonOverlappingTemplate,False,0.017912,0.8,8,10,True,False,True,0.350485,0.9,9,10,True,True
NonOverlappingTemplate,NonOverlappingTemplate,False,0.017912,0.8,8,10,True,False,False,0.911413,0.8,8,10,True,False
NonOverlappingTemplate,NonOverlappingTemplate,False,0.017912,0.8,8,10,True,False,True,0.350485,0.9,9,10,True,True
NonOverlappingTemplate,NonOverlappingTemplate,False,0.017912,0.8,8,10,True,False,True,0.066882,0.9,9,10,True,True
NonOverlappingTemplate,NonOverlappingTemplate,False,0.017912,0.8,8,10,True,False,True,0.350485,0.9,9,10,True,True
NonOverlappingTemplate,NonOverlappingTemplate,False,0.017912,0.8,8,10,True,False,True,0.534146,0.9,9,10,True,True
NonOverlappingTemplate,NonOverlappingTemplate,False,0.017912,0.8,8,10,True,False,True,0.350485,0.9,9,10,True,True
NonOverlappingTemplate,NonOverlappingTemplate,False,0.017912,0.8,8,10,True,False,True,0.534146,0.9,9,10,True,True
NonOverlappingTemplate,NonOverlappingTemplate,False,0.017912,0.8,8,10,True,False,True,0.122325,0.9,9,10,True,True
NonOverlappingTemplate,NonOverlappingTemplate,False,0.017912,0.8,8,10,True,False,True,0.534146,0.9,9,10,True,True
NonOverlappingTemplate,NonOverlappingTemplate,False,0.017912,0.8,8,10,True,False,True,0.739918,0.9,9,10,True,True
NonOverlappingTemplate,NonOverlappingTemplate,False,0.017912,0.8,8,10,True,False,True,0.534146,0.9,9,10,True,True
NonOverlappingTemplate,NonOverlappingTemplate,False,0.017912,0.8,8,10,True,False,True,0.739918,0.9,9,10,True,True
NonOverlappingTemplate,NonOverlappingTemplate,False,0.017912,0.8,8,10,True,False,True,0.911413,0.9,9,10,True,True
NonOverlappingTemplate,NonOverlappingTemplate,False,0.017912,0.8,8,10,True,False,True,0.350485,0.9,9,10,True,True
NonOverlappingTemplate,NonOverlappingTemplate,False,0.017912,0.8,8,10,True,False,True,0.066882,0.9,9,10,True,True
NonOverlappingTemplate,NonOverlappingTemplate,False,0.017912,0.8,8,10,True,False,True,0.911413,0.9,9,10,True,True
NonOverlappingTemplate,NonOverlappingTemplate,False,0.017912,0.8,8,10,True,False,True,0.911413,0.9,9,10,True,True
NonOverlappingTemplate,NonOverlappingTemplate,False,0.017912,0.8,8,10,True,False,True,0.739918,0.9,9,10,True,True
NonOverlappingTemplate,NonOverlappingTemplate,False,0.017912,0.8,8,10,True,False,True,0.213309,0.9,9,10,True,True
NonOverlappingTemplate,NonOverlappingTemplate,False,0.017912,0.8,8,10,True,False,True,0.213309,0.9,9,10,True,True
NonOverlappingTemplate,NonOverlappingTemplate,False,0.017912,0.8,8,10,True,False,False,0.350485,0.7,7,10,True,False
NonOverlappingTemplate,NonOverlappingTemplate,False,0.017912,0.8,8,10,True,False,True,0.991468,0.9,9,10,True,True
NonOverlappingTemplate,NonOverlappingTemplate,False,0.017912,0.8,8,10,True,False,True,0.739918,0.9,9,10,True,True
NonOverlappingTemplate,NonOverlappingTemplate,False,0.017912,0.8,8,10,True,False,False,0.534146,0.8,8,10,True,False
NonOverlappingTemplate,NonOverlappingTemplate,False,0.017912,0.8,8,10,True,False,True,0.739918,0.9,9,10,True,True
NonOverlappingTemplate,NonOverlappingTemplate,False,0.017912,0.8,8,10,True,False,True,0.534146,0.9,9,10,True,True
NonOverlappingTemplate,NonOverlappingTemplate,False,0.017912,0.8,8,10,True,False,True,0.350485,0.9,9,10,True,True
NonOverlappingTemplate,NonOverlappingTemplate,False,0.017912,0.8,8,10,True,False,True,0.534146,0.9,9,10,True,True
NonOverlappingTemplate,NonOverlappingTemplate,False,0.017912,0.8,8,10,True,False,True,0.534146,0.9,9,10,True,True
NonOverlappingTemplate,NonOverlappingTemplate,False,0.017912,0.8,8,10,True,False,True,0.739918,0.9,9,10,True,True
NonOverlappingTemplate,NonOverlappingTemplate,False,0.017912,0.8,8,10,True,False,True,0.739918,0.9,9,10,True,True
NonOverlappingTemplate,NonOverlappingTemplate,False,0.017912,0.8,8,10,True,False,True,0.350485,0.9,9,10,True,True
NonOverlappingTemplate,NonOverlappingTemplate,False,0.017912,0.8,8,10,True,False,True,0.534146,0.9,9,10,True,True
NonOverlappingTemplate,NonOverlappingTemplate,False,0.017912,0.8,8,10,True,False,True,0.213309,0.9,9,10,True,True
NonOverlappingTemplate,NonOverlappingTemplate,False,0.017912,0.8,8,10,True,False,True,0.534146,0.9,9,10,True,True
NonOverlappingTemplate,NonOverlappingTemplate,False,0.017912,0.8,8,10,True,False,True,0.213309,0.9,9,10,True,True
NonOverlappingTemplate,NonOverlappingTemplate,False,0.017912,0.8,8,10,True,False,True,0.350485,0.9,9,10,True,True
NonOverlappingTemplate,NonOverlappingTemplate,False,0.017912,0.8,8,10,True,False,True,0.350485,0.9,9,10,True,True
NonOverlappingTemplate,NonOverlappingTemplate,False,0.017912,0.8,8,10,True,False,True,0.350485,0.9,9,10,True,True
NonOverlappingTemplate,NonOverlappingTemplate,False,0.017912,0.8,8,10,True,False,True,0.122325,0.9,9,10,True,True
NonOverlappingTemplate,NonOverlappingTemplate,False,0.017912,0.8,8,10,True,False,True,0.534146,0.9,9,10,True,True
NonOverlappingTemplate,NonOverlappingTemplate,False,0.017912,0.8,8,10,True,False,True,0.739918,0.9,9,10,True,True
NonOverlappingTemplate,NonOverlappingTemplate,False,0.017912,0.8,8,10,True,False,True,0.213309,0.9,9,10,True,True
NonOverlappingTemplate,NonOverlappingTemplate,False,0.017912,0.8,8,10,True,False,False,0.534146,0.8,8,10,True,False
NonOverlappingTemplate,NonOverlappingTemplate,False,0.017912,0.8,8,10,True,False,True,0.122325,0.9,9,10,True,True
NonOverlappingTemplate,NonOverlappingTemplate,False,0.017912,0.8,8,10,True,False,True,0.350485,0.9,9,10,True,True
NonOverlappingTemplate,NonOverlappingTemplate,False,0.017912,0.8,8,10,True,False,True,0.534146,0.9,9,10,True,True
NonOverlappingTemplate,NonOverlappingTemplate,False,0.017912,0.8,8,10,True,False,True,0.911413,0.9,9,10,True,True
NonOverlappingTemplate,NonOverlappingTemplate,False,0.017912,0.8,8,10,True,False,True,0.739918,0.9,9,10,True,True
NonOverlappingTemplate,NonOverlappingTemplate,False,0.017912,0.8,8,10,True,False,True,0.739918,0.9,9,10,True,True
NonOverlappingTemplate,NonOverlappingTemplate,False,0.017912,0.8,8,10,True,False,True,0.534146,0.9,9,10,True,True
NonOverlappingTemplate,NonOverlappingTemplate,False,0.017912,0.8,8,10,True,False,True,0.350485,0.9,9,10,True,True
NonOverlappingTemplate,NonOverlappingTemplate,False,0.017912,0.8,8,10,True,False,True,0.739918,0.9,9,10,True,True
NonOverlappingTemplate,NonOverlappingTemplate,False,0.017912,0.8,8,10,True,False,True,0.122325,0.9,9,10,True,True
NonOverlappingTemplate,NonOverlappingTemplate,False,0.017912,0.8,8,10,True,False,True,0.350485,0.9,9,10,True,True
NonOverlappingTemplate,NonOverlappingTemplate,False,0.017912,0.8,8,10,True,False,True,0.739918,0.9,9,10,True,True
NonOverlappingTemplate,NonOverlappingTemplate,False,0.017912,0.8,8,10,True,False,True,0.350485,0.9,9,10,True,True
NonOverlappingTemplate,NonOverlappingTemplate,False,0.017912,0.8,8,10,True,False,False,0.122325,0.8,8,10,True,False
NonOverlappingTemplate,NonOverlappingTemplate,False,0.017912,0.8,8,10,True,False,False,0.534146,0.8,8,10,True,False
NonOverlappingTemplate,NonOverlappingTemplate,False,0.017912,0.8,8,10,True,False,True,0.739918,0.9,9,10,True,True
NonOverlappingTemplate,NonOverlappingTemplate,False,0.017912,0.8,8,10,True,False,True,0.534146,0.9,9,10,True,True
NonOverlappingTemplate,NonOverlappingTemplate,False,0.017912,0.8,8,10,True,False,True,0.739918,0.9,9,10,True,True
NonOverlappingTemplate,NonOverlappingTemplate,False,0.017912,0.8,8,10,True,False,False,0.122325,0.8,8,10,True,False
NonOverlappingTemplate,NonOverlappingTemplate,False,0.017912,0.8,8,10,True,False,True,0.213309,0.9,9,10,True,True
NonOverlappingTemplate,NonOverlappingTemplate,False,0.017912,0.8,8,10,True,False,True,0.911413,0.9,9,10,True,True
NonOverlappingTemplate,NonOverlappingTemplate,False,0.017912,0.8,8,10,True,False,True,0.739918,0.9,9,10,True,True
NonOverlappingTemplate,NonOverlappingTemplate,False,0.017912,0.8,8,10,True,False,True,0.350485,0.9,9,10,True,True
NonOverlappingTemplate,NonOverlappingTemplate,False,0.017912,0.8,8,10,True,False,True,0.350485,0.9,9,10,True,True
NonOverlappingTemplate,NonOverlappingTemplate,False,0.017912,0.8,8,10,True,False,True,0.534146,0.9,9,10,True,True
NonOverlappingTemplate,NonOverlappingTemplate,False,0.017912,0.8,8,10,True,False,True,0.739918,0.9,9,10,True,True
NonOverlappingTemplate,NonOverlappingTemplate,False,0.017912,0.8,8,10,True,False,True,0.534146,0.9,9,10,True,True
NonOverlappingTemplate,NonOverlappingTemplate,False,0.017912,0.8,8,10,True,False,True,0.991468,0.9,9,10,True,True
NonOverlappingTemplate,NonOverlappingTemplate,False,0.017912,0.8,8,10,True,False,True,0.350485,0.9,9,10,True,True
NonOverlappingTemplate,NonOverlappingTemplate,False,0.017912,0.8,8,10,True,False,True,0.911413,0.9,9,10,True,True
NonOverlappingTemplate,NonOverlappingTemplate,False,0.017912,0.8,8,10,True,False,True,0.350485,0.9,9,10,True,True
NonOverlappingTemplate,NonOverlappingTemplate,False,0.017912,0.8,8,10,True,False,True,0.534146,0.9,9,10,True,True
NonOverlappingTemplate,NonOverlappingTemplate,False,0.017912,0.8,8,10,True,False,True,0.534146,0.9,9,10,True,True
NonOverlappingTemplate,NonOverlappingTemplate,False,0.017912,0.8,8,10,True,False,True,0.350485,0.9,9,10,True,True
NonOverlappingTemplate,NonOverlappingTemplate,False,0.017912,0.8,8,10,True,False,True,0.534146,0.9,9,10,True,True
NonOverlappingTemplate,NonOverlappingTemplate,False,0.017912,0.8,8,10,True,False,True,0.739918,0.9,9,10,True,True
NonOverlappingTemplate,NonOverlappingTemplate,False,0.017912,0.8,8,10,True,False,False,0.911413,0.8,8,10,True,False
NonOverlappingTemplate,NonOverlappingTemplate,False,0.017912,0.8,8,10,True,False,True,0.534146,0.9,9,10,True,True
NonOverlappingTemplate,NonOverlappingTemplate,False,0.017912,0.8,8,10,True,False,True,0.534146,0.9,9,10,True,True
NonOverlappingTemplate,NonOverlappingTemplate,False,0.017912,0.8,8,10,True,False,True,0.122325,0.9,9,10,True,True
NonOverlappingTemplate,NonOverlappingTemplate,False,0.017912,0.8,8,10,True,False,True,0.350485,0.9,9,10,True,True
NonOverlappingTemplate,NonOverlappingTemplate,False,0.017912,0.8,8,10,True,False,True,0.534146,0.9,9,10,True,True
NonOverlappingTemplate,NonOverlappingTemplate,False,0.017912,0.8,8,10,True,False,True,0.122325,0.9,9,10,True,True
NonOverlappingTemplate,NonOverlappingTemplate,False,0.017912,0.8,8,10,True,False,True,0.534146,0.9,9,10,True,True
NonOverlappingTemplate,NonOverlappingTemplate,False,0.017912,0.8,8,10,True,False,True,0.739918,0.9,9,10,True,True
NonOverlappingTemplate,NonOverlappingTemplate,False,0.017912,0.8,8,10,True,False,False,0.350485,0.8,8,10,True,False
NonOverlappingTemplate,NonOverlappingTemplate,False,0.017912,0.8,8,10,True,False,True,0.534146,0.9,9,10,True,True
NonOverlappingTemplate,NonOverlappingTemplate,False,0.017912,0.8,8,10,True,False,True,0.739918,0.9,9,10,True,True
NonOverlappingTemplate,NonOverlappingTemplate,False,0.017912,0.8,8,10,True,False,True,0.534146,0.9,9,10,True,True
NonOverlappingTemplate,NonOverlappingTemplate,False,0.017912,0.8,8,10,True,False,True,0.534146,0.9,9,10,True,True
NonOverlappingTemplate,NonOverlappingTemplate,False,0.017912,0.8,8,10,True,False,True,0.213309,0.9,9,10,True,True
NonOverlappingTemplate,NonOverlappingTemplate,False,0.017912,0.8,8,10,True,False,True,0.534146,0.9,9,10,True,True
NonOverlappingTemplate,NonOverlappingTemplate,False,0.017912,0.8,8,10,True,False,True,0.739918,0.9,9,10,True,True
NonOverlappingTemplate,NonOverlappingTemplate,False,0.017912,0.8,8,10,True,False,True,0.991468,0.9,9,10,True,True
NonOverlappingTemplate,NonOverlappingTemplate,False,0.017912,0.8,8,10,True,False,True,0.739918,0.9,9,10,True,True
NonOverlappingTemplate,NonOverlappingTemplate,False,0.017912,0.8,8,10,True,False,True,0.534146,0.9,9,10,True,True
NonOverlappingTemplate,NonOverlappingTemplate,True,0.534146,0.9,9,10,True,True,False,0.534146,0.8,8,10,True,False
NonOverlappingTemplate,NonOverlappingTemplate,True,0.534146,0.9,9,10,True,True,False,0.534146,0.8,8,10,True,False
NonOverlappingTemplate,NonOverlappingTemplate,True,0.534146,0.9,9,10,True,True,False,0.035174,0.8,8,10,True,False
NonOverlappingTemplate,NonOverlappingTemplate,True,0.534146,0.9,9,10,True,True,False,0.350485,0.8,8,10,True,False
NonOverlappingTemplate,NonOverlappingTemplate,True,0.534146,0.9,9,10,True,True,False,0.350485,0.8,8,10,True,False
NonOverlappingTemplate,NonOverlappingTemplate,True,0.534146,0.9,9,10,True,True,False,0.350485,0.7,7,10,True,False
NonOverlappingTemplate,NonOverlappingTemplate,True,0.534146,0.9,9,10,True,True,False,0.911413,0.8,8,10,True,False
NonOverlappingTemplate,NonOverlappingTemplate,True,0.534146,0.9,9,10,True,True,False,0.350485,0.7,7,10,True,False
NonOverlappingTemplate,NonOverlappingTemplate,True,0.534146,0.9,9,10,True,True,False,0.534146,0.8,8,10,True,False
NonOverlappingTemplate,NonOverlappingTemplate,True,0.534146,0.9,9,10,True,True,False,0.534146,0.8,8,10,True,False
NonOverlappingTemplate,NonOverlappingTemplate,True,0.534146,0.9,9,10,True,True,False,0.122325,0.8,8,10,True,False
NonOverlappingTemplate,NonOverlappingTemplate,True,0.534146,0.9,9,10,True,True,False,0.534146,0.8,8,10,True,False
NonOverlappingTemplate,NonOverlappingTemplate,True,0.534146,0.9,9,10,True,True,False,0.122325,0.8,8,10,True,False
NonOverlappingTemplate,NonOverlappingTemplate,True,0.534146,0.9,9,10,True,True,False,0.911413,0.8,8,10,True,False
NonOverlappingTemplate,NonOverlappingTemplate,True,0.534146,0.9,9,10,True,True,False,0.350485,0.8,8,10,True,False
NonOverlappingTemplate,NonOverlappingTemplate,True,0.534146,0.9,9,10,True,True,False,0.534146,0.8,8,10,True,False
NonOverlappingTemplate,NonOverlappingTemplate,True,0.534146,0.9,9,10,True,True,False,0.534146,0.8,8,10,True,False
NonOverlappingTemplate,NonOverlappingTemplate,True,0.534146,0.9,9,10,True,True,False,0.035174,0.8,8,10,True,False
NonOverlappingTemplate,NonOverlappingTemplate,True,0.534146,0.9,9,10,True,True,False,0.350485,0.8,8,10,True,False
NonOverlappingTemplate,NonOverlappingTemplate,True,0.534146,0.9,9,10,True,True,False,0.350485,0.8,8,10,True,False
NonOverlappingTemplate,NonOverlappingTemplate,True,0.534146,0.9,9,10,True,True,False,0.350485,0.7,7,10,True,False
NonOverlappingTemplate,NonOverlappingTemplate,True,0.534146,0.9,9,10,True,True,False,0.911413,0.8,8,10,True,False
NonOverlappingTemplate,NonOverlappingTemplate,True,0.534146,0.9,9,10,True,True,False,0.350485,0.7,7,10,True,False
NonOverlappingTemplate,NonOverlappingTemplate,True,0.534146,0.9,9,10,True,True,False,0.534146,0.8,8,10,True,False
NonOverlappingTemplate,NonOverlappingTemplate,True,0.534146,0.9,9,10,True,True,False,0.534146,0.8,8,10,True,False
NonOverlappingTemplate,NonOverlappingTemplate,True,0.534146,0.9,9,10,True,True,False,0.122325,0.8,8,10,True,False
NonOverlappingTemplate,NonOverlappingTemplate,True,0.534146,0.9,9,10,True,True,False,0.534146,0.8,8,10,True,False
NonOverlappingTemplate,NonOverlappingTemplate,True,0.534146,0.9,9,10,True,True,False,0.122325,0.8,8,10,True,False
NonOverlappingTemplate,NonOverlappingTemplate,True,0.534146,0.9,9,10,True,True,False,0.911413,0.8,8,10,True,False
NonOverlappingTemplate,NonOverlappingTemplate,True,0.534146,0.9,9,10,True,True,False,0.350485,0.8,8,10,True,False
NonOverlappingTemplate,NonOverlappingTemplate,True,0.534146,0.9,9,10,True,True,False,0.534146,0.8,8,10,True,False
NonOverlappingTemplate,NonOverlappingTemplate,True,0.534146,0.9,9,10,True,True,False,0.534146,0.8,8,10,True,False
NonOverlappingTemplate,NonOverlappingTemplate,True,0.534146,0.9,9,10,True,True,False,0.035174,0.8,8,10,True,False
NonOverlappingTemplate,NonOverlappingTemplate,True,0.534146,0.9,9,10,True,True,False,0.350485,0.8,8,10,True,False
NonOverlappingTemplate,NonOverlappingTemplate,True,0.534146,0.9,9,10,True,True,False,0.350485,0.8,8,10,True,False
NonOverlappingTemplate,NonOverlappingTemplate,True,0.534146,0.9,9,10,True,True,False,0.350485,0.7,7,10,True,False
NonOverlappingTemplate,NonOverlappingTemplate,True,0.534146,0.9,9,10,True,True,False,0.911413,0.8,8,10,True,False
NonOverlappingTemplate,NonOverlappingTemplate,True,0.534146,0.9,9,10,True,True,False,0.350485,0.7,7,10,True,False
NonOverlappingTemplate,NonOverlappingTemplate,True,0.534146,0.9,9,10,True,True,False,0.534146,0.8,8,10,True,False
NonOverlappingTemplate,NonOverlappingTemplate,True,0.534146,0.9,9,10,True,True,False,0.534146,0.8,8,10,True,False
NonOverlappingTemplate,NonOverlappingTemplate,True,0.534146,0.9,9,10,True,True,False,0.122325,0.8,8,10,True,False
NonOverlappingTemplate,NonOverlappingTemplate,True,0.534146,0.9,9,10,True,True,False,0.534146,0.8,8,10,True,False
NonOverlappingTemplate,NonOverlappingTemplate,True,0.534146,0.9,9,10,True,True,False,0.122325,0.8,8,10,True,False
NonOverlappingTemplate,NonOverlappingTemplate,True,0.534146,0.9,9,10,True,True,False,0.911413,0.8,8,10,True,False
NonOverlappingTemplate,NonOverlappingTemplate,True,0.534146,0.9,9,10,True,True,False,0.350485,0.8,8,10,True,False
NonOverlappingTemplate,NonOverlappingTemplate,True,0.911413,0.9,9,10,True,True,False,0.534146,0.8,8,10,True,False
NonOverlappingTemplate,NonOverlappingTemplate,True,0.911413,0.9,9,10,True,True,False,0.534146,0.8,8,10,True,False
NonOverlappingTemplate,NonOverlappingTemplate,True,0.911413,0.9,9,10,True,True,False,0.035174,0.8,8,10,True,False
NonOverlappingTemplate,NonOverlappingTemplate,True,0.911413,0.9,9,10,True,True,False,0.350485,0.8,8,10,True,False
NonOverlappingTemplate,NonOverlappingTemplate,True,0.911413,0.9,9,10,True,True,False,0.350485,0.8,8,10,True,False
NonOverlappingTemplate,NonOverlappingTemplate,True,0.911413,0.9,9,10,True,True,False,0.350485,0.7,7,10,True,False
NonOverlappingTemplate,NonOverlappingTemplate,True,0.911413,0.9,9,10,True,True,False,0.911413,0.8,8,10,True,False
NonOverlappingTemplate,NonOverlappingTemplate,True,0.911413,0.9,9,10,True,True,False,0.350485,0.7,7,10,True,False
NonOverlappingTemplate,NonOverlappingTemplate,True,0.911413,0.9,9,10,True,True,False,0.534146,0.8,8,10,True,False
NonOverlappingTemplate,NonOverlappingTemplate,True,0.911413,0.9,9,10,True,True,False,0.534146,0.8,8,10,True,False
NonOverlappingTemplate,NonOverlappingTemplate,True,0.911413,0.9,9,10,True,True,False,0.122325,0.8,8,10,True,False
NonOverlappingTemplate,NonOverlappingTemplate,True,0.911413,0.9,9,10,True,True,False,0.534146,0.8,8,10,True,False
NonOverlappingTemplate,NonOverlappingTemplate,True,0.911413,0.9,9,10,True,True,False,0.122325,0.8,8,10,True,False
NonOverlappingTemplate,NonOverlappingTemplate,True,0.911413,0.9,9,10,True,True,False,0.911413,0.8,8,10,True,False
NonOverlappingTemplate,NonOverlappingTemplate,True,0.911413,0.9,9,10,True,True,False,0.350485,0.8,8,10,True,False
NonOverlappingTemplate,NonOverlappingTemplate,True,0.122325,0.9,9,10,True,True,False,0.534146,0.8,8,10,True,False
NonOverlappingTemplate,NonOverlappingTemplate,True,0.122325,0.9,9,10,True,True,False,0.534146,0.8,8,10,True,False
NonOverlappingTemplate,NonOverlappingTemplate,True,0.122325,0.9,9,10,True,True,False,0.035174,0.8,8,10,True,False
NonOverlappingTemplate,NonOverlappingTemplate,True,0.122325,0.9,9,10,True,True,False,0.350485,0.8,8,10,True,False
NonOverlappingTemplate,NonOverlappingTemplate,True,0.122325,0.9,9,10,True,True,False,0.350485,0.8,8,10,True,False
NonOverlappingTemplate,NonOverlappingTemplate,True,0.122325,0.9,9,10,True,True,False,0.350485,0.7,7,10,True,False
NonOverlappingTemplate,NonOverlappingTemplate,True,0.122325,0.9,9,10,True,True,False,0.911413,0.8,8,10,True,False
NonOverlappingTemplate,NonOverlappingTemplate,True,0.122325,0.9,9,10,True,True,False,0.350485,0.7,7,10,True,False
NonOverlappingTemplate,NonOverlappingTemplate,True,0.122325,0.9,9,10,True,True,False,0.534146,0.8,8,10,True,False
NonOverlappingTemplate,NonOverlappingTemplate,True,0.122325,0.9,9,10,True,True,False,0.534146,0.8,8,10,True,False
NonOverlappingTemplate,NonOverlappingTemplate,True,0.122325,0.9,9,10,True,True,False,0.122325,0.8,8,10,True,False
NonOverlappingTemplate,NonOverlappingTemplate,True,0.122325,0.9,9,10,True,True,False,0.534146,0.8,8,10,True,False
NonOverlappingTemplate,NonOverlappingTemplate,True,0.122325,0.9,9,10,True,True,False,0.122325,0.8,8,10,True,False
NonOverlappingTemplate,NonOverlappingTemplate,True,0.122325,0.9,9,10,True,True,False,0.911413,0.8,8,10,True,False
NonOverlappingTemplate,NonOverlappingTemplate,True,0.122325,0.9,9,10,True,True,False,0.350485,0.8,8,10,True,False
NonOverlappingTemplate,NonOverlappingTemplate,True,0.350485,0.9,9,10,True,True,False,0.534146,0.8,8,10,True,False
NonOverlappingTemplate,NonOverlappingTemplate,True,0.350485,0.9,9,10,True,True,False,0.534146,0.8,8,10,True,False
NonOverlappingTemplate,NonOverlappingTemplate,True,0.350485,0.9,9,10,True,True,False,0.035174,0.8,8,10,True,False
NonOverlappingTemplate,NonOverlappingTemplate,True,0.350485,0.9,9,10,True,True,False,0.350485,0.8,8,10,True,False
NonOverlappingTemplate,NonOverlappingTemplate,True,0.350485,0.9,9,10,True,True,False,0.350485,0.8,8,10,True,False
NonOverlappingTemplate,NonOverlappingTemplate,True,0.350485,0.9,9,10,True,True,False,0.350485,0.7,7,10,True,False
NonOverlappingTemplate,NonOverlappingTemplate,True,0.350485,0.9,9,10,True,True,False,0.911413,0.8,8,10,True,False
NonOverlappingTemplate,NonOverlappingTemplate,True,0.350485,0.9,9,10,True,True,False,0.350485,0.7,7,10,True,False
NonOverlappingTemplate,NonOverlappingTemplate,True,0.350485,0.9,9,10,True,True,False,0.534146,0.8,8,10,True,False
NonOverlappingTemplate,NonOverlappingTemplate,True,0.350485,0.9,9,10,True,True,False,0.534146,0.8,8,10,True,False
NonOverlappingTemplate,NonOverlappingTemplate,True,0.350485,0.9,9,10,True,True,False,0.122325,0.8,8,10,True,False
NonOverlappingTemplate,NonOverlappingTemplate,True,0.350485,0.9,9,10,True,True,False,0.534146,0.8,8,10,True,False
NonOverlappingTemplate,NonOverlappingTemplate,True,0.350485,0.9,9,10,True,True,False,0.122325,0.8,8,10,True,False
NonOverlappingTemplate,NonOverlappingTemplate,True,0.350485,0.9,9,10,True,True,False,0.911413,0.8,8,10,True,False
NonOverlappingTemplate,NonOverlappingTemplate,True,0.350485,0.9,9,10,True,True,False,0.350485,0.8,8,10,True,False
NonOverlappingTemplate,NonOverlappingTemplate,True,0.534146,0.9,9,10,True,True,False,0.534146,0.8,8,10,True,False
NonOverlappingTemplate,NonOverlappingTemplate,True,0.534146,0.9,9,10,True,True,False,0.534146,0.8,8,10,True,False
NonOverlappingTemplate,NonOverlappingTemplate,True,0.534146,0.9,9,10,True,True,False,0.035174,0.8,8,10,True,False
NonOverlappingTemplate,NonOverlappingTemplate,True,0.534146,0.9,9,10,True,True,False,0.350485,0.8,8,10,True,False
NonOverlappingTemplate,NonOverlappingTemplate,True,0.534146,0.9,9,10,True,True,False,0.350485,0.8,8,10,True,False
NonOverlappingTemplate,NonOverlappingTemplate,True,0.534146,0.9,9,10,True,True,False,0.350485,0.7,7,10,True,False
NonOverlappingTemplate,NonOverlappingTemplate,True,0.534146,0.9,9,10,True,True,False,0.911413,0.8,8,10,True,False
NonOverlappingTemplate,NonOverlappingTemplate,True,0.534146,0.9,9,10,True,True,False,0.350485,0.7,7,10,True,False
NonOverlappingTemplate,NonOverlappingTemplate,True,0.534146,0.9,9,10,True,True,False,0.534146,0.8,8,10,True,False
NonOverlappingTemplate,NonOverlappingTemplate,True,0.534146,0.9,9,10,True,True,False,0.534146,0.8,8,10,True,False
NonOverlappingTemplate,NonOverlappingTemplate,True,0.534146,0.9,9,10,True,True,False,0.122325,0.8,8,10,True,False
NonOverlappingTemplate,NonOverlappingTemplate,True,0.534146,0.9,9,10,True,True,False,0.534146,0.8,8,10,True,False
NonOverlappingTemplate,NonOverlappingTemplate,True,0.534146,0.9,9,10,True,True,False,0.122325,0.8,8,10,True,False
NonOverlappingTemplate,NonOverlappingTemplate,True,0.534146,0.9,9,10,True,True,False,0.911413,0.8,8,10,True,False
NonOverlappingTemplate,NonOverlappingTemplate,True,0.534146,0.9,9,10,True,True,False,0.350485,0.8,8,10,True,False
NonOverlappingTemplate,NonOverlappingTemplate,True,0.122325,0.9,9,10,True,True,False,0.534146,0.8,8,10,True,False
NonOverlappingTemplate,NonOverlappingTemplate,True,0.122325,0.9,9,10,True,True,False,0.534146,0.8,8,10,True,False
NonOverlappingTemplate,NonOverlappingTemplate,True,0.122325,0.9,9,10,True,True,False,0.035174,0.8,8,10,True,False
NonOverlappingTemplate,NonOverlappingTemplate,True,0.122325,0.9,9,10,True,True,False,0.350485,0.8,8,10,True,False
NonOverlappingTemplate,NonOverlappingTemplate,True,0.122325,0.9,9,10,True,True,False,0.350485,0.8,8,10,True,False
NonOverlappingTemplate,NonOverlappingTemplate,True,0.122325,0.9,9,10,True,True,False,0.350485,0.7,7,10,True,False
NonOverlappingTemplate,NonOverlappingTemplate,True,0.122325,0.9,9,10,True,True,False,0.911413,0.8,8,10,True,False
NonOverlappingTemplate,NonOverlappingTemplate,True,0.122325,0.9,9,10,True,True,False,0.350485,0.7,7,10,True,False
NonOverlappingTemplate,NonOverlappingTemplate,True,0.122325,0.9,9,10,True,True,False,0.534146,0.8,8,10,True,False
NonOverlappingTemplate,NonOverlappingTemplate,True,0.122325,0.9,9,10,True,True,False,0.534146,0.8,8,10,True,False
NonOverlappingTemplate,NonOverlappingTemplate,True,0.122325,0.9,9,10,True,True,False,0.122325,0.8,8,10,True,False
NonOverlappingTemplate,NonOverlappingTemplate,True,0.122325,0.9,9,10,True,True,False,0.534146,0.8,8,10,True,False
NonOverlappingTemplate,NonOverlappingTemplate,True,0.122325,0.9,9,10,True,True,False,0.122325,0.8,8,10,True,False
NonOverlappingTemplate,NonOverlappingTemplate,True,0.122325,0.9,9,10,True,True,False,0.911413,0.8,8,10,True,False
NonOverlappingTemplate,NonOverlappingTemplate,True,0.122325,0.9,9,10,True,True,False,0.350485,0.8,8,10,True,False
NonOverlappingTemplate,NonOverlappingTemplate,True,0.534146,0.9,9,10,True,True,False,0.534146,0.8,8,10,True,False
NonOverlappingTemplate,NonOverlappingTemplate,True,0.534146,0.9,9,10,True,True,False,0.534146,0.8,8,10,True,False
NonOverlappingTemplate,NonOverlappingTemplate,True,0.534146,0.9,9,10,True,True,False,0.035174,0.8,8,10,True,False
NonOverlappingTemplate,NonOverlappingTemplate,True,0.534146,0.9,9,10,True,True,False,0.350485,0.8,8,10,True,False
NonOverlappingTemplate,NonOverlappingTemplate,True,0.534146,0.9,9,10,True,True,False,0.350485,0.8,8,10,True,False
NonOverlappingTemplate,NonOverlappingTemplate,True,0.534146,0.9,9,10,True,True,False,0.350485,0.7,7,10,True,False
NonOverlappingTemplate,NonOverlappingTemplate,True,0.534146,0.9,9,10,True,True,False,0.911413,0.8,8,10,True,False
NonOverlappingTemplate,NonOverlappingTemplate,True,0.534146,0.9,9,10,True,True,False,0.350485,0.7,7,10,True,False
NonOverlappingTemplate,NonOverlappingTemplate,True,0.534146,0.9,9,10,True,True,False,0.534146,0.8,8,10,True,False
NonOverlappingTemplate,NonOverlappingTemplate,True,0.534146,0.9,9,10,True,True,False,0.534146,0.8,8,10,True,False
NonOverlappingTemplate,NonOverlappingTemplate,True,0.534146,0.9,9,10,True,True,False,0.122325,0.8,8,10,True,False
NonOverlappingTemplate,NonOverlappingTemplate,True,0.534146,0.9,9,10,True,True,False,0.534146,0.8,8,10,True,False
NonOverlappingTemplate,NonOverlappingTemplate,True,0.534146,0.9,9,10,True,True,False,0.122325,0.8,8,10,True,False
NonOverlappingTemplate,NonOverlappingTemplate,True,0.534146,0.9,9,10,True,True,False,0.911413,0.8,8,10,True,False
NonOverlappingTemplate,NonOverlappingTemplate,True,0.534146,0.9,9,10,True,True,False,0.350485,0.8,8,10,True,False
NonOverlappingTemplate,NonOverlappingTemplate,True,0.035174,0.9,9,10,True,True,False,0.534146,0.8,8,10,True,False
NonOverlappingTemplate,NonOverlappingTemplate,True,0.035174,0.9,9,10,True,True,False,0.534146,0.8,8,10,True,False
NonOverlappingTemplate,NonOverlappingTemplate,True,0.035174,0.9,9,10,True,True,False,0.035174,0.8,8,10,True,False
NonOverlappingTemplate,NonOverlappingTemplate,True,0.035174,0.9,9,10,True,True,False,0.350485,0.8,8,10,True,False
NonOverlappingTemplate,NonOverlappingTemplate,True,0.035174,0.9,9,10,True,True,False,0.350485,0.8,8,10,True,False
NonOverlappingTemplate,NonOverlappingTemplate,True,0.035174,0.9,9,10,True,True,False,0.350485,0.7,7,10,True,False
NonOverlappingTemplate,NonOverlappingTemplate,True,0.035174,0.9,9,10,True,True,False,0.911413,0.8,8,10,True,False
NonOverlappingTemplate,NonOverlappingTemplate,True,0.035174,0.9,9,10,True,True,False,0.350485,0.7,7,10,True,False
NonOverlappingTemplate,NonOverlappingTemplate,True,0.035174,0.9,9,10,True,True,False,0.534146,0.8,8,10,True,False
NonOverlappingTemplate,NonOverlappingTemplate,True,0.035174,0.9,9,10,True,True,False,0.534146,0.8,8,10,True,False
NonOverlappingTemplate,NonOverlappingTemplate,True,0.035174,0.9,9,10,True,True,False,0.122325,0.8,8,10,True,False
NonOverlappingTemplate,NonOverlappingTemplate,True,0.035174,0.9,9,10,True,True,False,0.534146,0.8,8,10,True,False
NonOverlappingTemplate,NonOverlappingTemplate,True,0.035174,0.9,9,10,True,True,False,0.122325,0.8,8,10,True,False
NonOverlappingTemplate,NonOverlappingTemplate,True,0.035174,0.9,9,10,True,True,False,0.911413,0.8,8,10,True,False
NonOverlappingTemplate,NonOverlappingTemplate,True,0.035174,0.9,9,10,True,True,False,0.350485,0.8,8,10,True,False
NonOverlappingTemplate,NonOverlappingTemplate,True,0.911413,0.9,9,10,True,True,False,0.534146,0.8,8,10,True,False
NonOverlappingTemplate,NonOverlappingTemplate,True,0.911413,0.9,9,10,True,True,False,0.534146,0.8,8,10,True,False
NonOverlappingTemplate,NonOverlappingTemplate,True,0.911413,0.9,9,10,True,True,False,0.035174,0.8,8,10,True,False
NonOverlappingTemplate,NonOverlappingTemplate,True,0.911413,0.9,9,10,True,True,False,0.350485,0.8,8,10,True,False
NonOverlappingTemplate,NonOverlappingTemplate,True,0.911413,0.9,9,10,True,True,False,0.350485,0.8,8,10,True,False
NonOverlappingTemplate,NonOverlappingTemplate,True,0.911413,0.9,9,10,True,True,False,0.350485,0.7,7,10,True,False
NonOverlappingTemplate,NonOverlappingTemplate,True,0.911413,0.9,9,10,True,True,False,0.911413,0.8,8,10,True,False
NonOverlappingTemplate,NonOverlappingTemplate,True,0.911413,0.9,9,10,True,True,False,0.350485,0.7,7,10,True,False
NonOverlappingTemplate,NonOverlappingTemplate,True,0.911413,0.9,9,10,True,True,False,0.534146,0.8,8,10,True,False
NonOverlappingTemplate,NonOverlappingTemplate,True,0.911413,0.9,9,10,True,True,False,0.534146,0.8,8,10,True,False
NonOverlappingTemplate,NonOverlappingTemplate,True,0.911413,0.9,9,10,True,True,False,0.122325,0.8,8,10,True,False
NonOverlappingTemplate,NonOverlappingTemplate,True,0.911413,0.9,9,10,True,True,False,0.534146,0.8,8,10,True,False
NonOverlappingTemplate,NonOverlappingTemplate,True,0.911413,0.9,9,10,True,True,False,0.122325,0.8,8,10,True,False
NonOverlappingTemplate,NonOverlappingTemplate,True,0.911413,0.9,9,10,True,True,False,0.911413,0.8,8,10,True,False
NonOverlappingTemplate,NonOverlappingTemplate,True,0.911413,0.9,9,10,True,True,False,0.350485,0.8,8,10,True,False
NonOverlappingTemplate,NonOverlappingTemplate,True,0.911413,0.9,9,10,True,True,False,0.534146,0.8,8,10,True,False
NonOverlappingTemplate,NonOverlappingTemplate,True,0.911413,0.9,9,10,True,True,False,0.534146,0.8,8,10,True,False
NonOverlappingTemplate,NonOverlappingTemplate,True,0.911413,0.9,9,10,True,True,False,0.035174,0.8,8,10,True,False
NonOverlappingTemplate,NonOverlappingTemplate,True,0.911413,0.9,9,10,True,True,False,0.350485,0.8,8,10,True,False
NonOverlappingTemplate,NonOverlappingTemplate,True,0.911413,0.9,9,10,True,True,False,0.350485,0.8,8,10,True,False
NonOverlappingTemplate,NonOverlappingTemplate,True,0.911413,0.9,9,10,True,True,False,0.350485,0.7,7,10,True,False
NonOverlappingTemplate,NonOverlappingTemplate,True,0.911413,0.9,9,10,True,True,False,0.911413,0.8,8,10,True,False
NonOverlappingTemplate,NonOverlappingTemplate,True,0.911413,0.9,9,10,True,True,False,0.350485,0.7,7,10,True,False
NonOverlappingTemplate,NonOverlappingTemplate,True,0.911413,0.9,9,10,True,True,False,0.534146,0.8,8,10,True,False
NonOverlappingTemplate,NonOverlappingTemplate,True,0.911413,0.9,9,10,True,True,False,0.534146,0.8,8,10,True,False
NonOverlappingTemplate,NonOverlappingTemplate,True,0.911413,0.9,9,10,True,True,False,0.122325,0.8,8,10,True,False
NonOverlappingTemplate,NonOverlappingTemplate,True,0.911413,0.9,9,10,True,True,False,0.534146,0.8,8,10,True,False
NonOverlappingTemplate,NonOverlappingTemplate,True,0.911413,0.9,9,10,True,True,False,0.122325,0.8,8,10,True,False
NonOverlappingTemplate,NonOverlappingTemplate,True,0.911413,0.9,9,10,True,True,False,0.911413,0.8,8,10,True,False
NonOverlappingTemplate,NonOverlappingTemplate,True,0.911413,0.9,9,10,True,True,False,0.350485,0.8,8,10,True,False
NonOverlappingTemplate,NonOverlappingTemplate,True,0.122325,0.9,9,10,True,True,False,0.534146,0.8,8,10,True,False
NonOverlappingTemplate,NonOverlappingTemplate,True,0.122325,0.9,9,10,True,True,False,0.534146,0.8,8,10,True,False
NonOverlappingTemplate,NonOverlappingTemplate,True,0.122325,0.9,9,10,True,True,False,0.035174,0.8,8,10,True,False
NonOverlappingTemplate,NonOverlappingTemplate,True,0.122325,0.9,9,10,True,True,False,0.350485,0.8,8,10,True,False
NonOverlappingTemplate,NonOverlappingTemplate,True,0.122325,0.9,9,10,True,True,False,0.350485,0.8,8,10,True,False
NonOverlappingTemplate,NonOverlappingTemplate,True,0.122325,0.9,9,10,True,True,False,0.350485,0.7,7,10,True,False
NonOverlappingTemplate,NonOverlappingTemplate,True,0.122325,0.9,9,10,True,True,False,0.911413,0.8,8,10,True,False
NonOverlappingTemplate,NonOverlappingTemplate,True,0.122325,0.9,9,10,True,True,False,0.350485,0.7,7,10,True,False
NonOverlappingTemplate,NonOverlappingTemplate,True,0.122325,0.9,9,10,True,True,False,0.534146,0.8,8,10,True,False
NonOverlappingTemplate,NonOverlappingTemplate,True,0.122325,0.9,9,10,True,True,False,0.534146,0.8,8,10,True,False
NonOverlappingTemplate,NonOverlappingTemplate,True,0.122325,0.9,9,10,True,True,False,0.122325,0.8,8,10,True,False
NonOverlappingTemplate,NonOverlappingTemplate,True,0.122325,0.9,9,10,True,True,False,0.534146,0.8,8,10,True,False
NonOverlappingTemplate,NonOverlappingTemplate,True,0.122325,0.9,9,10,True,True,False,0.122325,0.8,8,10,True,False
NonOverlappingTemplate,NonOverlappingTemplate,True,0.122325,0.9,9,10,True,True,False,0.911413,0.8,8,10,True,False
NonOverlappingTemplate,NonOverlappingTemplate,True,0.122325,0.9,9,10,True,True,False,0.350485,0.8,8,10,True,False
NonOverlappingTemplate,NonOverlappingTemplate,False,0.534146,0.8,8,10,True,False,True,0.534146,0.9,9,10,True,True
NonOverlappingTemplate,NonOverlappingTemplate,False,0.534146,0.8,8,10,True,False,True,0.350485,0.9,9,10,True,True
NonOverlappingTemplate,NonOverlappingTemplate,False,0.534146,0.8,8,10,True,False,True,0.534146,0.9,9,10,True,True
NonOverlappingTemplate,NonOverlappingTemplate,False,0.534146,0.8,8,10,True,False,True,0.213309,0.9,9,10,True,True
NonOverlappingTemplate,NonOverlappingTemplate,False,0.534146,0.8,8,10,True,False,True,0.534146,0.9,9,10,True,True
NonOverlappingTemplate,NonOverlappingTemplate,False,0.534146,0.8,8,10,True,False,True,0.739918,0.9,9,10,True,True
NonOverlappingTemplate,NonOverlappingTemplate,False,0.534146,0.8,8,10,True,False,True,0.350485,0.9,9,10,True,True
NonOverlappingTemplate,NonOverlappingTemplate,False,0.534146,0.8,8,10,True,False,True,0.534146,0.9,9,10,True,True
NonOverlappingTemplate,NonOverlappingTemplate,False,0.534146,0.8,8,10,True,False,True,0.350485,0.9,9,10,True,True
NonOverlappingTemplate,NonOverlappingTemplate,False,0.534146,0.8,8,10,True,False,True,0.534146,0.9,9,10,True,True
NonOverlappingTemplate,NonOverlappingTemplate,False,0.534146,0.8,8,10,True,False,True,0.122325,0.9,9,10,True,True
NonOverlappingTemplate,NonOverlappingTemplate,False,0.534146,0.8,8,10,True,False,True,0.122325,0.9,9,10,True,True
NonOverlappingTemplate,NonOverlappingTemplate,False,0.534146,0.8,8,10,True,False,False,0.534146,0.8,8,10,True,False
NonOverlappingTemplate,NonOverlappingTemplate,False,0.534146,0.8,8,10,True,False,True,0.122325,0.9,9,10,True,True
NonOverlappingTemplate,NonOverlappingTemplate,False,0.534146,0.8,8,10,True,False,True,0.350485,0.9,9,10,True,True
NonOverlappingTemplate,NonOverlappingTemplate,False,0.534146,0.8,8,10,True,False,True,0.739918,0.9,9,10,True,True
NonOverlappingTemplate,NonOverlappingTemplate,False,0.534146,0.8,8,10,True,False,True,0.739918,0.9,9,10,True,True
NonOverlappingTemplate,NonOverlappingTemplate,False,0.534146,0.8,8,10,True,False,False,0.534146,0.8,8,10,True,False
NonOverlappingTemplate,NonOverlappingTemplate,False,0.534146,0.8,8,10,True,False,True,0.739918,0.9,9,10,True,True
NonOverlappingTemplate,NonOverlappingTemplate,False,0.534146,0.8,8,10,True,False,True,0.350485,0.9,9,10,True,True
NonOverlappingTemplate,NonOverlappingTemplate,False,0.534146,0.8,8,10,True,False,True,0.739918,0.9,9,10,True,True
NonOverlappingTemplate,NonOverlappingTemplate,False,0.534146,0.8,8,10,True,False,True,0.534146,0.9,9,10,True,True
NonOverlappingTemplate,NonOverlappingTemplate,False,0.534146,0.8,8,10,True,False,False,0.035174,0.8,8,10,True,False
NonOverlappingTemplate,NonOverlappingTemplate,False,0.534146,0.8,8,10,True,False,True,0.739918,0.9,9,10,True,True
NonOverlappingTemplate,NonOverlappingTemplate,False,0.534146,0.8,8,10,True,False,True,0.739918,0.9,9,10,True,True
NonOverlappingTemplate,NonOverlappingTemplate,False,0.534146,0.8,8,10,True,False,True,0.739918,0.9,9,10,True,True
NonOverlappingTemplate,NonOverlappingTemplate,False,0.534146,0.8,8,10,True,False,True,0.534146,0.9,9,10,True,True
NonOverlappingTemplate,NonOverlappingTemplate,False,0.534146,0.8,8,10,True,False,False,0.350485,0.8,8,10,True,False
NonOverlappingTemplate,NonOverlappingTemplate,False,0.534146,0.8,8,10,True,False,True,0.213309,0.9,9,10,True,True
NonOverlappingTemplate,NonOverlappingTemplate,False,0.534146,0.8,8,10,True,False,True,0.534146,0.9,9,10,True,True
NonOverlappingTemplate,NonOverlappingTemplate,False,0.534146,0.8,8,10,True,False,True,0.213309,0.9,9,10,True,True
NonOverlappingTemplate,NonOverlappingTemplate,False,0.534146,0.8,8,10,True,False,True,0.739918,0.9,9,10,True,True
NonOverlappingTemplate,NonOverlappingTemplate,False,0.534146,0.8,8,10,True,False,True,0.739918,0.9,9,10,True,True
NonOverlappingTemplate,NonOverlappingTemplate,False,0.534146,0.8,8,10,True,False,True,0.035174,0.9,9,10,True,True
NonOverlappingTemplate,NonOverlappingTemplate,False,0.534146,0.8,8,10,True,False,False,0.350485,0.8,8,10,True,False
NonOverlappingTemplate,NonOverlappingTemplate,False,0.534146,0.8,8,10,True,False,True,0.534146,0.9,9,10,True,True
NonOverlappingTemplate,NonOverlappingTemplate,False,0.534146,0.8,8,10,True,False,True,0.739918,0.9,9,10,True,True
NonOverlappingTemplate,NonOverlappingTemplate,False,0.534146,0.8,8,10,True,False,True,0.534146,0.9,9,10,True,True
NonOverlappingTemplate,NonOverlappingTemplate,False,0.534146,0.8,8,10,True,False,True,0.213309,0.9,9,10,True,True
NonOverlappingTemplate,NonOverlappingTemplate,False,0.534146,0.8,8,10,True,False,True,0.739918,0.9,9,10,True,True
NonOverlappingTemplate,NonOverlappingTemplate,False,0.534146,0.8,8,10,True,False,True,0.739918,0.9,9,10,True,True
NonOverlappingTemplate,NonOverlappingTemplate,False,0.534146,0.8,8,10,True,False,True,0.534146,0.9,9,10,True,True
NonOverlappingTemplate,NonOverlappingTemplate,False,0.534146,0.8,8,10,True,False,True,0.213309,0.9,9,10,True,True
NonOverlappingTemplate,NonOverlappingTemplate,False,0.534146,0.8,8,10,True,False,True,0.534146,0.9,9,10,True,True
NonOverlappingTemplate,NonOverlappingTemplate,False,0.534146,0.8,8,10,True,False,False,0.350485,0.7,7,10,True,False
NonOverlappingTemplate,NonOverlappingTemplate,False,0.534146,0.8,8,10,True,False,True,0.911413,0.9,9,10,True,True
NonOverlappingTemplate,NonOverlappingTemplate,False,0.534146,0.8,8,10,True,False,True,0.534146,0.9,9,10,True,True
NonOverlappingTemplate,NonOverlappingTemplate,False,0.534146,0.8,8,10,True,False,True,0.350485,0.9,9,10,True,True
NonOverlappingTemplate,NonOverlappingTemplate,False,0.534146,0.8,8,10,True,False,False,0.911413,0.8,8,10,True,False
NonOverlappingTemplate,NonOverlappingTemplate,False,0.534146,0.8,8,10,True,False,True,0.350485,0.9,9,10,True,True
NonOverlappingTemplate,NonOverlappingTemplate,False,0.534146,0.8,8,10,True,False,True,0.066882,0.9,9,10,True,True
NonOverlappingTemplate,NonOverlappingTemplate,False,0.534146,0.8,8,10,True,False,True,0.350485,0.9,9,10,True,True
NonOverlappingTemplate,NonOverlappingTemplate,False,0.534146,0.8,8,10,True,False,True,0.534146,0.9,9,10,True,True
NonOverlappingTemplate,NonOverlappingTemplate,False,0.534146,0.8,8,10,True,False,True,0.350485,0.9,9,10,True,True
NonOverlappingTemplate,NonOverlappingTemplate,False,0.534146,0.8,8,10,True,False,True,0.534146,0.9,9,10,True,True
NonOverlappingTemplate,NonOverlappingTemplate,False,0.534146,0.8,8,10,True,False,True,0.122325,0.9,9,10,True,True
NonOverlappingTemplate,NonOverlappingTemplate,False,0.534146,0.8,8,10,True,False,True,0.534146,0.9,9,10,True,True
NonOverlappingTemplate,NonOverlappingTemplate,False,0.534146,0.8,8,10,True,False,True,0.739918,0.9,9,10,True,True
NonOverlappingTemplate,NonOverlappingTemplate,False,0.534146,0.8,8,10,True,False,True,0.534146,0.9,9,10,True,True
NonOverlappingTemplate,NonOverlappingTemplate,False,0.534146,0.8,8,10,True,False,True,0.739918,0.9,9,10,True,True
NonOverlappingTemplate,NonOverlappingTemplate,False,0.534146,0.8,8,10,True,False,True,0.911413,0.9,9,10,True,True
NonOverlappingTemplate,NonOverlappingTemplate,False,0.534146,0.8,8,10,True,False,True,0.350485,0.9,9,10,True,True
NonOverlappingTemplate,NonOverlappingTemplate,False,0.534146,0.8,8,10,True,False,True,0.066882,0.9,9,10,True,True
NonOverlappingTemplate,NonOverlappingTemplate,False,0.534146,0.8,8,10,True,False,True,0.911413,0.9,9,10,True,True
NonOverlappingTemplate,NonOverlappingTemplate,False,0.534146,0.8,8,10,True,False,True,0.911413,0.9,9,10,True,True
NonOverlappingTemplate,NonOverlappingTemplate,False,0.534146,0.8,8,10,True,False,True,0.739918,0.9,9,10,True,True
NonOverlappingTemplate,NonOverlappingTemplate,False,0.534146,0.8,8,10,True,False,True,0.213309,0.9,9,10,True,True
NonOverlappingTemplate,NonOverlappingTemplate,False,0.534146,0.8,8,10,True,False,True,0.213309,0.9,9,10,True,True
NonOverlappingTemplate,NonOverlappingTemplate,False,0.534146,0.8,8,10,True,False,False,0.350485,0.7,7,10,True,False
NonOverlappingTemplate,NonOverlappingTemplate,False,0.534146,0.8,8,10,True,False,True,0.991468,0.9,9,10,True,True
NonOverlappingTemplate,NonOverlappingTemplate,False,0.534146,0.8,8,10,True,False,True,0.739918,0.9,9,10,True,True
NonOverlappingTemplate,NonOverlappingTemplate,False,0.534146,0.8,8,10,True,False,False,0.534146,0.8,8,10,True,False
NonOverlappingTemplate,NonOverlappingTemplate,False,0.534146,0.8,8,10,True,False,True,0.739918,0.9,9,10,True,True
NonOverlappingTemplate,NonOverlappingTemplate,False,0.534146,0.8,8,10,True,False,True,0.534146,0.9,9,10,True,True
NonOverlappingTemplate,NonOverlappingTemplate,False,0.534146,0.8,8,10,True,False,True,0.350485,0.9,9,10,True,True
NonOverlappingTemplate,NonOverlappingTemplate,False,0.534146,0.8,8,10,True,False,True,0.534146,0.9,9,10,True,True
NonOverlappingTemplate,NonOverlappingTemplate,False,0.534146,0.8,8,10,True,False,True,0.534146,0.9,9,10,True,True
NonOverlappingTemplate,NonOverlappingTemplate,False,0.534146,0.8,8,10,True,False,True,0.739918,0.9,9,10,True,True
NonOverlappingTemplate,NonOverlappingTemplate,False,0.534146,0.8,8,10,True,False,True,0.739918,0.9,9,10,True,True
NonOverlappingTemplate,NonOverlappingTemplate,False,0.534146,0.8,8,10,True,False,True,0.350485,0.9,9,10,True,True
NonOverlappingTemplate,NonOverlappingTemplate,False,0.534146,0.8,8,10,True,False,True,0.534146,0.9,9,10,True,True
NonOverlappingTemplate,NonOverlappingTemplate,False,0.534146,0.8,8,10,True,False,True,0.213309,0.9,9,10,True,True
NonOverlappingTemplate,NonOverlappingTemplate,False,0.534146,0.8,8,10,True,False,True,0.534146,0.9,9,10,True,True
NonOverlappingTemplate,NonOverlappingTemplate,False,0.534146,0.8,8,10,True,False,True,0.213309,0.9,9,10,True,True
NonOverlappingTemplate,NonOverlappingTemplate,False,0.534146,0.8,8,10,True,False,True,0.350485,0.9,9,10,True,True
NonOverlappingTemplate,NonOverlappingTemplate,False,0.534146,0.8,8,10,True,False,True,0.350485,0.9,9,10,True,True
NonOverlappingTemplate,NonOverlappingTemplate,False,0.534146,0.8,8,10,True,False,True,0.350485,0.9,9,10,True,True
NonOverlappingTemplate,NonOverlappingTemplate,False,0.534146,0.8,8,10,True,False,True,0.122325,0.9,9,10,True,True
NonOverlappingTemplate,NonOverlappingTemplate,False,0.534146,0.8,8,10,True,False,True,0.534146,0.9,9,10,True,True
NonOverlappingTemplate,NonOverlappingTemplate,False,0.534146,0.8,8,10,True,False,True,0.739918,0.9,9,10,True,True
NonOverlappingTemplate,NonOverlappingTemplate,False,0.534146,0.8,8,10,True,False,True,0.213309,0.9,9,10,True,True
NonOverlappingTemplate,NonOverlappingTemplate,False,0.534146,0.8,8,10,True,False,False,0.534146,0.8,8,10,True,False
NonOverlappingTemplate,NonOverlappingTemplate,False,0.534146,0.8,8,10,True,False,True,0.122325,0.9,9,10,True,True
NonOverlappingTemplate,NonOverlappingTemplate,False,0.534146,0.8,8,10,True,False,True,0.350485,0.9,9,10,True,True
NonOverlappingTemplate,NonOverlappingTemplate,False,0.534146,0.8,8,10,True,False,True,0.534146,0.9,9,10,True,True
NonOverlappingTemplate,NonOverlappingTemplate,False,0.534146,0.8,8,10,True,False,True,0.911413,0.9,9,10,True,True
NonOverlappingTemplate,NonOverlappingTemplate,False,0.534146,0.8,8,10,True,False,True,0.739918,0.9,9,10,True,True
NonOverlappingTemplate,NonOverlappingTemplate,False,0.534146,0.8,8,10,True,False,True,0.739918,0.9,9,10,True,True
NonOverlappingTemplate,NonOverlappingTemplate,False,0.534146,0.8,8,10,True,False,True,0.534146,0.9,9,10,True,True
NonOverlappingTemplate,NonOverlappingTemplate,False,0.534146,0.8,8,10,True,False,True,0.350485,0.9,9,10,True,True
NonOverlappingTemplate,NonOverlappingTemplate,False,0.534146,0.8,8,10,True,False,True,0.739918,0.9,9,10,True,True
NonOverlappingTemplate,NonOverlappingTemplate,False,0.534146,0.8,8,10,True,False,True,0.122325,0.9,9,10,True,True
NonOverlappingTemplate,NonOverlappingTemplate,False,0.534146,0.8,8,10,True,False,True,0.350485,0.9,9,10,True,True
NonOverlappingTemplate,NonOverlappingTemplate,False,0.534146,0.8,8,10,True,False,True,0.739918,0.9,9,10,True,True
NonOverlappingTemplate,NonOverlappingTemplate,False,0.534146,0.8,8,10,True,False,True,0.350485,0.9,9,10,True,True
NonOverlappingTemplate,NonOverlappingTemplate,False,0.534146,0.8,8,10,True,False,False,0.122325,0.8,8,10,True,False
NonOverlappingTemplate,NonOverlappingTemplate,False,0.534146,0.8,8,10,True,False,False,0.534146,0.8,8,10,True,False
NonOverlappingTemplate,NonOverlappingTemplate,False,0.534146,0.8,8,10,True,False,True,0.739918,0.9,9,10,True,True
NonOverlappingTemplate,NonOverlappingTemplate,False,0.534146,0.8,8,10,True,False,True,0.534146,0.9,9,10,True,True
NonOverlappingTemplate,NonOverlappingTemplate,False,0.534146,0.8,8,10,True,False,True,0.739918,0.9,9,10,True,True
NonOverlappingTemplate,NonOverlappingTemplate,False,0.534146,0.8,8,10,True,False,False,0.122325,0.8,8,10,True,False
NonOverlappingTemplate,NonOverlappingTemplate,False,0.534146,0.8,8,10,True,False,True,0.213309,0.9,9,10,True,True
NonOverlappingTemplate,NonOverlappingTemplate,False,0.534146,0.8,8,10,True,False,True,0.911413,0.9,9,10,True,True
NonOverlappingTemplate,NonOverlappingTemplate,False,0.534146,0.8,8,10,True,False,True,0.739918,0.9,9,10,True,True
NonOverlappingTemplate,NonOverlappingTemplate,False,0.534146,0.8,8,10,True,False,True,0.350485,0.9,9,10,True,True
NonOverlappingTemplate,NonOverlappingTemplate,False,0.534146,0.8,8,10,True,False,True,0.350485,0.9,9,10,True,True
NonOverlappingTemplate,NonOverlappingTemplate,False,0.534146,0.8,8,10,True,False,True,0.534146,0.9,9,10,True,True
NonOverlappingTemplate,NonOverlappingTemplate,False,0.534146,0.8,8,10,True,False,True,0.739918,0.9,9,10,True,True
NonOverlappingTemplate,NonOverlappingTemplate,False,0.534146,0.8,8,10,True,False,True,0.534146,0.9,9,10,True,True
NonOverlappingTemplate,NonOverlappingTemplate,False,0.534146,0.8,8,10,True,False,True,0.991468,0.9,9,10,True,True
NonOverlappingTemplate,NonOverlappingTemplate,False,0.534146,0.8,8,10,True,False,True,0.350485,0.9,9,10,True,True
NonOverlappingTemplate,NonOverlappingTemplate,False,0.534146,0.8,8,10,True,False,True,0.911413,0.9,9,10,True,True
NonOverlappingTemplate,NonOverlappingTemplate,False,0.534146,0.8,8,10,True,False,True,0.350485,0.9,9,10,True,True
NonOverlappingTemplate,NonOverlappingTemplate,False,0.534146,0.8,8,10,True,False,True,0.534146,0.9,9,10,True,True
NonOverlappingTemplate,NonOverlappingTemplate,False,0.534146,0.8,8,10,True,False,True,0.534146,0.9,9,10,True,True
NonOverlappingTemplate,NonOverlappingTemplate,False,0.534146,0.8,8,10,True,False,True,0.350485,0.9,9,10,True,True
NonOverlappingTemplate,NonOverlappingTemplate,False,0.534146,0.8,8,10,True,False,True,0.534146,0.9,9,10,True,True
NonOverlappingTemplate,NonOverlappingTemplate,False,0.534146,0.8,8,10,True,False,True,0.739918,0.9,9,10,True,True
NonOverlappingTemplate,NonOverlappingTemplate,False,0.534146,0.8,8,10,True,False,False,0.911413,0.8,8,10,True,False
NonOverlappingTemplate,NonOverlappingTemplate,False,0.534146,0.8,8,10,True,False,True,0.534146,0.9,9,10,True,True
NonOverlappingTemplate,NonOverlappingTemplate,False,0.534146,0.8,8,10,True,False,True,0.534146,0.9,9,10,True,True
NonOverlappingTemplate,NonOverlappingTemplate,False,0.534146,0.8,8,10,True,False,True,0.122325,0.9,9,10,True,True
NonOverlappingTemplate,NonOverlappingTemplate,False,0.534146,0.8,8,10,True,False,True,0.350485,0.9,9,10,True,True
NonOverlappingTemplate,NonOverlappingTemplate,False,0.534146,0.8,8,10,True,False,True,0.534146,0.9,9,10,True,True
NonOverlappingTemplate,NonOverlappingTemplate,False,0.534146,0.8,8,10,True,False,True,0.122325,0.9,9,10,True,True
NonOverlappingTemplate,NonOverlappingTemplate,False,0.534146,0.8,8,10,True,False,True,0.534146,0.9,9,10,True,True
NonOverlappingTemplate,NonOverlappingTemplate,False,0.534146,0.8,8,10,True,False,True,0.739918,0.9,9,10,True,True
NonOverlappingTemplate,NonOverlappingTemplate,False,0.534146,0.8,8,10,True,False,False,0.350485,0.8,8,10,True,False
NonOverlappingTemplate,NonOverlappingTemplate,False,0.534146,0.8,8,10,True,False,True,0.534146,0.9,9,10,True,True
NonOverlappingTemplate,NonOverlappingTemplate,False,0.534146,0.8,8,10,True,False,True,0.739918,0.9,9,10,True,True
NonOverlappingTemplate,NonOverlappingTemplate,False,0.534146,0.8,8,10,True,False,True,0.534146,0.9,9,10,True,True
NonOverlappingTemplate,NonOverlappingTemplate,False,0.534146,0.8,8,10,True,False,True,0.534146,0.9,9,10,True,True
NonOverlappingTemplate,NonOverlappingTemplate,False,0.534146,0.8,8,10,True,False,True,0.213309,0.9,9,10,True,True
NonOverlappingTemplate,NonOverlappingTemplate,False,0.534146,0.8,8,10,True,False,True,0.534146,0.9,9,10,True,True
NonOverlappingTemplate,NonOverlappingTemplate,False,0.534146,0.8,8,10,True,False,True,0.739918,0.9,9,10,True,True
NonOverlappingTemplate,NonOverlappingTemplate,False,0.534146,0.8,8,10,True,False,True,0.991468,0.9,9,10,True,True
NonOverlappingTemplate,NonOverlappingTemplate,False,0.534146,0.8,8,10,True,False,True,0.739918,0.9,9,10,True,True
NonOverlappingTemplate,NonOverlappingTemplate,False,0.534146,0.8,8,10,True,False,True,0.534146,0.9,9,10,True,True
NonOverlappingTemplate,NonOverlappingTemplate,True,0.534146,0.9,9,10,True,True,False,0.534146,0.8,8,10,True,False
NonOverlappingTemplate,NonOverlappingTemplate,True,0.534146,0.9,9,10,True,True,False,0.534146,0.8,8,10,True,False
NonOverlappingTemplate,NonOverlappingTemplate,True,0.534146,0.9,9,10,True,True,False,0.035174,0.8,8,10,True,False
NonOverlappingTemplate,NonOverlappingTemplate,True,0.534146,0.9,9,10,True,True,False,0.350485,0.8,8,10,True,False
NonOverlappingTemplate,NonOverlappingTemplate,True,0.534146,0.9,9,10,True,True,False,0.350485,0.8,8,10,True,False
NonOverlappingTemplate,NonOverlappingTemplate,True,0.534146,0.9,9,10,True,True,False,0.350485,0.7,7,10,True,False
NonOverlappingTemplate,NonOverlappingTemplate,True,0.534146,0.9,9,10,True,True,False,0.911413,0.8,8,10,True,False
NonOverlappingTemplate,NonOverlappingTemplate,True,0.534146,0.9,9,10,True,True,False,0.350485,0.7,7,10,True,False
NonOverlappingTemplate,NonOverlappingTemplate,True,0.534146,0.9,9,10,True,True,False,0.534146,0.8,8,10,True,False
NonOverlappingTemplate,NonOverlappingTemplate,True,0.534146,0.9,9,10,True,True,False,0.534146,0.8,8,10,True,False
NonOverlappingTemplate,NonOverlappingTemplate,True,0.534146,0.9,9,10,True,True,False,0.122325,0.8,8,10,True,False
NonOverlappingTemplate,NonOverlappingTemplate,True,0.534146,0.9,9,10,True,True,False,0.534146,0.8,8,10,True,False
NonOverlappingTemplate,NonOverlappingTemplate,True,0.534146,0.9,9,10,True,True,False,0.122325,0.8,8,10,True,False
NonOverlappingTemplate,NonOverlappingTemplate,True,0.534146,0.9,9,10,True,True,False,0.911413,0.8,8,10,True,False
NonOverlappingTemplate,NonOverlappingTemplate,True,0.534146,0.9,9,10,True,True,False,0.350485,0.8,8,10,True,False
NonOverlappingTemplate,NonOverlappingTemplate,False,0.122325,0.8,8,10,True,False,True,0.534146,0.9,9,10,True,True
NonOverlappingTemplate,NonOverlappingTemplate,False,0.122325,0.8,8,10,True,False,True,0.350485,0.9,9,10,True,True
NonOverlappingTemplate,NonOverlappingTemplate,False,0.122325,0.8,8,10,True,False,True,0.534146,0.9,9,10,True,True
NonOverlappingTemplate,NonOverlappingTemplate,False,0.122325,0.8,8,10,True,False,True,0.213309,0.9,9,10,True,True
NonOverlappingTemplate,NonOverlappingTemplate,False,0.122325,0.8,8,10,True,False,True,0.534146,0.9,9,10,True,True
NonOverlappingTemplate,NonOverlappingTemplate,False,0.122325,0.8,8,10,True,False,True,0.739918,0.9,9,10,True,True
NonOverlappingTemplate,NonOverlappingTemplate,False,0.122325,0.8,8,10,True,False,True,0.350485,0.9,9,10,True,True
NonOverlappingTemplate,NonOverlappingTemplate,False,0.122325,0.8,8,10,True,False,True,0.534146,0.9,9,10,True,True
NonOverlappingTemplate,NonOverlappingTemplate,False,0.122325,0.8,8,10,True,False,True,0.350485,0.9,9,10,True,True
NonOverlappingTemplate,NonOverlappingTemplate,False,0.122325,0.8,8,10,True,False,True,0.534146,0.9,9,10,True,True
NonOverlappingTemplate,NonOverlappingTemplate,False,0.122325,0.8,8,10,True,False,True,0.122325,0.9,9,10,True,True
NonOverlappingTemplate,NonOverlappingTemplate,False,0.122325,0.8,8,10,True,False,True,0.122325,0.9,9,10,True,True
NonOverlappingTemplate,NonOverlappingTemplate,False,0.122325,0.8,8,10,True,False,False,0.534146,0.8,8,10,True,False
NonOverlappingTemplate,NonOverlappingTemplate,False,0.122325,0.8,8,10,True,False,True,0.122325,0.9,9,10,True,True
NonOverlappingTemplate,NonOverlappingTemplate,False,0.122325,0.8,8,10,True,False,True,0.350485,0.9,9,10,True,True
NonOverlappingTemplate,NonOverlappingTemplate,False,0.122325,0.8,8,10,True,False,True,0.739918,0.9,9,10,True,True
NonOverlappingTemplate,NonOverlappingTemplate,False,0.122325,0.8,8,10,True,False,True,0.739918,0.9,9,10,True,True
NonOverlappingTemplate,NonOverlappingTemplate,False,0.122325,0.8,8,10,True,False,False,0.534146,0.8,8,10,True,False
NonOverlappingTemplate,NonOverlappingTemplate,False,0.122325,0.8,8,10,True,False,True,0.739918,0.9,9,10,True,True
NonOverlappingTemplate,NonOverlappingTemplate,False,0.122325,0.8,8,10,True,False,True,0.350485,0.9,9,10,True,True
NonOverlappingTemplate,NonOverlappingTemplate,False,0.122325,0.8,8,10,True,False,True,0.739918,0.9,9,10,True,True
NonOverlappingTemplate,NonOverlappingTemplate,False,0.122325,0.8,8,10,True,False,True,0.534146,0.9,9,10,True,True
NonOverlappingTemplate,NonOverlappingTemplate,False,0.122325,0.8,8,10,True,False,False,0.035174,0.8,8,10,True,False
NonOverlappingTemplate,NonOverlappingTemplate,False,0.122325,0.8,8,10,True,False,True,0.739918,0.9,9,10,True,True
NonOverlappingTemplate,NonOverlappingTemplate,False,0.122325,0.8,8,10,True,False,True,0.739918,0.9,9,10,True,True
NonOverlappingTemplate,NonOverlappingTemplate,False,0.122325,0.8,8,10,True,False,True,0.739918,0.9,9,10,True,True
NonOverlappingTemplate,NonOverlappingTemplate,False,0.122325,0.8,8,10,True,False,True,0.534146,0.9,9,10,True,True
NonOverlappingTemplate,NonOverlappingTemplate,False,0.122325,0.8,8,10,True,False,False,0.350485,0.8,8,10,True,False
NonOverlappingTemplate,NonOverlappingTemplate,False,0.122325,0.8,8,10,True,False,True,0.213309,0.9,9,10,True,True
NonOverlappingTemplate,NonOverlappingTemplate,False,0.122325,0.8,8,10,True,False,True,0.534146,0.9,9,10,True,True
NonOverlappingTemplate,NonOverlappingTemplate,False,0.122325,0.8,8,10,True,False,True,0.213309,0.9,9,10,True,True
NonOverlappingTemplate,NonOverlappingTemplate,False,0.122325,0.8,8,10,True,False,True,0.739918,0.9,9,10,True,True
NonOverlappingTemplate,NonOverlappingTemplate,False,0.122325,0.8,8,10,True,False,True,0.739918,0.9,9,10,True,True
NonOverlappingTemplate,NonOverlappingTemplate,False,0.122325,0.8,8,10,True,False,True,0.035174,0.9,9,10,True,True
NonOverlappingTemplate,NonOverlappingTemplate,False,0.122325,0.8,8,10,True,False,False,0.350485,0.8,8,10,True,False
NonOverlappingTemplate,NonOverlappingTemplate,False,0.122325,0.8,8,10,True,False,True,0.534146,0.9,9,10,True,True
NonOverlappingTemplate,NonOverlappingTemplate,False,0.122325,0.8,8,10,True,False,True,0.739918,0.9,9,10,True,True
NonOverlappingTemplate,NonOverlappingTemplate,False,0.122325,0.8,8,10,True,False,True,0.534146,0.9,9,10,True,True
NonOverlappingTemplate,NonOverlappingTemplate,False,0.122325,0.8,8,10,True,False,True,0.213309,0.9,9,10,True,True
NonOverlappingTemplate,NonOverlappingTemplate,False,0.122325,0.8,8,10,True,False,True,0.739918,0.9,9,10,True,True
NonOverlappingTemplate,NonOverlappingTemplate,False,0.122325,0.8,8,10,True,False,True,0.739918,0.9,9,10,True,True
NonOverlappingTemplate,NonOverlappingTemplate,False,0.122325,0.8,8,10,True,False,True,0.534146,0.9,9,10,True,True
NonOverlappingTemplate,NonOverlappingTemplate,False,0.122325,0.8,8,10,True,False,True,0.213309,0.9,9,10,True,True
NonOverlappingTemplate,NonOverlappingTemplate,False,0.122325,0.8,8,10,True,False,True,0.534146,0.9,9,10,True,True
NonOverlappingTemplate,NonOverlappingTemplate,False,0.122325,0.8,8,10,True,False,False,0.350485,0.7,7,10,True,False
NonOverlappingTemplate,NonOverlappingTemplate,False,0.122325,0.8,8,10,True,False,True,0.911413,0.9,9,10,True,True
NonOverlappingTemplate,NonOverlappingTemplate,False,0.122325,0.8,8,10,True,False,True,0.534146,0.9,9,10,True,True
NonOverlappingTemplate,NonOverlappingTemplate,False,0.122325,0.8,8,10,True,False,True,0.350485,0.9,9,10,True,True
NonOverlappingTemplate,NonOverlappingTemplate,False,0.122325,0.8,8,10,True,False,False,0.911413,0.8,8,10,True,False
NonOverlappingTemplate,NonOverlappingTemplate,False,0.122325,0.8,8,10,True,False,True,0.350485,0.9,9,10,True,True
NonOverlappingTemplate,NonOverlappingTemplate,False,0.122325,0.8,8,10,True,False,True,0.066882,0.9,9,10,True,True
NonOverlappingTemplate,NonOverlappingTemplate,False,0.122325,0.8,8,10,True,False,True,0.350485,0.9,9,10,True,True
NonOverlappingTemplate,NonOverlappingTemplate,False,0.122325,0.8,8,10,True,False,True,0.534146,0.9,9,10,True,True
NonOverlappingTemplate,NonOverlappingTemplate,False,0.122325,0.8,8,10,True,False,True,0.350485,0.9,9,10,True,True
NonOverlappingTemplate,NonOverlappingTemplate,False,0.122325,0.8,8,10,True,False,True,0.534146,0.9,9,10,True,True
NonOverlappingTemplate,NonOverlappingTemplate,False,0.122325,0.8,8,10,True,False,True,0.122325,0.9,9,10,True,True
NonOverlappingTemplate,NonOverlappingTemplate,False,0.122325,0.8,8,10,True,False,True,0.534146,0.9,9,10,True,True
NonOverlappingTemplate,NonOverlappingTemplate,False,0.122325,0.8,8,10,True,False,True,0.739918,0.9,9,10,True,True
NonOverlappingTemplate,NonOverlappingTemplate,False,0.122325,0.8,8,10,True,False,True,0.534146,0.9,9,10,True,True
NonOverlappingTemplate,NonOverlappingTemplate,False,0.122325,0.8,8,10,True,False,True,0.739918,0.9,9,10,True,True
NonOverlappingTemplate,NonOverlappingTemplate,False,0.122325,0.8,8,10,True,False,True,0.911413,0.9,9,10,True,True
NonOverlappingTemplate,NonOverlappingTemplate,False,0.122325,0.8,8,10,True,False,True,0.350485,0.9,9,10,True,True
NonOverlappingTemplate,NonOverlappingTemplate,False,0.122325,0.8,8,10,True,False,True,0.066882,0.9,9,10,True,True
NonOverlappingTemplate,NonOverlappingTemplate,False,0.122325,0.8,8,10,True,False,True,0.911413,0.9,9,10,True,True
NonOverlappingTemplate,NonOverlappingTemplate,False,0.122325,0.8,8,10,True,False,True,0.911413,0.9,9,10,True,True
NonOverlappingTemplate,NonOverlappingTemplate,False,0.122325,0.8,8,10,True,False,True,0.739918,0.9,9,10,True,True
NonOverlappingTemplate,NonOverlappingTemplate,False,0.122325,0.8,8,10,True,False,True,0.213309,0.9,9,10,True,True
NonOverlappingTemplate,NonOverlappingTemplate,False,0.122325,0.8,8,10,True,False,True,0.213309,0.9,9,10,True,True
NonOverlappingTemplate,NonOverlappingTemplate,False,0.122325,0.8,8,10,True,False,False,0.350485,0.7,7,10,True,False
NonOverlappingTemplate,NonOverlappingTemplate,False,0.122325,0.8,8,10,True,False,True,0.991468,0.9,9,10,True,True
NonOverlappingTemplate,NonOverlappingTemplate,False,0.122325,0.8,8,10,True,False,True,0.739918,0.9,9,10,True,True
NonOverlappingTemplate,NonOverlappingTemplate,False,0.122325,0.8,8,10,True,False,False,0.534146,0.8,8,10,True,False
NonOverlappingTemplate,NonOverlappingTemplate,False,0.122325,0.8,8,10,True,False,True,0.739918,0.9,9,10,True,True
NonOverlappingTemplate,NonOverlappingTemplate,False,0.122325,0.8,8,10,True,False,True,0.534146,0.9,9,10,True,True
NonOverlappingTemplate,NonOverlappingTemplate,False,0.122325,0.8,8,10,True,False,True,0.350485,0.9,9,10,True,True
NonOverlappingTemplate,NonOverlappingTemplate,False,0.122325,0.8,8,10,True,False,True,0.534146,0.9,9,10,True,True
NonOverlappingTemplate,NonOverlappingTemplate,False,0.122325,0.8,8,10,True,False,True,0.534146,0.9,9,10,True,True
NonOverlappingTemplate,NonOverlappingTemplate,False,0.122325,0.8,8,10,True,False,True,0.739918,0.9,9,10,True,True
NonOverlappingTemplate,NonOverlappingTemplate,False,0.122325,0.8,8,10,True,False,True,0.739918,0.9,9,10,True,True
NonOverlappingTemplate,NonOverlappingTemplate,False,0.122325,0.8,8,10,True,False,True,0.350485,0.9,9,10,True,True
NonOverlappingTemplate,NonOverlappingTemplate,False,0.122325,0.8,8,10,True,False,True,0.534146,0.9,9,10,True,True
NonOverlappingTemplate,NonOverlappingTemplate,False,0.122325,0.8,8,10,True,False,True,0.213309,0.9,9,10,True,True
NonOverlappingTemplate,NonOverlappingTemplate,False,0.122325,0.8,8,10,True,False,True,0.534146,0.9,9,10,True,True
NonOverlappingTemplate,NonOverlappingTemplate,False,0.122325,0.8,8,10,True,False,True,0.213309,0.9,9,10,True,True
NonOverlappingTemplate,NonOverlappingTemplate,False,0.122325,0.8,8,10,True,False,True,0.350485,0.9,9,10,True,True
NonOverlappingTemplate,NonOverlappingTemplate,False,0.122325,0.8,8,10,True,False,True,0.350485,0.9,9,10,True,True
NonOverlappingTemplate,NonOverlappingTemplate,False,0.122325,0.8,8,10,True,False,True,0.350485,0.9,9,10,True,True
NonOverlappingTemplate,NonOverlappingTemplate,False,0.122325,0.8,8,10,True,False,True,0.122325,0.9,9,10,True,True
NonOverlappingTemplate,NonOverlappingTemplate,False,0.122325,0.8,8,10,True,False,True,0.534146,0.9,9,10,True,True
NonOverlappingTemplate,NonOverlappingTemplate,False,0.122325,0.8,8,10,True,False,True,0.739918,0.9,9,10,True,True
NonOverlappingTemplate,NonOverlappingTemplate,False,0.122325,0.8,8,10,True,False,True,0.213309,0.9,9,10,True,True
NonOverlappingTemplate,NonOverlappingTemplate,False,0.122325,0.8,8,10,True,False,False,0.534146,0.8,8,10,True,False
NonOverlappingTemplate,NonOverlappingTemplate,False,0.122325,0.8,8,10,True,False,True,0.122325,0.9,9,10,True,True
NonOverlappingTemplate,NonOverlappingTemplate,False,0.122325,0.8,8,10,True,False,True,0.350485,0.9,9,10,True,True
NonOverlappingTemplate,NonOverlappingTemplate,False,0.122325,0.8,8,10,True,False,True,0.534146,0.9,9,10,True,True
NonOverlappingTemplate,NonOverlappingTemplate,False,0.122325,0.8,8,10,True,False,True,0.911413,0.9,9,10,True,True
NonOverlappingTemplate,NonOverlappingTemplate,False,0.122325,0.8,8,10,True,False,True,0.739918,0.9,9,10,True,True
NonOverlappingTemplate,NonOverlappingTemplate,False,0.122325,0.8,8,10,True,False,True,0.739918,0.9,9,10,True,True
NonOverlappingTemplate,NonOverlappingTemplate,False,0.122325,0.8,8,10,True,False,True,0.534146,0.9,9,10,True,True
NonOverlappingTemplate,NonOverlappingTemplate,False,0.122325,0.8,8,10,True,False,True,0.350485,0.9,9,10,True,True
NonOverlappingTemplate,NonOverlappingTemplate,False,0.122325,0.8,8,10,True,False,True,0.739918,0.9,9,10,True,True
NonOverlappingTemplate,NonOverlappingTemplate,False,0.122325,0.8,8,10,True,False,True,0.122325,0.9,9,10,True,True
NonOverlappingTemplate,NonOverlappingTemplate,False,0.122325,0.8,8,10,True,False,True,0.350485,0.9,9,10,True,True
NonOverlappingTemplate,NonOverlappingTemplate,False,0.122325,0.8,8,10,True,False,True,0.739918,0.9,9,10,True,True
NonOverlappingTemplate,NonOverlappingTemplate,False,0.122325,0.8,8,10,True,False,True,0.350485,0.9,9,10,True,True
NonOverlappingTemplate,NonOverlappingTemplate,False,0.122325,0.8,8,10,True,False,False,0.122325,0.8,8,10,True,False
NonOverlappingTemplate,NonOverlappingTemplate,False,0.122325,0.8,8,10,True,False,False,0.534146,0.8,8,10,True,False
NonOverlappingTemplate,NonOverlappingTemplate,False,0.122325,0.8,8,10,True,False,True,0.739918,0.9,9,10,True,True
NonOverlappingTemplate,NonOverlappingTemplate,False,0.122325,0.8,8,10,True,False,True,0.534146,0.9,9,10,True,True
NonOverlappingTemplate,NonOverlappingTemplate,False,0.122325,0.8,8,10,True,False,True,0.739918,0.9,9,10,True,True
NonOverlappingTemplate,NonOverlappingTemplate,False,0.122325,0.8,8,10,True,False,False,0.122325,0.8,8,10,True,False
NonOverlappingTemplate,NonOverlappingTemplate,False,0.122325,0.8,8,10,True,False,True,0.213309,0.9,9,10,True,True
NonOverlappingTemplate,NonOverlappingTemplate,False,0.122325,0.8,8,10,True,False,True,0.911413,0.9,9,10,True,True
NonOverlappingTemplate,NonOverlappingTemplate,False,0.122325,0.8,8,10,True,False,True,0.739918,0.9,9,10,True,True
NonOverlappingTemplate,NonOverlappingTemplate,False,0.122325,0.8,8,10,True,False,True,0.350485,0.9,9,10,True,True
NonOverlappingTemplate,NonOverlappingTemplate,False,0.122325,0.8,8,10,True,False,True,0.350485,0.9,9,10,True,True
NonOverlappingTemplate,NonOverlappingTemplate,False,0.122325,0.8,8,10,True,False,True,0.534146,0.9,9,10,True,True
NonOverlappingTemplate,NonOverlappingTemplate,False,0.122325,0.8,8,10,True,False,True,0.739918,0.9,9,10,True,True
NonOverlappingTemplate,NonOverlappingTemplate,False,0.122325,0.8,8,10,True,False,True,0.534146,0.9,9,10,True,True
NonOverlappingTemplate,NonOverlappingTemplate,False,0.122325,0.8,8,10,True,False,True,0.991468,0.9,9,10,True,True
NonOverlappingTemplate,NonOverlappingTemplate,False,0.122325,0.8,8,10,True,False,True,0.350485,0.9,9,10,True,True
NonOverlappingTemplate,NonOverlappingTemplate,False,0.122325,0.8,8,10,True,False,True,0.911413,0.9,9,10,True,True
NonOverlappingTemplate,NonOverlappingTemplate,False,0.122325,0.8,8,10,True,False,True,0.350485,0.9,9,10,True,True
NonOverlappingTemplate,NonOverlappingTemplate,False,0.122325,0.8,8,10,True,False,True,0.534146,0.9,9,10,True,True
NonOverlappingTemplate,NonOverlappingTemplate,False,0.122325,0.8,8,10,True,False,True,0.534146,0.9,9,10,True,True
NonOverlappingTemplate,NonOverlappingTemplate,False,0.122325,0.8,8,10,True,False,True,0.350485,0.9,9,10,True,True
NonOverlappingTemplate,NonOverlappingTemplate,False,0.122325,0.8,8,10,True,False,True,0.534146,0.9,9,10,True,True
NonOverlappingTemplate,NonOverlappingTemplate,False,0.122325,0.8,8,10,True,False,True,0.739918,0.9,9,10,True,True
NonOverlappingTemplate,NonOverlappingTemplate,False,0.122325,0.8,8,10,True,False,False,0.911413,0.8,8,10,True,False
NonOverlappingTemplate,NonOverlappingTemplate,False,0.122325,0.8,8,10,True,False,True,0.534146,0.9,9,10,True,True
NonOverlappingTemplate,NonOverlappingTemplate,False,0.122325,0.8,8,10,True,False,True,0.534146,0.9,9,10,True,True
NonOverlappingTemplate,NonOverlappingTemplate,False,0.122325,0.8,8,10,True,False,True,0.122325,0.9,9,10,True,True
NonOverlappingTemplate,NonOverlappingTemplate,False,0.122325,0.8,8,10,True,False,True,0.350485,0.9,9,10,True,True
NonOverlappingTemplate,NonOverlappingTemplate,False,0.122325,0.8,8,10,True,False,True,0.534146,0.9,9,10,True,True
NonOverlappingTemplate,NonOverlappingTemplate,False,0.122325,0.8,8,10,True,False,True,0.122325,0.9,9,10,True,True
NonOverlappingTemplate,NonOverlappingTemplate,False,0.122325,0.8,8,10,True,False,True,0.534146,0.9,9,10,True,True
NonOverlappingTemplate,NonOverlappingTemplate,False,0.122325,0.8,8,10,True,False,True,0.739918,0.9,9,10,True,True
NonOverlappingTemplate,NonOverlappingTemplate,False,0.122325,0.8,8,10,True,False,False,0.350485,0.8,8,10,True,False
NonOverlappingTemplate,NonOverlappingTemplate,False,0.122325,0.8,8,10,True,False,True,0.534146,0.9,9,10,True,True
NonOverlappingTemplate,NonOverlappingTemplate,False,0.122325,0.8,8,10,True,False,True,0.739918,0.9,9,10,True,True
NonOverlappingTemplate,NonOverlappingTemplate,False,0.122325,0.8,8,10,True,False,True,0.534146,0.9,9,10,True,True
NonOverlappingTemplate,NonOverlappingTemplate,False,0.122325,0.8,8,10,True,False,True,0.534146,0.9,9,10,True,True
NonOverlappingTemplate,NonOverlappingTemplate,False,0.122325,0.8,8,10,True,False,True,0.213309,0.9,9,10,True,True
NonOverlappingTemplate,NonOverlappingTemplate,False,0.122325,0.8,8,10,True,False,True,0.534146,0.9,9,10,True,True
NonOverlappingTemplate,NonOverlappingTemplate,False,0.122325,0.8,8,10,True,False,True,0.739918,0.9,9,10,True,True
NonOverlappingTemplate,NonOverlappingTemplate,False,0.122325,0.8,8,10,True,False,True,0.991468,0.9,9,10,True,True
NonOverlappingTemplate,NonOverlappingTemplate,False,0.122325,0.8,8,10,True,False,True,0.739918,0.9,9,10,True,True
NonOverlappingTemplate,NonOverlappingTemplate,False,0.122325,0.8,8,10,True,False,True,0.534146,0.9,9,10,True,True
NonOverlappingTemplate,NonOverlappingTemplate,True,0.911413,0.9,9,10,True,True,False,0.534146,0.8,8,10,True,False
NonOverlappingTemplate,NonOverlappingTemplate,True,0.911413,0.9,9,10,True,True,False,0.534146,0.8,8,10,True,False
NonOverlappingTemplate,NonOverlappingTemplate,True,0.911413,0.9,9,10,True,True,False,0.035174,0.8,8,10,True,False
NonOverlappingTemplate,NonOverlappingTemplate,True,0.911413,0.9,9,10,True,True,False,0.350485,0.8,8,10,True,False
NonOverlappingTemplate,NonOverlappingTemplate,True,0.911413,0.9,9,10,True,True,False,0.350485,0.8,8,10,True,False
NonOverlappingTemplate,NonOverlappingTemplate,True,0.911413,0.9,9,10,True,True,False,0.350485,0.7,7,10,True,False
NonOverlappingTemplate,NonOverlappingTemplate,True,0.911413,0.9,9,10,True,True,False,0.911413,0.8,8,10,True,False
NonOverlappingTemplate,NonOverlappingTemplate,True,0.911413,0.9,9,10,True,True,False,0.350485,0.7,7,10,True,False
NonOverlappingTemplate,NonOverlappingTemplate,True,0.911413,0.9,9,10,True,True,False,0.534146,0.8,8,10,True,False
NonOverlappingTemplate,NonOverlappingTemplate,True,0.911413,0.9,9,10,True,True,False,0.534146,0.8,8,10,True,False
NonOverlappingTemplate,NonOverlappingTemplate,True,0.911413,0.9,9,10,True,True,False,0.122325,0.8,8,10,True,False
NonOverlappingTemplate,NonOverlappingTemplate,True,0.911413,0.9,9,10,True,True,False,0.534146,0.8,8,10,True,False
NonOverlappingTemplate,NonOverlappingTemplate,True,0.911413,0.9,9,10,True,True,False,0.122325,0.8,8,10,True,False
NonOverlappingTemplate,NonOverlappingTemplate,True,0.911413,0.9,9,10,True,True,False,0.911413,0.8,8,10,True,False
NonOverlappingTemplate,NonOverlappingTemplate,True,0.911413,0.9,9,10,True,True,False,0.350485,0.8,8,10,True,False
NonOverlappingTemplate,NonOverlappingTemplate,True,0.739918,0.9,9,10,True,True,False,0.534146,0.8,8,10,True,False
NonOverlappingTemplate,NonOverlappingTemplate,True,0.739918,0.9,9,10,True,True,False,0.534146,0.8,8,10,True,False
NonOverlappingTemplate,NonOverlappingTemplate,True,0.739918,0.9,9,10,True,True,False,0.035174,0.8,8,10,True,False
NonOverlappingTemplate,NonOverlappingTemplate,True,0.739918,0.9,9,10,True,True,False,0.350485,0.8,8,10,True,False
NonOverlappingTemplate,NonOverlappingTemplate,True,0.739918,0.9,9,10,True,True,False,0.350485,0.8,8,10,True,False
NonOverlappingTemplate,NonOverlappingTemplate,True,0.739918,0.9,9,10,True,True,False,0.350485,0.7,7,10,True,False
NonOverlappingTemplate,NonOverlappingTemplate,True,0.739918,0.9,9,10,True,True,False,0.911413,0.8,8,10,True,False
NonOverlappingTemplate,NonOverlappingTemplate,True,0.739918,0.9,9,10,True,True,False,0.350485,0.7,7,10,True,False
NonOverlappingTemplate,NonOverlappingTemplate,True,0.739918,0.9,9,10,True,True,False,0.534146,0.8,8,10,True,False
NonOverlappingTemplate,NonOverlappingTemplate,True,0.739918,0.9,9,10,True,True,False,0.534146,0.8,8,10,True,False
NonOverlappingTemplate,NonOverlappingTemplate,True,0.739918,0.9,9,10,True,True,False,0.122325,0.8,8,10,True,False
NonOverlappingTemplate,NonOverlappingTemplate,True,0.739918,0.9,9,10,True,True,False,0.534146,0.8,8,10,True,False
NonOverlappingTemplate,NonOverlappingTemplate,True,0.739918,0.9,9,10,True,True,False,0.122325,0.8,8,10,True,False
NonOverlappingTemplate,NonOverlappingTemplate,True,0.739918,0.9,9,10,True,True,False,0.911413,0.8,8,10,True,False
NonOverlappingTemplate,NonOverlappingTemplate,True,0.739918,0.9,9,10,True,True,False,0.350485,0.8,8,10,True,False
NonOverlappingTemplate,NonOverlappingTemplate,True,0.534146,0.9,9,10,True,True,False,0.534146,0.8,8,10,True,False
NonOverlappingTemplate,NonOverlappingTemplate,True,0.534146,0.9,9,10,True,True,False,0.534146,0.8,8,10,True,False
NonOverlappingTemplate,NonOverlappingTemplate,True,0.534146,0.9,9,10,True,True,False,0.035174,0.8,8,10,True,False
NonOverlappingTemplate,NonOverlappingTemplate,True,0.534146,0.9,9,10,True,True,False,0.350485,0.8,8,10,True,False
NonOverlappingTemplate,NonOverlappingTemplate,True,0.534146,0.9,9,10,True,True,False,0.350485,0.8,8,10,True,False
NonOverlappingTemplate,NonOverlappingTemplate,True,0.534146,0.9,9,10,True,True,False,0.350485,0.7,7,10,True,False
NonOverlappingTemplate,NonOverlappingTemplate,True,0.534146,0.9,9,10,True,True,False,0.911413,0.8,8,10,True,False
NonOverlappingTemplate,NonOverlappingTemplate,True,0.534146,0.9,9,10,True,True,False,0.350485,0.7,7,10,True,False
NonOverlappingTemplate,NonOverlappingTemplate,True,0.534146,0.9,9,10,True,True,False,0.534146,0.8,8,10,True,False
NonOverlappingTemplate,NonOverlappingTemplate,True,0.534146,0.9,9,10,True,True,False,0.534146,0.8,8,10,True,False
NonOverlappingTemplate,NonOverlappingTemplate,True,0.534146,0.9,9,10,True,True,False,0.122325,0.8,8,10,True,False
NonOverlappingTemplate,NonOverlappingTemplate,True,0.534146,0.9,9,10,True,True,False,0.534146,0.8,8,10,True,False
NonOverlappingTemplate,NonOverlappingTemplate,True,0.534146,0.9,9,10,True,True,False,0.122325,0.8,8,10,True,False
NonOverlappingTemplate,NonOverlappingTemplate,True,0.534146,0.9,9,10,True,True,False,0.911413,0.8,8,10,True,False
NonOverlappingTemplate,NonOverlappingTemplate,True,0.534146,0.9,9,10,True,True,False,0.350485,0.8,8,10,True,False
NonOverlappingTemplate,NonOverlappingTemplate,True,0.534146,0.9,9,10,True,True,False,0.534146,0.8,8,10,True,False
NonOverlappingTemplate,NonOverlappingTemplate,True,0.534146,0.9,9,10,True,True,False,0.534146,0.8,8,10,True,False
NonOverlappingTemplate,NonOverlappingTemplate,True,0.534146,0.9,9,10,True,True,False,0.035174,0.8,8,10,True,False
NonOverlappingTemplate,NonOverlappingTemplate,True,0.534146,0.9,9,10,True,True,False,0.350485,0.8,8,10,True,False
NonOverlappingTemplate,NonOverlappingTemplate,True,0.534146,0.9,9,10,True,True,False,0.350485,0.8,8,10,True,False
NonOverlappingTemplate,NonOverlappingTemplate,True,0.534146,0.9,9,10,True,True,False,0.350485,0.7,7,10,True,False
NonOverlappingTemplate,NonOverlappingTemplate,True,0.534146,0.9,9,10,True,True,False,0.911413,0.8,8,10,True,False
NonOverlappingTemplate,NonOverlappingTemplate,True,0.534146,0.9,9,10,True,True,False,0.350485,0.7,7,10,True,False
NonOverlappingTemplate,NonOverlappingTemplate,True,0.534146,0.9,9,10,True,True,False,0.534146,0.8,8,10,True,False
NonOverlappingTemplate,NonOverlappingTemplate,True,0.534146,0.9,9,10,True,True,False,0.534146,0.8,8,10,True,False
NonOverlappingTemplate,NonOverlappingTemplate,True,0.534146,0.9,9,10,True,True,False,0.122325,0.8,8,10,True,False
NonOverlappingTemplate,NonOverlappingTemplate,True,0.534146,0.9,9,10,True,True,False,0.534146,0.8,8,10,True,False
NonOverlappingTemplate,NonOverlappingTemplate,True,0.534146,0.9,9,10,True,True,False,0.122325,0.8,8,10,True,False
NonOverlappingTemplate,NonOverlappingTemplate,True,0.534146,0.9,9,10,True,True,False,0.911413,0.8,8,10,True,False
NonOverlappingTemplate,NonOverlappingTemplate,True,0.534146,0.9,9,10,True,True,False,0.350485,0.8,8,10,True,False
NonOverlappingTemplate,NonOverlappingTemplate,True,0.739918,0.9,9,10,True,True,False,0.534146,0.8,8,10,True,False
NonOverlappingTemplate,NonOverlappingTemplate,True,0.739918,0.9,9,10,True,True,False,0.534146,0.8,8,10,True,False
NonOverlappingTemplate,NonOverlappingTemplate,True,0.739918,0.9,9,10,True,True,False,0.035174,0.8,8,10,True,False
NonOverlappingTemplate,NonOverlappingTemplate,True,0.739918,0.9,9,10,True,True,False,0.350485,0.8,8,10,True,False
NonOverlappingTemplate,NonOverlappingTemplate,True,0.739918,0.9,9,10,True,True,False,0.350485,0.8,8,10,True,False
NonOverlappingTemplate,NonOverlappingTemplate,True,0.739918,0.9,9,10,True,True,False,0.350485,0.7,7,10,True,False
NonOverlappingTemplate,NonOverlappingTemplate,True,0.739918,0.9,9,10,True,True,False,0.911413,0.8,8,10,True,False
NonOverlappingTemplate,NonOverlappingTemplate,True,0.739918,0.9,9,10,True,True,False,0.350485,0.7,7,10,True,False
NonOverlappingTemplate,NonOverlappingTemplate,True,0.739918,0.9,9,10,True,True,False,0.534146,0.8,8,10,True,False
NonOverlappingTemplate,NonOverlappingTemplate,True,0.739918,0.9,9,10,True,True,False,0.534146,0.8,8,10,True,False
NonOverlappingTemplate,NonOverlappingTemplate,True,0.739918,0.9,9,10,True,True,False,0.122325,0.8,8,10,True,False
NonOverlappingTemplate,NonOverlappingTemplate,True,0.739918,0.9,9,10,True,True,False,0.534146,0.8,8,10,True,False
NonOverlappingTemplate,NonOverlappingTemplate,True,0.739918,0.9,9,10,True,True,False,0.122325,0.8,8,10,True,False
NonOverlappingTemplate,NonOverlappingTemplate,True,0.739918,0.9,9,10,True,True,False,0.911413,0.8,8,10,True,False
NonOverlappingTemplate,NonOverlappingTemplate,True,0.739918,0.9,9,10,True,True,False,0.350485,0.8,8,10,True,False
NonOverlappingTemplate,NonOverlappingTemplate,True,0.213309,0.9,9,10,True,True,False,0.534146,0.8,8,10,True,False
NonOverlappingTemplate,NonOverlappingTemplate,True,0.213309,0.9,9,10,True,True,False,0.534146,0.8,8,10,True,False
NonOverlappingTemplate,NonOverlappingTemplate,True,0.213309,0.9,9,10,True,True,False,0.035174,0.8,8,10,True,False
NonOverlappingTemplate,NonOverlappingTemplate,True,0.213309,0.9,9,10,True,True,False,0.350485,0.8,8,10,True,False
NonOverlappingTemplate,NonOverlappingTemplate,True,0.213309,0.9,9,10,True,True,False,0.350485,0.8,8,10,True,False
NonOverlappingTemplate,NonOverlappingTemplate,True,0.213309,0.9,9,10,True,True,False,0.350485,0.7,7,10,True,False
NonOverlappingTemplate,NonOverlappingTemplate,True,0.213309,0.9,9,10,True,True,False,0.911413,0.8,8,10,True,False
NonOverlappingTemplate,NonOverlappingTemplate,True,0.213309,0.9,9,10,True,True,False,0.350485,0.7,7,10,True,False
NonOverlappingTemplate,NonOverlappingTemplate,True,0.213309,0.9,9,10,True,True,False,0.534146,0.8,8,10,True,False
NonOverlappingTemplate,NonOverlappingTemplate,True,0.213309,0.9,9,10,True,True,False,0.534146,0.8,8,10,True,False
NonOverlappingTemplate,NonOverlappingTemplate,True,0.213309,0.9,9,10,True,True,False,0.122325,0.8,8,10,True,False
NonOverlappingTemplate,NonOverlappingTemplate,True,0.213309,0.9,9,10,True,True,False,0.534146,0.8,8,10,True,False
NonOverlappingTemplate,NonOverlappingTemplate,True,0.213309,0.9,9,10,True,True,False,0.122325,0.8,8,10,True,False
NonOverlappingTemplate,NonOverlappingTemplate,True,0.213309,0.9,9,10,True,True,False,0.911413,0.8,8,10,True,False
NonOverlappingTemplate,NonOverlappingTemplate,True,0.213309,0.9,9,10,True,True,False,0.350485,0.8,8,10,True,False
NonOverlappingTemplate,NonOverlappingTemplate,True,0.739918,0.9,9,10,True,True,False,0.534146,0.8,8,10,True,False
NonOverlappingTemplate,NonOverlappingTemplate,True,0.739918,0.9,9,10,True,True,False,0.534146,0.8,8,10,True,False
NonOverlappingTemplate,NonOverlappingTemplate,True,0.739918,0.9,9,10,True,True,False,0.035174,0.8,8,10,True,False
NonOverlappingTemplate,NonOverlappingTemplate,True,0.739918,0.9,9,10,True,True,False,0.350485,0.8,8,10,True,False
NonOverlappingTemplate,NonOverlappingTemplate,True,0.739918,0.9,9,10,True,True,False,0.350485,0.8,8,10,True,False
NonOverlappingTemplate,NonOverlappingTemplate,True,0.739918,0.9,9,10,True,True,False,0.350485,0.7,7,10,True,False
NonOverlappingTemplate,NonOverlappingTemplate,True,0.739918,0.9,9,10,True,True,False,0.911413,0.8,8,10,True,False
NonOverlappingTemplate,NonOverlappingTemplate,True,0.739918,0.9,9,10,True,True,False,0.350485,0.7,7,10,True,False
NonOverlappingTemplate,NonOverlappingTemplate,True,0.739918,0.9,9,10,True,True,False,0.534146,0.8,8,10,True,False
NonOverlappingTemplate,NonOverlappingTemplate,True,0.739918,0.9,9,10,True,True,False,0.534146,0.8,8,10,True,False
NonOverlappingTemplate,NonOverlappingTemplate,True,0.739918,0.9,9,10,True,True,False,0.122325,0.8,8,10,True,False
NonOverlappingTemplate,NonOverlappingTemplate,True,0.739918,0.9,9,10,True,True,False,0.534146,0.8,8,10,True,False
NonOverlappingTemplate,NonOverlappingTemplate,True,0.739918,0.9,9,10,True,True,False,0.122325,0.8,8,10,True,False
NonOverlappingTemplate,NonOverlappingTemplate,True,0.739918,0.9,9,10,True,True,False,0.911413,0.8,8,10,True,False
NonOverlappingTemplate,NonOverlappingTemplate,True,0.739918,0.9,9,10,True,True,False,0.350485,0.8,8,10,True,False
NonOverlappingTemplate,NonOverlappingTemplate,True,0.213309,0.9,9,10,True,True,False,0.534146,0.8,8,10,True,False
NonOverlappingTemplate,NonOverlappingTemplate,True,0.213309,0.9,9,10,True,True,False,0.534146,0.8,8,10,True,False
NonOverlappingTemplate,NonOverlappingTemplate,True,0.213309,0.9,9,10,True,True,False,0.035174,0.8,8,10,True,False
NonOverlappingTemplate,NonOverlappingTemplate,True,0.213309,0.9,9,10,True,True,False,0.350485,0.8,8,10,True,False
NonOverlappingTemplate,NonOverlappingTemplate,True,0.213309,0.9,9,10,True,True,False,0.350485,0.8,8,10,True,False
NonOverlappingTemplate,NonOverlappingTemplate,True,0.213309,0.9,9,10,True,True,False,0.350485,0.7,7,10,True,False
NonOverlappingTemplate,NonOverlappingTemplate,True,0.213309,0.9,9,10,True,True,False,0.911413,0.8,8,10,True,False
NonOverlappingTemplate,NonOverlappingTemplate,True,0.213309,0.9,9,10,True,True,False,0.350485,0.7,7,10,True,False
NonOverlappingTemplate,NonOverlappingTemplate,True,0.213309,0.9,9,10,True,True,False,0.534146,0.8,8,10,True,False
NonOverlappingTemplate,NonOverlappingTemplate,True,0.213309,0.9,9,10,True,True,False,0.534146,0.8,8,10,True,False
NonOverlappingTemplate,NonOverlappingTemplate,True,0.213309,0.9,9,10,True,True,False,0.122325,0.8,8,10,True,False
NonOverlappingTemplate,NonOverlappingTemplate,True,0.213309,0.9,9,10,True,True,False,0.534146,0.8,8,10,True,False
NonOverlappingTemplate,NonOverlappingTemplate,True,0.213309,0.9,9,10,True,True,False,0.122325,0.8,8,10,True,False
NonOverlappingTemplate,NonOverlappingTemplate,True,0.213309,0.9,9,10,True,True,False,0.911413,0.8,8,10,True,False
NonOverlappingTemplate,NonOverlappingTemplate,True,0.213309,0.9,9,10,True,True,False,0.350485,0.8,8,10,True,False
NonOverlappingTemplate,NonOverlappingTemplate,True,0.534146,0.9,9,10,True,True,False,0.534146,0.8,8,10,True,False
NonOverlappingTemplate,NonOverlappingTemplate,True,0.534146,0.9,9,10,True,True,False,0.534146,0.8,8,10,True,False
NonOverlappingTemplate,NonOverlappingTemplate,True,0.534146,0.9,9,10,True,True,False,0.035174,0.8,8,10,True,False
NonOverlappingTemplate,NonOverlappingTemplate,True,0.534146,0.9,9,10,True,True,False,0.350485,0.8,8,10,True,False
NonOverlappingTemplate,NonOverlappingTemplate,True,0.534146,0.9,9,10,True,True,False,0.350485,0.8,8,10,True,False
NonOverlappingTemplate,NonOverlappingTemplate,True,0.534146,0.9,9,10,True,True,False,0.350485,0.7,7,10,True,False
NonOverlappingTemplate,NonOverlappingTemplate,True,0.534146,0.9,9,10,True,True,False,0.911413,0.8,8,10,True,False
NonOverlappingTemplate,NonOverlappingTemplate,True,0.534146,0.9,9,10,True,True,False,0.350485,0.7,7,10,True,False
NonOverlappingTemplate,NonOverlappingTemplate,True,0.534146,0.9,9,10,True,True,False,0.534146,0.8,8,10,True,False
NonOverlappingTemplate,NonOverlappingTemplate,True,0.534146,0.9,9,10,True,True,False,0.534146,0.8,8,10,True,False
NonOverlappingTemplate,NonOverlappingTemplate,True,0.534146,0.9,9,10,True,True,False,0.122325,0.8,8,10,True,False
NonOverlappingTemplate,NonOverlappingTemplate,True,0.534146,0.9,9,10,True,True,False,0.534146,0.8,8,10,True,False
NonOverlappingTemplate,NonOverlappingTemplate,True,0.534146,0.9,9,10,True,True,False,0.122325,0.8,8,10,True,False
NonOverlappingTemplate,NonOverlappingTemplate,True,0.534146,0.9,9,10,True,True,False,0.911413,0.8,8,10,True,False
NonOverlappingTemplate,NonOverlappingTemplate,True,0.534146,0.9,9,10,True,True,False,0.350485,0.8,8,10,True,False
NonOverlappingTemplate,NonOverlappingTemplate,True,0.534146,0.9,9,10,True,True,False,0.534146,0.8,8,10,True,False
NonOverlappingTemplate,NonOverlappingTemplate,True,0.534146,0.9,9,10,True,True,False,0.534146,0.8,8,10,True,False
NonOverlappingTemplate,NonOverlappingTemplate,True,0.534146,0.9,9,10,True,True,False,0.035174,0.8,8,10,True,False
NonOverlappingTemplate,NonOverlappingTemplate,True,0.534146,0.9,9,10,True,True,False,0.350485,0.8,8,10,True,False
NonOverlappingTemplate,NonOverlappingTemplate,True,0.534146,0.9,9,10,True,True,False,0.350485,0.8,8,10,True,False
NonOverlappingTemplate,NonOverlappingTemplate,True,0.534146,0.9,9,10,True,True,False,0.350485,0.7,7,10,True,False
NonOverlappingTemplate,NonOverlappingTemplate,True,0.534146,0.9,9,10,True,True,False,0.911413,0.8,8,10,True,False
NonOverlappingTemplate,NonOverlappingTemplate,True,0.534146,0.9,9,10,True,True,False,0.350485,0.7,7,10,True,False
NonOverlappingTemplate,NonOverlappingTemplate,True,0.534146,0.9,9,10,True,True,False,0.534146,0.8,8,10,True,False
NonOverlappingTemplate,NonOverlappingTemplate,True,0.534146,0.9,9,10,True,True,False,0.534146,0.8,8,10,True,False
NonOverlappingTemplate,NonOverlappingTemplate,True,0.534146,0.9,9,10,True,True,False,0.122325,0.8,8,10,True,False
NonOverlappingTemplate,NonOverlappingTemplate,True,0.534146,0.9,9,10,True,True,False,0.534146,0.8,8,10,True,False
NonOverlappingTemplate,NonOverlappingTemplate,True,0.534146,0.9,9,10,True,True,False,0.122325,0.8,8,10,True,False
NonOverlappingTemplate,NonOverlappingTemplate,True,0.534146,0.9,9,10,True,True,False,0.911413,0.8,8,10,True,False
NonOverlappingTemplate,NonOverlappingTemplate,True,0.534146,0.9,9,10,True,True,False,0.350485,0.8,8,10,True,False
NonOverlappingTemplate,NonOverlappingTemplate,True,0.350485,0.9,9,10,True,True,False,0.534146,0.8,8,10,True,False
NonOverlappingTemplate,NonOverlappingTemplate,True,0.350485,0.9,9,10,True,True,False,0.534146,0.8,8,10,True,False
NonOverlappingTemplate,NonOverlappingTemplate,True,0.350485,0.9,9,10,True,True,False,0.035174,0.8,8,10,True,False
NonOverlappingTemplate,NonOverlappingTemplate,True,0.350485,0.9,9,10,True,True,False,0.350485,0.8,8,10,True,False
NonOverlappingTemplate,NonOverlappingTemplate,True,0.350485,0.9,9,10,True,True,False,0.350485,0.8,8,10,True,False
NonOverlappingTemplate,NonOverlappingTemplate,True,0.350485,0.9,9,10,True,True,False,0.350485,0.7,7,10,True,False
NonOverlappingTemplate,NonOverlappingTemplate,True,0.350485,0.9,9,10,True,True,False,0.911413,0.8,8,10,True,False
NonOverlappingTemplate,NonOverlappingTemplate,True,0.350485,0.9,9,10,True,True,False,0.350485,0.7,7,10,True,False
NonOverlappingTemplate,NonOverlappingTemplate,True,0.350485,0.9,9,10,True,True,False,0.534146,0.8,8,10,True,False
NonOverlappingTemplate,NonOverlappingTemplate,True,0.350485,0.9,9,10,True,True,False,0.534146,0.8,8,10,True,False
NonOverlappingTemplate,NonOverlappingTemplate,True,0.350485,0.9,9,10,True,True,False,0.122325,0.8,8,10,True,False
NonOverlappingTemplate,NonOverlappingTemplate,True,0.350485,0.9,9,10,True,True,False,0.534146,0.8,8,10,True,False
NonOverlappingTemplate,NonOverlappingTemplate,True,0.350485,0.9,9,10,True,True,False,0.122325,0.8,8,10,True,False
NonOverlappingTemplate,NonOverlappingTemplate,True,0.350485,0.9,9,10,True,True,False,0.911413,0.8,8,10,True,False
NonOverlappingTemplate,NonOverlappingTemplate,True,0.350485,0.9,9,10,True,True,False,0.350485,0.8,8,10,True,False
NonOverlappingTemplate,NonOverlappingTemplate,True,0.122325,0.9,9,10,True,True,False,0.534146,0.8,8,10,True,False
NonOverlappingTemplate,NonOverlappingTemplate,True,0.122325,0.9,9,10,True,True,False,0.534146,0.8,8,10,True,False
NonOverlappingTemplate,NonOverlappingTemplate,True,0.122325,0.9,9,10,True,True,False,0.035174,0.8,8,10,True,False
NonOverlappingTemplate,NonOverlappingTemplate,True,0.122325,0.9,9,10,True,True,False,0.350485,0.8,8,10,True,False
NonOverlappingTemplate,NonOverlappingTemplate,True,0.122325,0.9,9,10,True,True,False,0.350485,0.8,8,10,True,False
NonOverlappingTemplate,NonOverlappingTemplate,True,0.122325,0.9,9,10,True,True,False,0.350485,0.7,7,10,True,False
NonOverlappingTemplate,NonOverlappingTemplate,True,0.122325,0.9,9,10,True,True,False,0.911413,0.8,8,10,True,False
NonOverlappingTemplate,NonOverlappingTemplate,True,0.122325,0.9,9,10,True,True,False,0.350485,0.7,7,10,True,False
NonOverlappingTemplate,NonOverlappingTemplate,True,0.122325,0.9,9,10,True,True,False,0.534146,0.8,8,10,True,False
NonOverlappingTemplate,NonOverlappingTemplate,True,0.122325,0.9,9,10,True,True,False,0.534146,0.8,8,10,True,False
NonOverlappingTemplate,NonOverlappingTemplate,True,0.122325,0.9,9,10,True,True,False,0.122325,0.8,8,10,True,False
NonOverlappingTemplate,NonOverlappingTemplate,True,0.122325,0.9,9,10,True,True,False,0.534146,0.8,8,10,True,False
NonOverlappingTemplate,NonOverlappingTemplate,True,0.122325,0.9,9,10,True,True,False,0.122325,0.8,8,10,True,False
NonOverlappingTemplate,NonOverlappingTemplate,True,0.122325,0.9,9,10,True,True,False,0.911413,0.8,8,10,True,False
NonOverlappingTemplate,NonOverlappingTemplate,True,0.122325,0.9,9,10,True,True,False,0.350485,0.8,8,10,True,False
NonOverlappingTemplate,NonOverlappingTemplate,False,0.534146,0.8,8,10,True,False,True,0.534146,0.9,9,10,True,True
NonOverlappingTemplate,NonOverlappingTemplate,False,0.534146,0.8,8,10,True,False,True,0.350485,0.9,9,10,True,True
NonOverlappingTemplate,NonOverlappingTemplate,False,0.534146,0.8,8,10,True,False,True,0.534146,0.9,9,10,True,True
NonOverlappingTemplate,NonOverlappingTemplate,False,0.534146,0.8,8,10,True,False,True,0.213309,0.9,9,10,True,True
NonOverlappingTemplate,NonOverlappingTemplate,False,0.534146,0.8,8,10,True,False,True,0.534146,0.9,9,10,True,True
NonOverlappingTemplate,NonOverlappingTemplate,False,0.534146,0.8,8,10,True,False,True,0.739918,0.9,9,10,True,True
NonOverlappingTemplate,NonOverlappingTemplate,False,0.534146,0.8,8,10,True,False,True,0.350485,0.9,9,10,True,True
NonOverlappingTemplate,NonOverlappingTemplate,False,0.534146,0.8,8,10,True,False,True,0.534146,0.9,9,10,True,True
NonOverlappingTemplate,NonOverlappingTemplate,False,0.534146,0.8,8,10,True,False,True,0.350485,0.9,9,10,True,True
NonOverlappingTemplate,NonOverlappingTemplate,False,0.534146,0.8,8,10,True,False,True,0.534146,0.9,9,10,True,True
NonOverlappingTemplate,NonOverlappingTemplate,False,0.534146,0.8,8,10,True,False,True,0.122325,0.9,9,10,True,True
NonOverlappingTemplate,NonOverlappingTemplate,False,0.534146,0.8,8,10,True,False,True,0.122325,0.9,9,10,True,True
NonOverlappingTemplate,NonOverlappingTemplate,False,0.534146,0.8,8,10,True,False,False,0.534146,0.8,8,10,True,False
NonOverlappingTemplate,NonOverlappingTemplate,False,0.534146,0.8,8,10,True,False,True,0.122325,0.9,9,10,True,True
NonOverlappingTemplate,NonOverlappingTemplate,False,0.534146,0.8,8,10,True,False,True,0.350485,0.9,9,10,True,True
NonOverlappingTemplate,NonOverlappingTemplate,False,0.534146,0.8,8,10,True,False,True,0.739918,0.9,9,10,True,True
NonOverlappingTemplate,NonOverlappingTemplate,False,0.534146,0.8,8,10,True,False,True,0.739918,0.9,9,10,True,True
NonOverlappingTemplate,NonOverlappingTemplate,False,0.534146,0.8,8,10,True,False,False,0.534146,0.8,8,10,True,False
NonOverlappingTemplate,NonOverlappingTemplate,False,0.534146,0.8,8,10,True,False,True,0.739918,0.9,9,10,True,True
NonOverlappingTemplate,NonOverlappingTemplate,False,0.534146,0.8,8,10,True,False,True,0.350485,0.9,9,10,True,True
NonOverlappingTemplate,NonOverlappingTemplate,False,0.534146,0.8,8,10,True,False,True,0.739918,0.9,9,10,True,True
NonOverlappingTemplate,NonOverlappingTemplate,False,0.534146,0.8,8,10,True,False,True,0.534146,0.9,9,10,True,True
NonOverlappingTemplate,NonOverlappingTemplate,False,0.534146,0.8,8,10,True,False,False,0.035174,0.8,8,10,True,False
NonOverlappingTemplate,NonOverlappingTemplate,False,0.534146,0.8,8,10,True,False,True,0.739918,0.9,9,10,True,True
NonOverlappingTemplate,NonOverlappingTemplate,False,0.534146,0.8,8,10,True,False,True,0.739918,0.9,9,10,True,True
NonOverlappingTemplate,NonOverlappingTemplate,False,0.534146,0.8,8,10,True,False,True,0.739918,0.9,9,10,True,True
NonOverlappingTemplate,NonOverlappingTemplate,False,0.534146,0.8,8,10,True,False,True,0.534146,0.9,9,10,True,True
NonOverlappingTemplate,NonOverlappingTemplate,False,0.534146,0.8,8,10,True,False,False,0.350485,0.8,8,10,True,False
NonOverlappingTemplate,NonOverlappingTemplate,False,0.534146,0.8,8,10,True,False,True,0.213309,0.9,9,10,True,True
NonOverlappingTemplate,NonOverlappingTemplate,False,0.534146,0.8,8,10,True,False,True,0.534146,0.9,9,10,True,True
NonOverlappingTemplate,NonOverlappingTemplate,False,0.534146,0.8,8,10,True,False,True,0.213309,0.9,9,10,True,True
NonOverlappingTemplate,NonOverlappingTemplate,False,0.534146,0.8,8,10,True,False,True,0.739918,0.9,9,10,True,True
NonOverlappingTemplate,NonOverlappingTemplate,False,0.534146,0.8,8,10,True,False,True,0.739918,0.9,9,10,True,True
NonOverlappingTemplate,NonOverlappingTemplate,False,0.534146,0.8,8,10,True,False,True,0.035174,0.9,9,10,True,True
NonOverlappingTemplate,NonOverlappingTemplate,False,0.534146,0.8,8,10,True,False,False,0.350485,0.8,8,10,True,False
NonOverlappingTemplate,NonOverlappingTemplate,False,0.534146,0.8,8,10,True,False,True,0.534146,0.9,9,10,True,True
NonOverlappingTemplate,NonOverlappingTemplate,False,0.534146,0.8,8,10,True,False,True,0.739918,0.9,9,10,True,True
NonOverlappingTemplate,NonOverlappingTemplate,False,0.534146,0.8,8,10,True,False,True,0.534146,0.9,9,10,True,True
NonOverlappingTemplate,NonOverlappingTemplate,False,0.534146,0.8,8,10,True,False,True,0.213309,0.9,9,10,True,True
NonOverlappingTemplate,NonOverlappingTemplate,False,0.534146,0.8,8,10,True,False,True,0.739918,0.9,9,10,True,True
NonOverlappingTemplate,NonOverlappingTemplate,False,0.534146,0.8,8,10,True,False,True,0.739918,0.9,9,10,True,True
NonOverlappingTemplate,NonOverlappingTemplate,False,0.534146,0.8,8,10,True,False,True,0.534146,0.9,9,10,True,True
NonOverlappingTemplate,NonOverlappingTemplate,False,0.534146,0.8,8,10,True,False,True,0.213309,0.9,9,10,True,True
NonOverlappingTemplate,NonOverlappingTemplate,False,0.534146,0.8,8,10,True,False,True,0.534146,0.9,9,10,True,True
NonOverlappingTemplate,NonOverlappingTemplate,False,0.534146,0.8,8,10,True,False,False,0.350485,0.7,7,10,True,False
NonOverlappingTemplate,NonOverlappingTemplate,False,0.534146,0.8,8,10,True,False,True,0.911413,0.9,9,10,True,True
NonOverlappingTemplate,NonOverlappingTemplate,False,0.534146,0.8,8,10,True,False,True,0.534146,0.9,9,10,True,True
NonOverlappingTemplate,NonOverlappingTemplate,False,0.534146,0.8,8,10,True,False,True,0.350485,0.9,9,10,True,True
NonOverlappingTemplate,NonOverlappingTemplate,False,0.534146,0.8,8,10,True,False,False,0.911413,0.8,8,10,True,False
NonOverlappingTemplate,NonOverlappingTemplate,False,0.534146,0.8,8,10,True,False,True,0.350485,0.9,9,10,True,True
NonOverlappingTemplate,NonOverlappingTemplate,False,0.534146,0.8,8,10,True,False,True,0.066882,0.9,9,10,True,True
NonOverlappingTemplate,NonOverlappingTemplate,False,0.534146,0.8,8,10,True,False,True,0.350485,0.9,9,10,True,True
NonOverlappingTemplate,NonOverlappingTemplate,False,0.534146,0.8,8,10,True,False,True,0.534146,0.9,9,10,True,True
NonOverlappingTemplate,NonOverlappingTemplate,False,0.534146,0.8,8,10,True,False,True,0.350485,0.9,9,10,True,True
NonOverlappingTemplate,NonOverlappingTemplate,False,0.534146,0.8,8,10,True,False,True,0.534146,0.9,9,10,True,True
NonOverlappingTemplate,NonOverlappingTemplate,False,0.534146,0.8,8,10,True,False,True,0.122325,0.9,9,10,True,True
NonOverlappingTemplate,NonOverlappingTemplate,False,0.534146,0.8,8,10,True,False,True,0.534146,0.9,9,10,True,True
NonOverlappingTemplate,NonOverlappingTemplate,False,0.534146,0.8,8,10,True,False,True,0.739918,0.9,9,10,True,True
NonOverlappingTemplate,NonOverlappingTemplate,False,0.534146,0.8,8,10,True,False,True,0.534146,0.9,9,10,True,True
NonOverlappingTemplate,NonOverlappingTemplate,False,0.534146,0.8,8,10,True,False,True,0.739918,0.9,9,10,True,True
NonOverlappingTemplate,NonOverlappingTemplate,False,0.534146,0.8,8,10,True,False,True,0.911413,0.9,9,10,True,True
NonOverlappingTemplate,NonOverlappingTemplate,False,0.534146,0.8,8,10,True,False,True,0.350485,0.9,9,10,True,True
NonOverlappingTemplate,NonOverlappingTemplate,False,0.534146,0.8,8,10,True,False,True,0.066882,0.9,9,10,True,True
NonOverlappingTemplate,NonOverlappingTemplate,False,0.534146,0.8,8,10,True,False,True,0.911413,0.9,9,10,True,True
NonOverlappingTemplate,NonOverlappingTemplate,False,0.534146,0.8,8,10,True,False,True,0.911413,0.9,9,10,True,True
NonOverlappingTemplate,NonOverlappingTemplate,False,0.534146,0.8,8,10,True,False,True,0.739918,0.9,9,10,True,True
NonOverlappingTemplate,NonOverlappingTemplate,False,0.534146,0.8,8,10,True,False,True,0.213309,0.9,9,10,True,True
NonOverlappingTemplate,NonOverlappingTemplate,False,0.534146,0.8,8,10,True,False,True,0.213309,0.9,9,10,True,True
NonOverlappingTemplate,NonOverlappingTemplate,False,0.534146,0.8,8,10,True,False,False,0.350485,0.7,7,10,True,False
NonOverlappingTemplate,NonOverlappingTemplate,False,0.534146,0.8,8,10,True,False,True,0.991468,0.9,9,10,True,True
NonOverlappingTemplate,NonOverlappingTemplate,False,0.534146,0.8,8,10,True,False,True,0.739918,0.9,9,10,True,True
NonOverlappingTemplate,NonOverlappingTemplate,False,0.534146,0.8,8,10,True,False,False,0.534146,0.8,8,10,True,False
NonOverlappingTemplate,NonOverlappingTemplate,False,0.534146,0.8,8,10,True,False,True,0.739918,0.9,9,10,True,True
NonOverlappingTemplate,NonOverlappingTemplate,False,0.534146,0.8,8,10,True,False,True,0.534146,0.9,9,10,True,True
NonOverlappingTemplate,NonOverlappingTemplate,False,0.534146,0.8,8,10,True,False,True,0.350485,0.9,9,10,True,True
NonOverlappingTemplate,NonOverlappingTemplate,False,0.534146,0.8,8,10,True,False,True,0.534146,0.9,9,10,True,True
NonOverlappingTemplate,NonOverlappingTemplate,False,0.534146,0.8,8,10,True,False,True,0.534146,0.9,9,10,True,True
NonOverlappingTemplate,NonOverlappingTemplate,False,0.534146,0.8,8,10,True,False,True,0.739918,0.9,9,10,True,True
NonOverlappingTemplate,NonOverlappingTemplate,False,0.534146,0.8,8,10,True,False,True,0.739918,0.9,9,10,True,True
NonOverlappingTemplate,NonOverlappingTemplate,False,0.534146,0.8,8,10,True,False,True,0.350485,0.9,9,10,True,True
NonOverlappingTemplate,NonOverlappingTemplate,False,0.534146,0.8,8,10,True,False,True,0.534146,0.9,9,10,True,True
NonOverlappingTemplate,NonOverlappingTemplate,False,0.534146,0.8,8,10,True,False,True,0.213309,0.9,9,10,True,True
NonOverlappingTemplate,NonOverlappingTemplate,False,0.534146,0.8,8,10,True,False,True,0.534146,0.9,9,10,True,True
NonOverlappingTemplate,NonOverlappingTemplate,False,0.534146,0.8,8,10,True,False,True,0.213309,0.9,9,10,True,True
NonOverlappingTemplate,NonOverlappingTemplate,False,0.534146,0.8,8,10,True,False,True,0.350485,0.9,9,10,True,True
NonOverlappingTemplate,NonOverlappingTemplate,False,0.534146,0.8,8,10,True,False,True,0.350485,0.9,9,10,True,True
NonOverlappingTemplate,NonOverlappingTemplate,False,0.534146,0.8,8,10,True,False,True,0.350485,0.9,9,10,True,True
NonOverlappingTemplate,NonOverlappingTemplate,False,0.534146,0.8,8,10,True,False,True,0.122325,0.9,9,10,True,True
NonOverlappingTemplate,NonOverlappingTemplate,False,0.534146,0.8,8,10,True,False,True,0.534146,0.9,9,10,True,True
NonOverlappingTemplate,NonOverlappingTemplate,False,0.534146,0.8,8,10,True,False,True,0.739918,0.9,9,10,True,True
NonOverlappingTemplate,NonOverlappingTemplate,False,0.534146,0.8,8,10,True,False,True,0.213309,0.9,9,10,True,True
NonOverlappingTemplate,NonOverlappingTemplate,False,0.534146,0.8,8,10,True,False,False,0.534146,0.8,8,10,True,False
NonOverlappingTemplate,NonOverlappingTemplate,False,0.534146,0.8,8,10,True,False,True,0.122325,0.9,9,10,True,True
NonOverlappingTemplate,NonOverlappingTemplate,False,0.534146,0.8,8,10,True,False,True,0.350485,0.9,9,10,True,True
NonOverlappingTemplate,NonOverlappingTemplate,False,0.534146,0.8,8,10,True,False,True,0.534146,0.9,9,10,True,True
NonOverlappingTemplate,NonOverlappingTemplate,False,0.534146,0.8,8,10,True,False,True,0.911413,0.9,9,10,True,True
NonOverlappingTemplate,NonOverlappingTemplate,False,0.534146,0.8,8,10,True,False,True,0.739918,0.9,9,10,True,True
NonOverlappingTemplate,NonOverlappingTemplate,False,0.534146,0.8,8,10,True,False,True,0.739918,0.9,9,10,True,True
NonOverlappingTemplate,NonOverlappingTemplate,False,0.534146,0.8,8,10,True,False,True,0.534146,0.9,9,10,True,True
NonOverlappingTemplate,NonOverlappingTemplate,False,0.534146,0.8,8,10,True,False,True,0.350485,0.9,9,10,True,True
NonOverlappingTemplate,NonOverlappingTemplate,False,0.534146,0.8,8,10,True,False,True,0.739918,0.9,9,10,True,True
NonOverlappingTemplate,NonOverlappingTemplate,False,0.534146,0.8,8,10,True,False,True,0.122325,0.9,9,10,True,True
NonOverlappingTemplate,NonOverlappingTemplate,False,0.534146,0.8,8,10,True,False,True,0.350485,0.9,9,10,True,True
NonOverlappingTemplate,NonOverlappingTemplate,False,0.534146,0.8,8,10,True,False,True,0.739918,0.9,9,10,True,True
NonOverlappingTemplate,NonOverlappingTemplate,False,0.534146,0.8,8,10,True,False,True,0.350485,0.9,9,10,True,True
NonOverlappingTemplate,NonOverlappingTemplate,False,0.534146,0.8,8,10,True,False,False,0.122325,0.8,8,10,True,False
NonOverlappingTemplate,NonOverlappingTemplate,False,0.534146,0.8,8,10,True,False,False,0.534146,0.8,8,10,True,False
NonOverlappingTemplate,NonOverlappingTemplate,False,0.534146,0.8,8,10,True,False,True,0.739918,0.9,9,10,True,True
NonOverlappingTemplate,NonOverlappingTemplate,False,0.534146,0.8,8,10,True,False,True,0.534146,0.9,9,10,True,True
NonOverlappingTemplate,NonOverlappingTemplate,False,0.534146,0.8,8,10,True,False,True,0.739918,0.9,9,10,True,True
NonOverlappingTemplate,NonOverlappingTemplate,False,0.534146,0.8,8,10,True,False,False,0.122325,0.8,8,10,True,False
NonOverlappingTemplate,NonOverlappingTemplate,False,0.534146,0.8,8,10,True,False,True,0.213309,0.9,9,10,True,True
NonOverlappingTemplate,NonOverlappingTemplate,False,0.534146,0.8,8,10,True,False,True,0.911413,0.9,9,10,True,True
NonOverlappingTemplate,NonOverlappingTemplate,False,0.534146,0.8,8,10,True,False,True,0.739918,0.9,9,10,True,True
NonOverlappingTemplate,NonOverlappingTemplate,False,0.534146,0.8,8,10,True,False,True,0.350485,0.9,9,10,True,True
NonOverlappingTemplate,NonOverlappingTemplate,False,0.534146,0.8,8,10,True,False,True,0.350485,0.9,9,10,True,True
NonOverlappingTemplate,NonOverlappingTemplate,False,0.534146,0.8,8,10,True,False,True,0.534146,0.9,9,10,True,True
NonOverlappingTemplate,NonOverlappingTemplate,False,0.534146,0.8,8,10,True,False,True,0.739918,0.9,9,10,True,True
NonOverlappingTemplate,NonOverlappingTemplate,False,0.534146,0.8,8,10,True,False,True,0.534146,0.9,9,10,True,True
NonOverlappingTemplate,NonOverlappingTemplate,False,0.534146,0.8,8,10,True,False,True,0.991468,0.9,9,10,True,True
NonOverlappingTemplate,NonOverlappingTemplate,False,0.534146,0.8,8,10,True,False,True,0.350485,0.9,9,10,True,True
NonOverlappingTemplate,NonOverlappingTemplate,False,0.534146,0.8,8,10,True,False,True,0.911413,0.9,9,10,True,True
NonOverlappingTemplate,NonOverlappingTemplate,False,0.534146,0.8,8,10,True,False,True,0.350485,0.9,9,10,True,True
NonOverlappingTemplate,NonOverlappingTemplate,False,0.534146,0.8,8,10,True,False,True,0.534146,0.9,9,10,True,True
NonOverlappingTemplate,NonOverlappingTemplate,False,0.534146,0.8,8,10,True,False,True,0.534146,0.9,9,10,True,True
NonOverlappingTemplate,NonOverlappingTemplate,False,0.534146,0.8,8,10,True,False,True,0.350485,0.9,9,10,True,True
NonOverlappingTemplate,NonOverlappingTemplate,False,0.534146,0.8,8,10,True,False,True,0.534146,0.9,9,10,True,True
NonOverlappingTemplate,NonOverlappingTemplate,False,0.534146,0.8,8,10,True,False,True,0.739918,0.9,9,10,True,True
NonOverlappingTemplate,NonOverlappingTemplate,False,0.534146,0.8,8,10,True,False,False,0.911413,0.8,8,10,True,False
NonOverlappingTemplate,NonOverlappingTemplate,False,0.534146,0.8,8,10,True,False,True,0.534146,0.9,9,10,True,True
NonOverlappingTemplate,NonOverlappingTemplate,False,0.534146,0.8,8,10,True,False,True,0.534146,0.9,9,10,True,True
NonOverlappingTemplate,NonOverlappingTemplate,False,0.534146,0.8,8,10,True,False,True,0.122325,0.9,9,10,True,True
NonOverlappingTemplate,NonOverlappingTemplate,False,0.534146,0.8,8,10,True,False,True,0.350485,0.9,9,10,True,True
NonOverlappingTemplate,NonOverlappingTemplate,False,0.534146,0.8,8,10,True,False,True,0.534146,0.9,9,10,True,True
NonOverlappingTemplate,NonOverlappingTemplate,False,0.534146,0.8,8,10,True,False,True,0.122325,0.9,9,10,True,True
NonOverlappingTemplate,NonOverlappingTemplate,False,0.534146,0.8,8,10,True,False,True,0.534146,0.9,9,10,True,True
NonOverlappingTemplate,NonOverlappingTemplate,False,0.534146,0.8,8,10,True,False,True,0.739918,0.9,9,10,True,True
NonOverlappingTemplate,NonOverlappingTemplate,False,0.534146,0.8,8,10,True,False,False,0.350485,0.8,8,10,True,False
NonOverlappingTemplate,NonOverlappingTemplate,False,0.534146,0.8,8,10,True,False,True,0.534146,0.9,9,10,True,True
NonOverlappingTemplate,NonOverlappingTemplate,False,0.534146,0.8,8,10,True,False,True,0.739918,0.9,9,10,True,True
NonOverlappingTemplate,NonOverlappingTemplate,False,0.534146,0.8,8,10,True,False,True,0.534146,0.9,9,10,True,True
NonOverlappingTemplate,NonOverlappingTemplate,False,0.534146,0.8,8,10,True,False,True,0.534146,0.9,9,10,True,True
NonOverlappingTemplate,NonOverlappingTemplate,False,0.534146,0.8,8,10,True,False,True,0.213309,0.9,9,10,True,True
NonOverlappingTemplate,NonOverlappingTemplate,False,0.534146,0.8,8,10,True,False,True,0.534146,0.9,9,10,True,True
NonOverlappingTemplate,NonOverlappingTemplate,False,0.534146,0.8,8,10,True,False,True,0.739918,0.9,9,10,True,True
NonOverlappingTemplate,NonOverlappingTemplate,False,0.534146,0.8,8,10,True,False,True,0.991468,0.9,9,10,True,True
NonOverlappingTemplate,NonOverlappingTemplate,False,0.534146,0.8,8,10,True,False,True,0.739918,0.9,9,10,True,True
NonOverlappingTemplate,NonOverlappingTemplate,False,0.534146,0.8,8,10,True,False,True,0.534146,0.9,9,10,True,True
NonOverlappingTemplate,NonOverlappingTemplate,True,0.739918,0.9,9,10,True,True,False,0.534146,0.8,8,10,True,False
NonOverlappingTemplate,NonOverlappingTemplate,True,0.739918,0.9,9,10,True,True,False,0.534146,0.8,8,10,True,False
NonOverlappingTemplate,NonOverlappingTemplate,True,0.739918,0.9,9,10,True,True,False,0.035174,0.8,8,10,True,False
NonOverlappingTemplate,NonOverlappingTemplate,True,0.739918,0.9,9,10,True,True,False,0.350485,0.8,8,10,True,False
NonOverlappingTemplate,NonOverlappingTemplate,True,0.739918,0.9,9,10,True,True,False,0.350485,0.8,8,10,True,False
NonOverlappingTemplate,NonOverlappingTemplate,True,0.739918,0.9,9,10,True,True,False,0.350485,0.7,7,10,True,False
NonOverlappingTemplate,NonOverlappingTemplate,True,0.739918,0.9,9,10,True,True,False,0.911413,0.8,8,10,True,False
NonOverlappingTemplate,NonOverlappingTemplate,True,0.739918,0.9,9,10,True,True,False,0.350485,0.7,7,10,True,False
NonOverlappingTemplate,NonOverlappingTemplate,True,0.739918,0.9,9,10,True,True,False,0.534146,0.8,8,10,True,False
NonOverlappingTemplate,NonOverlappingTemplate,True,0.739918,0.9,9,10,True,True,False,0.534146,0.8,8,10,True,False
NonOverlappingTemplate,NonOverlappingTemplate,True,0.739918,0.9,9,10,True,True,False,0.122325,0.8,8,10,True,False
NonOverlappingTemplate,NonOverlappingTemplate,True,0.739918,0.9,9,10,True,True,False,0.534146,0.8,8,10,True,False
NonOverlappingTemplate,NonOverlappingTemplate,True,0.739918,0.9,9,10,True,True,False,0.122325,0.8,8,10,True,False
NonOverlappingTemplate,NonOverlappingTemplate,True,0.739918,0.9,9,10,True,True,False,0.911413,0.8,8,10,True,False
NonOverlappingTemplate,NonOverlappingTemplate,True,0.739918,0.9,9,10,True,True,False,0.350485,0.8,8,10,True,False
NonOverlappingTemplate,NonOverlappingTemplate,True,0.213309,0.9,9,10,True,True,False,0.534146,0.8,8,10,True,False
NonOverlappingTemplate,NonOverlappingTemplate,True,0.213309,0.9,9,10,True,True,False,0.534146,0.8,8,10,True,False
NonOverlappingTemplate,NonOverlappingTemplate,True,0.213309,0.9,9,10,True,True,False,0.035174,0.8,8,10,True,False
NonOverlappingTemplate,NonOverlappingTemplate,True,0.213309,0.9,9,10,True,True,False,0.350485,0.8,8,10,True,False
NonOverlappingTemplate,NonOverlappingTemplate,True,0.213309,0.9,9,10,True,True,False,0.350485,0.8,8,10,True,False
NonOverlappingTemplate,NonOverlappingTemplate,True,0.213309,0.9,9,10,True,True,False,0.350485,0.7,7,10,True,False
NonOverlappingTemplate,NonOverlappingTemplate,True,0.213309,0.9,9,10,True,True,False,0.911413,0.8,8,10,True,False
NonOverlappingTemplate,NonOverlappingTemplate,True,0.213309,0.9,9,10,True,True,False,0.350485,0.7,7,10,True,False
NonOverlappingTemplate,NonOverlappingTemplate,True,0.213309,0.9,9,10,True,True,False,0.534146,0.8,8,10,True,False
NonOverlappingTemplate,NonOverlappingTemplate,True,0.213309,0.9,9,10,True,True,False,0.534146,0.8,8,10,True,False
NonOverlappingTemplate,NonOverlappingTemplate,True,0.213309,0.9,9,10,True,True,False,0.122325,0.8,8,10,True,False
NonOverlappingTemplate,NonOverlappingTemplate,True,0.213309,0.9,9,10,True,True,False,0.534146,0.8,8,10,True,False
NonOverlappingTemplate,NonOverlappingTemplate,True,0.213309,0.9,9,10,True,True,False,0.122325,0.8,8,10,True,False
NonOverlappingTemplate,NonOverlappingTemplate,True,0.213309,0.9,9,10,True,True,False,0.911413,0.8,8,10,True,False
NonOverlappingTemplate,NonOverlappingTemplate,True,0.213309,0.9,9,10,True,True,False,0.350485,0.8,8,10,True,False
NonOverlappingTemplate,NonOverlappingTemplate,True,0.350485,0.9,9,10,True,True,False,0.534146,0.8,8,10,True,False
NonOverlappingTemplate,NonOverlappingTemplate,True,0.350485,0.9,9,10,True,True,False,0.534146,0.8,8,10,True,False
NonOverlappingTemplate,NonOverlappingTemplate,True,0.350485,0.9,9,10,True,True,False,0.035174,0.8,8,10,True,False
NonOverlappingTemplate,NonOverlappingTemplate,True,0.350485,0.9,9,10,True,True,False,0.350485,0.8,8,10,True,False
NonOverlappingTemplate,NonOverlappingTemplate,True,0.350485,0.9,9,10,True,True,False,0.350485,0.8,8,10,True,False
NonOverlappingTemplate,NonOverlappingTemplate,True,0.350485,0.9,9,10,True,True,False,0.350485,0.7,7,10,True,False
NonOverlappingTemplate,NonOverlappingTemplate,True,0.350485,0.9,9,10,True,True,False,0.911413,0.8,8,10,True,False
NonOverlappingTemplate,NonOverlappingTemplate,True,0.350485,0.9,9,10,True,True,False,0.350485,0.7,7,10,True,False
NonOverlappingTemplate,NonOverlappingTemplate,True,0.350485,0.9,9,10,True,True,False,0.534146,0.8,8,10,True,False
NonOverlappingTemplate,NonOverlappingTemplate,True,0.350485,0.9,9,10,True,True,False,0.534146,0.8,8,10,True,False
NonOverlappingTemplate,NonOverlappingTemplate,True,0.350485,0.9,9,10,True,True,False,0.122325,0.8,8,10,True,False
NonOverlappingTemplate,NonOverlappingTemplate,True,0.350485,0.9,9,10,True,True,False,0.534146,0.8,8,10,True,False
NonOverlappingTemplate,NonOverlappingTemplate,True,0.350485,0.9,9,10,True,True,False,0.122325,0.8,8,10,True,False
NonOverlappingTemplate,NonOverlappingTemplate,True,0.350485,0.9,9,10,True,True,False,0.911413,0.8,8,10,True,False
NonOverlappingTemplate,NonOverlappingTemplate,True,0.350485,0.9,9,10,True,True,False,0.350485,0.8,8,10,True,False
NonOverlappingTemplate,NonOverlappingTemplate,True,0.911413,0.9,9,10,True,True,False,0.534146,0.8,8,10,True,False
NonOverlappingTemplate,NonOverlappingTemplate,True,0.911413,0.9,9,10,True,True,False,0.534146,0.8,8,10,True,False
NonOverlappingTemplate,NonOverlappingTemplate,True,0.911413,0.9,9,10,True,True,False,0.035174,0.8,8,10,True,False
NonOverlappingTemplate,NonOverlappingTemplate,True,0.911413,0.9,9,10,True,True,False,0.350485,0.8,8,10,True,False
NonOverlappingTemplate,NonOverlappingTemplate,True,0.911413,0.9,9,10,True,True,False,0.350485,0.8,8,10,True,False
NonOverlappingTemplate,NonOverlappingTemplate,True,0.911413,0.9,9,10,True,True,False,0.350485,0.7,7,10,True,False
NonOverlappingTemplate,NonOverlappingTemplate,True,0.911413,0.9,9,10,True,True,False,0.911413,0.8,8,10,True,False
NonOverlappingTemplate,NonOverlappingTemplate,True,0.911413,0.9,9,10,True,True,False,0.350485,0.7,7,10,True,False
NonOverlappingTemplate,NonOverlappingTemplate,True,0.911413,0.9,9,10,True,True,False,0.534146,0.8,8,10,True,False
NonOverlappingTemplate,NonOverlappingTemplate,True,0.911413,0.9,9,10,True,True,False,0.534146,0.8,8,10,True,False
NonOverlappingTemplate,NonOverlappingTemplate,True,0.911413,0.9,9,10,True,True,False,0.122325,0.8,8,10,True,False
NonOverlappingTemplate,NonOverlappingTemplate,True,0.911413,0.9,9,10,True,True,False,0.534146,0.8,8,10,True,False
NonOverlappingTemplate,NonOverlappingTemplate,True,0.911413,0.9,9,10,True,True,False,0.122325,0.8,8,10,True,False
NonOverlappingTemplate,NonOverlappingTemplate,True,0.911413,0.9,9,10,True,True,False,0.911413,0.8,8,10,True,False
NonOverlappingTemplate,NonOverlappingTemplate,True,0.911413,0.9,9,10,True,True,False,0.350485,0.8,8,10,True,False
NonOverlappingTemplate,NonOverlappingTemplate,True,0.066882,0.9,9,10,True,True,False,0.534146,0.8,8,10,True,False
NonOverlappingTemplate,NonOverlappingTemplate,True,0.066882,0.9,9,10,True,True,False,0.534146,0.8,8,10,True,False
NonOverlappingTemplate,NonOverlappingTemplate,True,0.066882,0.9,9,10,True,True,False,0.035174,0.8,8,10,True,False
NonOverlappingTemplate,NonOverlappingTemplate,True,0.066882,0.9,9,10,True,True,False,0.350485,0.8,8,10,True,False
NonOverlappingTemplate,NonOverlappingTemplate,True,0.066882,0.9,9,10,True,True,False,0.350485,0.8,8,10,True,False
NonOverlappingTemplate,NonOverlappingTemplate,True,0.066882,0.9,9,10,True,True,False,0.350485,0.7,7,10,True,False
NonOverlappingTemplate,NonOverlappingTemplate,True,0.066882,0.9,9,10,True,True,False,0.911413,0.8,8,10,True,False
NonOverlappingTemplate,NonOverlappingTemplate,True,0.066882,0.9,9,10,True,True,False,0.350485,0.7,7,10,True,False
NonOverlappingTemplate,NonOverlappingTemplate,True,0.066882,0.9,9,10,True,True,False,0.534146,0.8,8,10,True,False
NonOverlappingTemplate,NonOverlappingTemplate,True,0.066882,0.9,9,10,True,True,False,0.534146,0.8,8,10,True,False
NonOverlappingTemplate,NonOverlappingTemplate,True,0.066882,0.9,9,10,True,True,False,0.122325,0.8,8,10,True,False
NonOverlappingTemplate,NonOverlappingTemplate,True,0.066882,0.9,9,10,True,True,False,0.534146,0.8,8,10,True,False
NonOverlappingTemplate,NonOverlappingTemplate,True,0.066882,0.9,9,10,True,True,False,0.122325,0.8,8,10,True,False
NonOverlappingTemplate,NonOverlappingTemplate,True,0.066882,0.9,9,10,True,True,False,0.911413,0.8,8,10,True,False
NonOverlappingTemplate,NonOverlappingTemplate,True,0.066882,0.9,9,10,True,True,False,0.350485,0.8,8,10,True,False
NonOverlappingTemplate,NonOverlappingTemplate,True,0.739918,0.9,9,10,True,True,False,0.534146,0.8,8,10,True,False
NonOverlappingTemplate,NonOverlappingTemplate,True,0.739918,0.9,9,10,True,True,False,0.534146,0.8,8,10,True,False
NonOverlappingTemplate,NonOverlappingTemplate,True,0.739918,0.9,9,10,True,True,False,0.035174,0.8,8,10,True,False
NonOverlappingTemplate,NonOverlappingTemplate,True,0.739918,0.9,9,10,True,True,False,0.350485,0.8,8,10,True,False
NonOverlappingTemplate,NonOverlappingTemplate,True,0.739918,0.9,9,10,True,True,False,0.350485,0.8,8,10,True,False
NonOverlappingTemplate,NonOverlappingTemplate,True,0.739918,0.9,9,10,True,True,False,0.350485,0.7,7,10,True,False
NonOverlappingTemplate,NonOverlappingTemplate,True,0.739918,0.9,9,10,True,True,False,0.911413,0.8,8,10,True,False
NonOverlappingTemplate,NonOverlappingTemplate,True,0.739918,0.9,9,10,True,True,False,0.350485,0.7,7,10,True,False
NonOverlappingTemplate,NonOverlappingTemplate,True,0.739918,0.9,9,10,True,True,False,0.534146,0.8,8,10,True,False
NonOverlappingTemplate,NonOverlappingTemplate,True,0.739918,0.9,9,10,True,True,False,0.534146,0.8,8,10,True,False
NonOverlappingTemplate,NonOverlappingTemplate,True,0.739918,0.9,9,10,True,True,False,0.122325,0.8,8,10,True,False
NonOverlappingTemplate,NonOverlappingTemplate,True,0.739918,0.9,9,10,True,True,False,0.534146,0.8,8,10,True,False
NonOverlappingTemplate,NonOverlappingTemplate,True,0.739918,0.9,9,10,True,True,False,0.122325,0.8,8,10,True,False
NonOverlappingTemplate,NonOverlappingTemplate,True,0.739918,0.9,9,10,True,True,False,0.911413,0.8,8,10,True,False
NonOverlappingTemplate,NonOverlappingTemplate,True,0.739918,0.9,9,10,True,True,False,0.350485,0.8,8,10,True,False
NonOverlappingTemplate,NonOverlappingTemplate,True,0.739918,0.9,9,10,True,True,False,0.534146,0.8,8,10,True,False
NonOverlappingTemplate,NonOverlappingTemplate,True,0.739918,0.9,9,10,True,True,False,0.534146,0.8,8,10,True,False
NonOverlappingTemplate,NonOverlappingTemplate,True,0.739918,0.9,9,10,True,True,False,0.035174,0.8,8,10,True,False
NonOverlappingTemplate,NonOverlappingTemplate,True,0.739918,0.9,9,10,True,True,False,0.350485,0.8,8,10,True,False
NonOverlappingTemplate,NonOverlappingTemplate,True,0.739918,0.9,9,10,True,True,False,0.350485,0.8,8,10,True,False
NonOverlappingTemplate,NonOverlappingTemplate,True,0.739918,0.9,9,10,True,True,False,0.350485,0.7,7,10,True,False
NonOverlappingTemplate,NonOverlappingTemplate,True,0.739918,0.9,9,10,True,True,False,0.911413,0.8,8,10,True,False
NonOverlappingTemplate,NonOverlappingTemplate,True,0.739918,0.9,9,10,True,True,False,0.350485,0.7,7,10,True,False
NonOverlappingTemplate,NonOverlappingTemplate,True,0.739918,0.9,9,10,True,True,False,0.534146,0.8,8,10,True,False
NonOverlappingTemplate,NonOverlappingTemplate,True,0.739918,0.9,9,10,True,True,False,0.534146,0.8,8,10,True,False
NonOverlappingTemplate,NonOverlappingTemplate,True,0.739918,0.9,9,10,True,True,False,0.122325,0.8,8,10,True,False
NonOverlappingTemplate,NonOverlappingTemplate,True,0.739918,0.9,9,10,True,True,False,0.534146,0.8,8,10,True,False
NonOverlappingTemplate,NonOverlappingTemplate,True,0.739918,0.9,9,10,True,True,False,0.122325,0.8,8,10,True,False
NonOverlappingTemplate,NonOverlappingTemplate,True,0.739918,0.9,9,10,True,True,False,0.911413,0.8,8,10,True,False
NonOverlappingTemplate,NonOverlappingTemplate,True,0.739918,0.9,9,10,True,True,False,0.350485,0.8,8,10,True,False
NonOverlappingTemplate,NonOverlappingTemplate,True,0.739918,0.9,9,10,True,True,False,0.534146,0.8,8,10,True,False
NonOverlappingTemplate,NonOverlappingTemplate,True,0.739918,0.9,9,10,True,True,False,0.534146,0.8,8,10,True,False
NonOverlappingTemplate,NonOverlappingTemplate,True,0.739918,0.9,9,10,True,True,False,0.035174,0.8,8,10,True,False
NonOverlappingTemplate,NonOverlappingTemplate,True,0.739918,0.9,9,10,True,True,False,0.350485,0.8,8,10,True,False
NonOverlappingTemplate,NonOverlappingTemplate,True,0.739918,0.9,9,10,True,True,False,0.350485,0.8,8,10,True,False
NonOverlappingTemplate,NonOverlappingTemplate,True,0.739918,0.9,9,10,True,True,False,0.350485,0.7,7,10,True,False
NonOverlappingTemplate,NonOverlappingTemplate,True,0.739918,0.9,9,10,True,True,False,0.911413,0.8,8,10,True,False
NonOverlappingTemplate,NonOverlappingTemplate,True,0.739918,0.9,9,10,True,True,False,0.350485,0.7,7,10,True,False
NonOverlappingTemplate,NonOverlappingTemplate,True,0.739918,0.9,9,10,True,True,False,0.534146,0.8,8,10,True,False
NonOverlappingTemplate,NonOverlappingTemplate,True,0.739918,0.9,9,10,True,True,False,0.534146,0.8,8,10,True,False
NonOverlappingTemplate,NonOverlappingTemplate,True,0.739918,0.9,9,10,True,True,False,0.122325,0.8,8,10,True,False
NonOverlappingTemplate,NonOverlappingTemplate,True,0.739918,0.9,9,10,True,True,False,0.534146,0.8,8,10,True,False
NonOverlappingTemplate,NonOverlappingTemplate,True,0.739918,0.9,9,10,True,True,False,0.122325,0.8,8,10,True,False
NonOverlappingTemplate,NonOverlappingTemplate,True,0.739918,0.9,9,10,True,True,False,0.911413,0.8,8,10,True,False
NonOverlappingTemplate,NonOverlappingTemplate,True,0.739918,0.9,9,10,True,True,False,0.350485,0.8,8,10,True,False
NonOverlappingTemplate,NonOverlappingTemplate,True,0.017912,0.9,9,10,True,True,False,0.534146,0.8,8,10,True,False
NonOverlappingTemplate,NonOverlappingTemplate,True,0.017912,0.9,9,10,True,True,False,0.534146,0.8,8,10,True,False
NonOverlappingTemplate,NonOverlappingTemplate,True,0.017912,0.9,9,10,True,True,False,0.035174,0.8,8,10,True,False
NonOverlappingTemplate,NonOverlappingTemplate,True,0.017912,0.9,9,10,True,True,False,0.350485,0.8,8,10,True,False
NonOverlappingTemplate,NonOverlappingTemplate,True,0.017912,0.9,9,10,True,True,False,0.350485,0.8,8,10,True,False
NonOverlappingTemplate,NonOverlappingTemplate,True,0.017912,0.9,9,10,True,True,False,0.350485,0.7,7,10,True,False
NonOverlappingTemplate,NonOverlappingTemplate,True,0.017912,0.9,9,10,True,True,False,0.911413,0.8,8,10,True,False
NonOverlappingTemplate,NonOverlappingTemplate,True,0.017912,0.9,9,10,True,True,False,0.350485,0.7,7,10,True,False
NonOverlappingTemplate,NonOverlappingTemplate,True,0.017912,0.9,9,10,True,True,False,0.534146,0.8,8,10,True,False
NonOverlappingTemplate,NonOverlappingTemplate,True,0.017912,0.9,9,10,True,True,False,0.534146,0.8,8,10,True,False
NonOverlappingTemplate,NonOverlappingTemplate,True,0.017912,0.9,9,10,True,True,False,0.122325,0.8,8,10,True,False
NonOverlappingTemplate,NonOverlappingTemplate,True,0.017912,0.9,9,10,True,True,False,0.534146,0.8,8,10,True,False
NonOverlappingTemplate,NonOverlappingTemplate,True,0.017912,0.9,9,10,True,True,False,0.122325,0.8,8,10,True,False
NonOverlappingTemplate,NonOverlappingTemplate,True,0.017912,0.9,9,10,True,True,False,0.911413,0.8,8,10,True,False
NonOverlappingTemplate,NonOverlappingTemplate,True,0.017912,0.9,9,10,True,True,False,0.350485,0.8,8,10,True,False
NonOverlappingTemplate,NonOverlappingTemplate,True,0.534146,0.9,9,10,True,True,False,0.534146,0.8,8,10,True,False
NonOverlappingTemplate,NonOverlappingTemplate,True,0.534146,0.9,9,10,True,True,False,0.534146,0.8,8,10,True,False
NonOverlappingTemplate,NonOverlappingTemplate,True,0.534146,0.9,9,10,True,True,False,0.035174,0.8,8,10,True,False
NonOverlappingTemplate,NonOverlappingTemplate,True,0.534146,0.9,9,10,True,True,False,0.350485,0.8,8,10,True,False
NonOverlappingTemplate,NonOverlappingTemplate,True,0.534146,0.9,9,10,True,True,False,0.350485,0.8,8,10,True,False
NonOverlappingTemplate,NonOverlappingTemplate,True,0.534146,0.9,9,10,True,True,False,0.350485,0.7,7,10,True,False
NonOverlappingTemplate,NonOverlappingTemplate,True,0.534146,0.9,9,10,True,True,False,0.911413,0.8,8,10,True,False
NonOverlappingTemplate,NonOverlappingTemplate,True,0.534146,0.9,9,10,True,True,False,0.350485,0.7,7,10,True,False
NonOverlappingTemplate,NonOverlappingTemplate,True,0.534146,0.9,9,10,True,True,False,0.534146,0.8,8,10,True,False
NonOverlappingTemplate,NonOverlappingTemplate,True,0.534146,0.9,9,10,True,True,False,0.534146,0.8,8,10,True,False
NonOverlappingTemplate,NonOverlappingTemplate,True,0.534146,0.9,9,10,True,True,False,0.122325,0.8,8,10,True,False
NonOverlappingTemplate,NonOverlappingTemplate,True,0.534146,0.9,9,10,True,True,False,0.534146,0.8,8,10,True,False
NonOverlappingTemplate,NonOverlappingTemplate,True,0.534146,0.9,9,10,True,True,False,0.122325,0.8,8,10,True,False
NonOverlappingTemplate,NonOverlappingTemplate,True,0.534146,0.9,9,10,True,True,False,0.911413,0.8,8,10,True,False
NonOverlappingTemplate,NonOverlappingTemplate,True,0.534146,0.9,9,10,True,True,False,0.350485,0.8,8,10,True,False
NonOverlappingTemplate,NonOverlappingTemplate,True,0.066882,0.9,9,10,True,True,False,0.534146,0.8,8,10,True,False
NonOverlappingTemplate,NonOverlappingTemplate,True,0.066882,0.9,9,10,True,True,False,0.534146,0.8,8,10,True,False
NonOverlappingTemplate,NonOverlappingTemplate,True,0.066882,0.9,9,10,True,True,False,0.035174,0.8,8,10,True,False
NonOverlappingTemplate,NonOverlappingTemplate,True,0.066882,0.9,9,10,True,True,False,0.350485,0.8,8,10,True,False
NonOverlappingTemplate,NonOverlappingTemplate,True,0.066882,0.9,9,10,True,True,False,0.350485,0.8,8,10,True,False
NonOverlappingTemplate,NonOverlappingTemplate,True,0.066882,0.9,9,10,True,True,False,0.350485,0.7,7,10,True,False
NonOverlappingTemplate,NonOverlappingTemplate,True,0.066882,0.9,9,10,True,True,False,0.911413,0.8,8,10,True,False
NonOverlappingTemplate,NonOverlappingTemplate,True,0.066882,0.9,9,10,True,True,False,0.350485,0.7,7,10,True,False
NonOverlappingTemplate,NonOverlappingTemplate,True,0.066882,0.9,9,10,True,True,False,0.534146,0.8,8,10,True,False
NonOverlappingTemplate,NonOverlappingTemplate,True,0.066882,0.9,9,10,True,True,False,0.534146,0.8,8,10,True,False
NonOverlappingTemplate,NonOverlappingTemplate,True,0.066882,0.9,9,10,True,True,False,0.122325,0.8,8,10,True,False
NonOverlappingTemplate,NonOverlappingTemplate,True,0.066882,0.9,9,10,True,True,False,0.534146,0.8,8,10,True,False
NonOverlappingTemplate,NonOverlappingTemplate,True,0.066882,0.9,9,10,True,True,False,0.122325,0.8,8,10,True,False
NonOverlappingTemplate,NonOverlappingTemplate,True,0.066882,0.9,9,10,True,True,False,0.911413,0.8,8,10,True,False
NonOverlappingTemplate,NonOverlappingTemplate,True,0.066882,0.9,9,10,True,True,False,0.350485,0.8,8,10,True,False
NonOverlappingTemplate,NonOverlappingTemplate,True,0.911413,0.9,9,10,True,True,False,0.534146,0.8,8,10,True,False
NonOverlappingTemplate,NonOverlappingTemplate,True,0.911413,0.9,9,10,True,True,False,0.534146,0.8,8,10,True,False
NonOverlappingTemplate,NonOverlappingTemplate,True,0.911413,0.9,9,10,True,True,False,0.035174,0.8,8,10,True,False
NonOverlappingTemplate,NonOverlappingTemplate,True,0.911413,0.9,9,10,True,True,False,0.350485,0.8,8,10,True,False
NonOverlappingTemplate,NonOverlappingTemplate,True,0.911413,0.9,9,10,True,True,False,0.350485,0.8,8,10,True,False
NonOverlappingTemplate,NonOverlappingTemplate,True,0.911413,0.9,9,10,True,True,False,0.350485,0.7,7,10,True,False
NonOverlappingTemplate,NonOverlappingTemplate,True,0.911413,0.9,9,10,True,True,False,0.911413,0.8,8,10,True,False
NonOverlappingTemplate,NonOverlappingTemplate,True,0.911413,0.9,9,10,True,True,False,0.350485,0.7,7,10,True,False
NonOverlappingTemplate,NonOverlappingTemplate,True,0.911413,0.9,9,10,True,True,False,0.534146,0.8,8,10,True,False
NonOverlappingTemplate,NonOverlappingTemplate,True,0.911413,0.9,9,10,True,True,False,0.534146,0.8,8,10,True,False
NonOverlappingTemplate,NonOverlappingTemplate,True,0.911413,0.9,9,10,True,True,False,0.122325,0.8,8,10,True,False
NonOverlappingTemplate,NonOverlappingTemplate,True,0.911413,0.9,9,10,True,True,False,0.534146,0.8,8,10,True,False
NonOverlappingTemplate,NonOverlappingTemplate,True,0.911413,0.9,9,10,True,True,False,0.122325,0.8,8,10,True,False
NonOverlappingTemplate,NonOverlappingTemplate,True,0.911413,0.9,9,10,True,True,False,0.911413,0.8,8,10,True,False
NonOverlappingTemplate,NonOverlappingTemplate,True,0.911413,0.9,9,10,True,True,False,0.350485,0.8,8,10,True,False
NonOverlappingTemplate,NonOverlappingTemplate,True,0.739918,0.9,9,10,True,True,False,0.534146,0.8,8,10,True,False
NonOverlappingTemplate,NonOverlappingTemplate,True,0.739918,0.9,9,10,True,True,False,0.534146,0.8,8,10,True,False
NonOverlappingTemplate,NonOverlappingTemplate,True,0.739918,0.9,9,10,True,True,False,0.035174,0.8,8,10,True,False
NonOverlappingTemplate,NonOverlappingTemplate,True,0.739918,0.9,9,10,True,True,False,0.350485,0.8,8,10,True,False
NonOverlappingTemplate,NonOverlappingTemplate,True,0.739918,0.9,9,10,True,True,False,0.350485,0.8,8,10,True,False
NonOverlappingTemplate,NonOverlappingTemplate,True,0.739918,0.9,9,10,True,True,False,0.350485,0.7,7,10,True,False
NonOverlappingTemplate,NonOverlappingTemplate,True,0.739918,0.9,9,10,True,True,False,0.911413,0.8,8,10,True,False
NonOverlappingTemplate,NonOverlappingTemplate,True,0.739918,0.9,9,10,True,True,False,0.350485,0.7,7,10,True,False
NonOverlappingTemplate,NonOverlappingTemplate,True,0.739918,0.9,9,10,True,True,False,0.534146,0.8,8,10,True,False
NonOverlappingTemplate,NonOverlappingTemplate,True,0.739918,0.9,9,10,True,True,False,0.534146,0.8,8,10,True,False
NonOverlappingTemplate,NonOverlappingTemplate,True,0.739918,0.9,9,10,True,True,False,0.122325,0.8,8,10,True,False
NonOverlappingTemplate,NonOverlappingTemplate,True,0.739918,0.9,9,10,True,True,False,0.534146,0.8,8,10,True,False
NonOverlappingTemplate,NonOverlappingTemplate,True,0.739918,0.9,9,10,True,True,False,0.122325,0.8,8,10,True,False
NonOverlappingTemplate,NonOverlappingTemplate,True,0.739918,0.9,9,10,True,True,False,0.911413,0.8,8,10,True,False
NonOverlappingTemplate,NonOverlappingTemplate,True,0.739918,0.9,9,10,True,True,False,0.350485,0.8,8,10,True,False
NonOverlappingTemplate,NonOverlappingTemplate,True,0.534146,0.9,9,10,True,True,False,0.534146,0.8,8,10,True,False
NonOverlappingTemplate,NonOverlappingTemplate,True,0.534146,0.9,9,10,True,True,False,0.534146,0.8,8,10,True,False
NonOverlappingTemplate,NonOverlappingTemplate,True,0.534146,0.9,9,10,True,True,False,0.035174,0.8,8,10,True,False
NonOverlappingTemplate,NonOverlappingTemplate,True,0.534146,0.9,9,10,True,True,False,0.350485,0.8,8,10,True,False
NonOverlappingTemplate,NonOverlappingTemplate,True,0.534146,0.9,9,10,True,True,False,0.350485,0.8,8,10,True,False
NonOverlappingTemplate,NonOverlappingTemplate,True,0.534146,0.9,9,10,True,True,False,0.350485,0.7,7,10,True,False
NonOverlappingTemplate,NonOverlappingTemplate,True,0.534146,0.9,9,10,True,True,False,0.911413,0.8,8,10,True,False
NonOverlappingTemplate,NonOverlappingTemplate,True,0.534146,0.9,9,10,True,True,False,0.350485,0.7,7,10,True,False
NonOverlappingTemplate,NonOverlappingTemplate,True,0.534146,0.9,9,10,True,True,False,0.534146,0.8,8,10,True,False
NonOverlappingTemplate,NonOverlappingTemplate,True,0.534146,0.9,9,10,True,True,False,0.534146,0.8,8,10,True,False
NonOverlappingTemplate,NonOverlappingTemplate,True,0.534146,0.9,9,10,True,True,False,0.122325,0.8,8,10,True,False
NonOverlappingTemplate,NonOverlappingTemplate,True,0.534146,0.9,9,10,True,True,False,0.534146,0.8,8,10,True,False
NonOverlappingTemplate,NonOverlappingTemplate,True,0.534146,0.9,9,10,True,True,False,0.122325,0.8,8,10,True,False
NonOverlappingTemplate,NonOverlappingTemplate,True,0.534146,0.9,9,10,True,True,False,0.911413,0.8,8,10,True,False
NonOverlappingTemplate,NonOverlappingTemplate,True,0.534146,0.9,9,10,True,True,False,0.350485,0.8,8,10,True,False
NonOverlappingTemplate,NonOverlappingTemplate,True,0.911413,0.9,9,10,True,True,False,0.534146,0.8,8,10,True,False
NonOverlappingTemplate,NonOverlappingTemplate,True,0.911413,0.9,9,10,True,True,False,0.534146,0.8,8,10,True,False
NonOverlappingTemplate,NonOverlappingTemplate,True,0.911413,0.9,9,10,True,True,False,0.035174,0.8,8,10,True,False
NonOverlappingTemplate,NonOverlappingTemplate,True,0.911413,0.9,9,10,True,True,False,0.350485,0.8,8,10,True,False
NonOverlappingTemplate,NonOverlappingTemplate,True,0.911413,0.9,9,10,True,True,False,0.350485,0.8,8,10,True,False
NonOverlappingTemplate,NonOverlappingTemplate,True,0.911413,0.9,9,10,True,True,False,0.350485,0.7,7,10,True,False
NonOverlappingTemplate,NonOverlappingTemplate,True,0.911413,0.9,9,10,True,True,False,0.911413,0.8,8,10,True,False
NonOverlappingTemplate,NonOverlappingTemplate,True,0.911413,0.9,9,10,True,True,False,0.350485,0.7,7,10,True,False
NonOverlappingTemplate,NonOverlappingTemplate,True,0.911413,0.9,9,10,True,True,False,0.534146,0.8,8,10,True,False
NonOverlappingTemplate,NonOverlappingTemplate,True,0.911413,0.9,9,10,True,True,False,0.534146,0.8,8,10,True,False
NonOverlappingTemplate,NonOverlappingTemplate,True,0.911413,0.9,9,10,True,True,False,0.122325,0.8,8,10,True,False
NonOverlappingTemplate,NonOverlappingTemplate,True,0.911413,0.9,9,10,True,True,False,0.534146,0.8,8,10,True,False
NonOverlappingTemplate,NonOverlappingTemplate,True,0.911413,0.9,9,10,True,True,False,0.122325,0.8,8,10,True,False
NonOverlappingTemplate,NonOverlappingTemplate,True,0.911413,0.9,9,10,True,True,False,0.911413,0.8,8,10,True,False
NonOverlappingTemplate,NonOverlappingTemplate,True,0.911413,0.9,9,10,True,True,False,0.350485,0.8,8,10,True,False
NonOverlappingTemplate,NonOverlappingTemplate,True,0.534146,0.9,9,10,True,True,False,0.534146,0.8,8,10,True,False
NonOverlappingTemplate,NonOverlappingTemplate,True,0.534146,0.9,9,10,True,True,False,0.534146,0.8,8,10,True,False
NonOverlappingTemplate,NonOverlappingTemplate,True,0.534146,0.9,9,10,True,True,False,0.035174,0.8,8,10,True,False
NonOverlappingTemplate,NonOverlappingTemplate,True,0.534146,0.9,9,10,True,True,False,0.350485,0.8,8,10,True,False
NonOverlappingTemplate,NonOverlappingTemplate,True,0.534146,0.9,9,10,True,True,False,0.350485,0.8,8,10,True,False
NonOverlappingTemplate,NonOverlappingTemplate,True,0.534146,0.9,9,10,True,True,False,0.350485,0.7,7,10,True,False
NonOverlappingTemplate,NonOverlappingTemplate,True,0.534146,0.9,9,10,True,True,False,0.911413,0.8,8,10,True,False
NonOverlappingTemplate,NonOverlappingTemplate,True,0.534146,0.9,9,10,True,True,False,0.350485,0.7,7,10,True,False
NonOverlappingTemplate,NonOverlappingTemplate,True,0.534146,0.9,9,10,True,True,False,0.534146,0.8,8,10,True,False
NonOverlappingTemplate,NonOverlappingTemplate,True,0.534146,0.9,9,10,True,True,False,0.534146,0.8,8,10,True,False
NonOverlappingTemplate,NonOverlappingTemplate,True,0.534146,0.9,9,10,True,True,False,0.122325,0.8,8,10,True,False
NonOverlappingTemplate,NonOverlappingTemplate,True,0.534146,0.9,9,10,True,True,False,0.534146,0.8,8,10,True,False
NonOverlappingTemplate,NonOverlappingTemplate,True,0.534146,0.9,9,10,True,True,False,0.122325,0.8,8,10,True,False
NonOverlappingTemplate,NonOverlappingTemplate,True,0.534146,0.9,9,10,True,True,False,0.911413,0.8,8,10,True,False
NonOverlappingTemplate,NonOverlappingTemplate,True,0.534146,0.9,9,10,True,True,False,0.350485,0.8,8,10,True,False
NonOverlappingTemplate,NonOverlappingTemplate,True,0.350485,0.9,9,10,True,True,False,0.534146,0.8,8,10,True,False
NonOverlappingTemplate,NonOverlappingTemplate,True,0.350485,0.9,9,10,True,True,False,0.534146,0.8,8,10,True,False
NonOverlappingTemplate,NonOverlappingTemplate,True,0.350485,0.9,9,10,True,True,False,0.035174,0.8,8,10,True,False
NonOverlappingTemplate,NonOverlappingTemplate,True,0.350485,0.9,9,10,True,True,False,0.350485,0.8,8,10,True,False
NonOverlappingTemplate,NonOverlappingTemplate,True,0.350485,0.9,9,10,True,True,False,0.350485,0.8,8,10,True,False
NonOverlappingTemplate,NonOverlappingTemplate,True,0.350485,0.9,9,10,True,True,False,0.350485,0.7,7,10,True,False
NonOverlappingTemplate,NonOverlappingTemplate,True,0.350485,0.9,9,10,True,True,False,0.911413,0.8,8,10,True,False
NonOverlappingTemplate,NonOverlappingTemplate,True,0.350485,0.9,9,10,True,True,False,0.350485,0.7,7,10,True,False
NonOverlappingTemplate,NonOverlappingTemplate,True,0.350485,0.9,9,10,True,True,False,0.534146,0.8,8,10,True,False
NonOverlappingTemplate,NonOverlappingTemplate,True,0.350485,0.9,9,10,True,True,False,0.534146,0.8,8,10,True,False
NonOverlappingTemplate,NonOverlappingTemplate,True,0.350485,0.9,9,10,True,True,False,0.122325,0.8,8,10,True,False
NonOverlappingTemplate,NonOverlappingTemplate,True,0.350485,0.9,9,10,True,True,False,0.534146,0.8,8,10,True,False
NonOverlappingTemplate,NonOverlappingTemplate,True,0.350485,0.9,9,10,True,True,False,0.122325,0.8,8,10,True,False
NonOverlappingTemplate,NonOverlappingTemplate,True,0.350485,0.9,9,10,True,True,False,0.911413,0.8,8,10,True,False
NonOverlappingTemplate,NonOverlappingTemplate,True,0.350485,0.9,9,10,True,True,False,0.350485,0.8,8,10,True,False
NonOverlappingTemplate,NonOverlappingTemplate,True,0.350485,0.9,9,10,True,True,False,0.534146,0.8,8,10,True,False
NonOverlappingTemplate,NonOverlappingTemplate,True,0.350485,0.9,9,10,True,True,False,0.534146,0.8,8,10,True,False
NonOverlappingTemplate,NonOverlappingTemplate,True,0.350485,0.9,9,10,True,True,False,0.035174,0.8,8,10,True,False
NonOverlappingTemplate,NonOverlappingTemplate,True,0.350485,0.9,9,10,True,True,False,0.350485,0.8,8,10,True,False
NonOverlappingTemplate,NonOverlappingTemplate,True,0.350485,0.9,9,10,True,True,False,0.350485,0.8,8,10,True,False
NonOverlappingTemplate,NonOverlappingTemplate,True,0.350485,0.9,9,10,True,True,False,0.350485,0.7,7,10,True,False
NonOverlappingTemplate,NonOverlappingTemplate,True,0.350485,0.9,9,10,True,True,False,0.911413,0.8,8,10,True,False
NonOverlappingTemplate,NonOverlappingTemplate,True,0.350485,0.9,9,10,True,True,False,0.350485,0.7,7,10,True,False
NonOverlappingTemplate,NonOverlappingTemplate,True,0.350485,0.9,9,10,True,True,False,0.534146,0.8,8,10,True,False
NonOverlappingTemplate,NonOverlappingTemplate,True,0.350485,0.9,9,10,True,True,False,0.534146,0.8,8,10,True,False
NonOverlappingTemplate,NonOverlappingTemplate,True,0.350485,0.9,9,10,True,True,False,0.122325,0.8,8,10,True,False
NonOverlappingTemplate,NonOverlappingTemplate,True,0.350485,0.9,9,10,True,True,False,0.534146,0.8,8,10,True,False
NonOverlappingTemplate,NonOverlappingTemplate,True,0.350485,0.9,9,10,True,True,False,0.122325,0.8,8,10,True,False
NonOverlappingTemplate,NonOverlappingTemplate,True,0.350485,0.9,9,10,True,True,False,0.911413,0.8,8,10,True,False
NonOverlappingTemplate,NonOverlappingTemplate,True,0.350485,0.9,9,10,True,True,False,0.350485,0.8,8,10,True,False
NonOverlappingTemplate,NonOverlappingTemplate,True,0.035174,0.9,9,10,True,True,False,0.534146,0.8,8,10,True,False
NonOverlappingTemplate,NonOverlappingTemplate,True,0.035174,0.9,9,10,True,True,False,0.534146,0.8,8,10,True,False
NonOverlappingTemplate,NonOverlappingTemplate,True,0.035174,0.9,9,10,True,True,False,0.035174,0.8,8,10,True,False
NonOverlappingTemplate,NonOverlappingTemplate,True,0.035174,0.9,9,10,True,True,False,0.350485,0.8,8,10,True,False
NonOverlappingTemplate,NonOverlappingTemplate,True,0.035174,0.9,9,10,True,True,False,0.350485,0.8,8,10,True,False
NonOverlappingTemplate,NonOverlappingTemplate,True,0.035174,0.9,9,10,True,True,False,0.350485,0.7,7,10,True,False
NonOverlappingTemplate,NonOverlappingTemplate,True,0.035174,0.9,9,10,True,True,False,0.911413,0.8,8,10,True,False
NonOverlappingTemplate,NonOverlappingTemplate,True,0.035174,0.9,9,10,True,True,False,0.350485,0.7,7,10,True,False
NonOverlappingTemplate,NonOverlappingTemplate,True,0.035174,0.9,9,10,True,True,False,0.534146,0.8,8,10,True,False
NonOverlappingTemplate,NonOverlappingTemplate,True,0.035174,0.9,9,10,True,True,False,0.534146,0.8,8,10,True,False
NonOverlappingTemplate,NonOverlappingTemplate,True,0.035174,0.9,9,10,True,True,False,0.122325,0.8,8,10,True,False
NonOverlappingTemplate,NonOverlappingTemplate,True,0.035174,0.9,9,10,True,True,False,0.534146,0.8,8,10,True,False
NonOverlappingTemplate,NonOverlappingTemplate,True,0.035174,0.9,9,10,True,True,False,0.122325,0.8,8,10,True,False
NonOverlappingTemplate,NonOverlappingTemplate,True,0.035174,0.9,9,10,True,True,False,0.911413,0.8,8,10,True,False
NonOverlappingTemplate,NonOverlappingTemplate,True,0.035174,0.9,9,10,True,True,False,0.350485,0.8,8,10,True,False
NonOverlappingTemplate,NonOverlappingTemplate,True,0.991468,0.9,9,10,True,True,False,0.534146,0.8,8,10,True,False
NonOverlappingTemplate,NonOverlappingTemplate,True,0.991468,0.9,9,10,True,True,False,0.534146,0.8,8,10,True,False
NonOverlappingTemplate,NonOverlappingTemplate,True,0.991468,0.9,9,10,True,True,False,0.035174,0.8,8,10,True,False
NonOverlappingTemplate,NonOverlappingTemplate,True,0.991468,0.9,9,10,True,True,False,0.350485,0.8,8,10,True,False
NonOverlappingTemplate,NonOverlappingTemplate,True,0.991468,0.9,9,10,True,True,False,0.350485,0.8,8,10,True,False
NonOverlappingTemplate,NonOverlappingTemplate,True,0.991468,0.9,9,10,True,True,False,0.350485,0.7,7,10,True,False
NonOverlappingTemplate,NonOverlappingTemplate,True,0.991468,0.9,9,10,True,True,False,0.911413,0.8,8,10,True,False
NonOverlappingTemplate,NonOverlappingTemplate,True,0.991468,0.9,9,10,True,True,False,0.350485,0.7,7,10,True,False
NonOverlappingTemplate,NonOverlappingTemplate,True,0.991468,0.9,9,10,True,True,False,0.534146,0.8,8,10,True,False
NonOverlappingTemplate,NonOverlappingTemplate,True,0.991468,0.9,9,10,True,True,False,0.534146,0.8,8,10,True,False
NonOverlappingTemplate,NonOverlappingTemplate,True,0.991468,0.9,9,10,True,True,False,0.122325,0.8,8,10,True,False
NonOverlappingTemplate,NonOverlappingTemplate,True,0.991468,0.9,9,10,True,True,False,0.534146,0.8,8,10,True,False
NonOverlappingTemplate,NonOverlappingTemplate,True,0.991468,0.9,9,10,True,True,False,0.122325,0.8,8,10,True,False
NonOverlappingTemplate,NonOverlappingTemplate,True,0.991468,0.9,9,10,True,True,False,0.911413,0.8,8,10,True,False
NonOverlappingTemplate,NonOverlappingTemplate,True,0.991468,0.9,9,10,True,True,False,0.350485,0.8,8,10,True,False
NonOverlappingTemplate,NonOverlappingTemplate,True,0.350485,0.9,9,10,True,True,False,0.534146,0.8,8,10,True,False
NonOverlappingTemplate,NonOverlappingTemplate,True,0.350485,0.9,9,10,True,True,False,0.534146,0.8,8,10,True,False
NonOverlappingTemplate,NonOverlappingTemplate,True,0.350485,0.9,9,10,True,True,False,0.035174,0.8,8,10,True,False
NonOverlappingTemplate,NonOverlappingTemplate,True,0.350485,0.9,9,10,True,True,False,0.350485,0.8,8,10,True,False
NonOverlappingTemplate,NonOverlappingTemplate,True,0.350485,0.9,9,10,True,True,False,0.350485,0.8,8,10,True,False
NonOverlappingTemplate,NonOverlappingTemplate,True,0.350485,0.9,9,10,True,True,False,0.350485,0.7,7,10,True,False
NonOverlappingTemplate,NonOverlappingTemplate,True,0.350485,0.9,9,10,True,True,False,0.911413,0.8,8,10,True,False
NonOverlappingTemplate,NonOverlappingTemplate,True,0.350485,0.9,9,10,True,True,False,0.350485,0.7,7,10,True,False
NonOverlappingTemplate,NonOverlappingTemplate,True,0.350485,0.9,9,10,True,True,False,0.534146,0.8,8,10,True,False
NonOverlappingTemplate,NonOverlappingTemplate,True,0.350485,0.9,9,10,True,True,False,0.534146,0.8,8,10,True,False
NonOverlappingTemplate,NonOverlappingTemplate,True,0.350485,0.9,9,10,True,True,False,0.122325,0.8,8,10,True,False
NonOverlappingTemplate,NonOverlappingTemplate,True,0.350485,0.9,9,10,True,True,False,0.534146,0.8,8,10,True,False
NonOverlappingTemplate,NonOverlappingTemplate,True,0.350485,0.9,9,10,True,True,False,0.122325,0.8,8,10,True,False
NonOverlappingTemplate,NonOverlappingTemplate,True,0.350485,0.9,9,10,True,True,False,0.911413,0.8,8,10,True,False
NonOverlappingTemplate,NonOverlappingTemplate,True,0.350485,0.9,9,10,True,True,False,0.350485,0.8,8,10,True,False
NonOverlappingTemplate,NonOverlappingTemplate,False,0.350485,0.8,8,10,True,False,True,0.534146,0.9,9,10,True,True
NonOverlappingTemplate,NonOverlappingTemplate,False,0.350485,0.8,8,10,True,False,True,0.350485,0.9,9,10,True,True
NonOverlappingTemplate,NonOverlappingTemplate,False,0.350485,0.8,8,10,True,False,True,0.534146,0.9,9,10,True,True
NonOverlappingTemplate,NonOverlappingTemplate,False,0.350485,0.8,8,10,True,False,True,0.213309,0.9,9,10,True,True
NonOverlappingTemplate,NonOverlappingTemplate,False,0.350485,0.8,8,10,True,False,True,0.534146,0.9,9,10,True,True
NonOverlappingTemplate,NonOverlappingTemplate,False,0.350485,0.8,8,10,True,False,True,0.739918,0.9,9,10,True,True
NonOverlappingTemplate,NonOverlappingTemplate,False,0.350485,0.8,8,10,True,False,True,0.350485,0.9,9,10,True,True
NonOverlappingTemplate,NonOverlappingTemplate,False,0.350485,0.8,8,10,True,False,True,0.534146,0.9,9,10,True,True
NonOverlappingTemplate,NonOverlappingTemplate,False,0.350485,0.8,8,10,True,False,True,0.350485,0.9,9,10,True,True
NonOverlappingTemplate,NonOverlappingTemplate,False,0.350485,0.8,8,10,True,False,True,0.534146,0.9,9,10,True,True
NonOverlappingTemplate,NonOverlappingTemplate,False,0.350485,0.8,8,10,True,False,True,0.122325,0.9,9,10,True,True
NonOverlappingTemplate,NonOverlappingTemplate,False,0.350485,0.8,8,10,True,False,True,0.122325,0.9,9,10,True,True
NonOverlappingTemplate,NonOverlappingTemplate,False,0.350485,0.8,8,10,True,False,False,0.534146,0.8,8,10,True,False
NonOverlappingTemplate,NonOverlappingTemplate,False,0.350485,0.8,8,10,True,False,True,0.122325,0.9,9,10,True,True
NonOverlappingTemplate,NonOverlappingTemplate,False,0.350485,0.8,8,10,True,False,True,0.350485,0.9,9,10,True,True
NonOverlappingTemplate,NonOverlappingTemplate,False,0.350485,0.8,8,10,True,False,True,0.739918,0.9,9,10,True,True
NonOverlappingTemplate,NonOverlappingTemplate,False,0.350485,0.8,8,10,True,False,True,0.739918,0.9,9,10,True,True
NonOverlappingTemplate,NonOverlappingTemplate,False,0.350485,0.8,8,10,True,False,False,0.534146,0.8,8,10,True,False
NonOverlappingTemplate,NonOverlappingTemplate,False,0.350485,0.8,8,10,True,False,True,0.739918,0.9,9,10,True,True
NonOverlappingTemplate,NonOverlappingTemplate,False,0.350485,0.8,8,10,True,False,True,0.350485,0.9,9,10,True,True
NonOverlappingTemplate,NonOverlappingTemplate,False,0.350485,0.8,8,10,True,False,True,0.739918,0.9,9,10,True,True
NonOverlappingTemplate,NonOverlappingTemplate,False,0.350485,0.8,8,10,True,False,True,0.534146,0.9,9,10,True,True
NonOverlappingTemplate,NonOverlappingTemplate,False,0.350485,0.8,8,10,True,False,False,0.035174,0.8,8,10,True,False
NonOverlappingTemplate,NonOverlappingTemplate,False,0.350485,0.8,8,10,True,False,True,0.739918,0.9,9,10,True,True
NonOverlappingTemplate,NonOverlappingTemplate,False,0.350485,0.8,8,10,True,False,True,0.739918,0.9,9,10,True,True
NonOverlappingTemplate,NonOverlappingTemplate,False,0.350485,0.8,8,10,True,False,True,0.739918,0.9,9,10,True,True
NonOverlappingTemplate,NonOverlappingTemplate,False,0.350485,0.8,8,10,True,False,True,0.534146,0.9,9,10,True,True
NonOverlappingTemplate,NonOverlappingTemplate,False,0.350485,0.8,8,10,True,False,False,0.350485,0.8,8,10,True,False
NonOverlappingTemplate,NonOverlappingTemplate,False,0.350485,0.8,8,10,True,False,True,0.213309,0.9,9,10,True,True
NonOverlappingTemplate,NonOverlappingTemplate,False,0.350485,0.8,8,10,True,False,True,0.534146,0.9,9,10,True,True
NonOverlappingTemplate,NonOverlappingTemplate,False,0.350485,0.8,8,10,True,False,True,0.213309,0.9,9,10,True,True
NonOverlappingTemplate,NonOverlappingTemplate,False,0.350485,0.8,8,10,True,False,True,0.739918,0.9,9,10,True,True
NonOverlappingTemplate,NonOverlappingTemplate,False,0.350485,0.8,8,10,True,False,True,0.739918,0.9,9,10,True,True
NonOverlappingTemplate,NonOverlappingTemplate,False,0.350485,0.8,8,10,True,False,True,0.035174,0.9,9,10,True,True
NonOverlappingTemplate,NonOverlappingTemplate,False,0.350485,0.8,8,10,True,False,False,0.350485,0.8,8,10,True,False
NonOverlappingTemplate,NonOverlappingTemplate,False,0.350485,0.8,8,10,True,False,True,0.534146,0.9,9,10,True,True
NonOverlappingTemplate,NonOverlappingTemplate,False,0.350485,0.8,8,10,True,False,True,0.739918,0.9,9,10,True,True
NonOverlappingTemplate,NonOverlappingTemplate,False,0.350485,0.8,8,10,True,False,True,0.534146,0.9,9,10,True,True
NonOverlappingTemplate,NonOverlappingTemplate,False,0.350485,0.8,8,10,True,False,True,0.213309,0.9,9,10,True,True
NonOverlappingTemplate,NonOverlappingTemplate,False,0.350485,0.8,8,10,True,False,True,0.739918,0.9,9,10,True,True
NonOverlappingTemplate,NonOverlappingTemplate,False,0.350485,0.8,8,10,True,False,True,0.739918,0.9,9,10,True,True
NonOverlappingTemplate,NonOverlappingTemplate,False,0.350485,0.8,8,10,True,False,True,0.534146,0.9,9,10,True,True
NonOverlappingTemplate,NonOverlappingTemplate,False,0.350485,0.8,8,10,True,False,True,0.213309,0.9,9,10,True,True
NonOverlappingTemplate,NonOverlappingTemplate,False,0.350485,0.8,8,10,True,False,True,0.534146,0.9,9,10,True,True
NonOverlappingTemplate,NonOverlappingTemplate,False,0.350485,0.8,8,10,True,False,False,0.350485,0.7,7,10,True,False
NonOverlappingTemplate,NonOverlappingTemplate,False,0.350485,0.8,8,10,True,False,True,0.911413,0.9,9,10,True,True
NonOverlappingTemplate,NonOverlappingTemplate,False,0.350485,0.8,8,10,True,False,True,0.534146,0.9,9,10,True,True
NonOverlappingTemplate,NonOverlappingTemplate,False,0.350485,0.8,8,10,True,False,True,0.350485,0.9,9,10,True,True
NonOverlappingTemplate,NonOverlappingTemplate,False,0.350485,0.8,8,10,True,False,False,0.911413,0.8,8,10,True,False
NonOverlappingTemplate,NonOverlappingTemplate,False,0.350485,0.8,8,10,True,False,True,0.350485,0.9,9,10,True,True
NonOverlappingTemplate,NonOverlappingTemplate,False,0.350485,0.8,8,10,True,False,True,0.066882,0.9,9,10,True,True
NonOverlappingTemplate,NonOverlappingTemplate,False,0.350485,0.8,8,10,True,False,True,0.350485,0.9,9,10,True,True
NonOverlappingTemplate,NonOverlappingTemplate,False,0.350485,0.8,8,10,True,False,True,0.534146,0.9,9,10,True,True
NonOverlappingTemplate,NonOverlappingTemplate,False,0.350485,0.8,8,10,True,False,True,0.350485,0.9,9,10,True,True
NonOverlappingTemplate,NonOverlappingTemplate,False,0.350485,0.8,8,10,True,False,True,0.534146,0.9,9,10,True,True
NonOverlappingTemplate,NonOverlappingTemplate,False,0.350485,0.8,8,10,True,False,True,0.122325,0.9,9,10,True,True
NonOverlappingTemplate,NonOverlappingTemplate,False,0.350485,0.8,8,10,True,False,True,0.534146,0.9,9,10,True,True
NonOverlappingTemplate,NonOverlappingTemplate,False,0.350485,0.8,8,10,True,False,True,0.739918,0.9,9,10,True,True
NonOverlappingTemplate,NonOverlappingTemplate,False,0.350485,0.8,8,10,True,False,True,0.534146,0.9,9,10,True,True
NonOverlappingTemplate,NonOverlappingTemplate,False,0.350485,0.8,8,10,True,False,True,0.739918,0.9,9,10,True,True
NonOverlappingTemplate,NonOverlappingTemplate,False,0.350485,0.8,8,10,True,False,True,0.911413,0.9,9,10,True,True
NonOverlappingTemplate,NonOverlappingTemplate,False,0.350485,0.8,8,10,True,False,True,0.350485,0.9,9,10,True,True
NonOverlappingTemplate,NonOverlappingTemplate,False,0.350485,0.8,8,10,True,False,True,0.066882,0.9,9,10,True,True
NonOverlappingTemplate,NonOverlappingTemplate,False,0.350485,0.8,8,10,True,False,True,0.911413,0.9,9,10,True,True
NonOverlappingTemplate,NonOverlappingTemplate,False,0.350485,0.8,8,10,True,False,True,0.911413,0.9,9,10,True,True
NonOverlappingTemplate,NonOverlappingTemplate,False,0.350485,0.8,8,10,True,False,True,0.739918,0.9,9,10,True,True
NonOverlappingTemplate,NonOverlappingTemplate,False,0.350485,0.8,8,10,True,False,True,0.213309,0.9,9,10,True,True
NonOverlappingTemplate,NonOverlappingTemplate,False,0.350485,0.8,8,10,True,False,True,0.213309,0.9,9,10,True,True
NonOverlappingTemplate,NonOverlappingTemplate,False,0.350485,0.8,8,10,True,False,False,0.350485,0.7,7,10,True,False
NonOverlappingTemplate,NonOverlappingTemplate,False,0.350485,0.8,8,10,True,False,True,0.991468,0.9,9,10,True,True
NonOverlappingTemplate,NonOverlappingTemplate,False,0.350485,0.8,8,10,True,False,True,0.739918,0.9,9,10,True,True
NonOverlappingTemplate,NonOverlappingTemplate,False,0.350485,0.8,8,10,True,False,False,0.534146,0.8,8,10,True,False
NonOverlappingTemplate,NonOverlappingTemplate,False,0.350485,0.8,8,10,True,False,True,0.739918,0.9,9,10,True,True
NonOverlappingTemplate,NonOverlappingTemplate,False,0.350485,0.8,8,10,True,False,True,0.534146,0.9,9,10,True,True
NonOverlappingTemplate,NonOverlappingTemplate,False,0.350485,0.8,8,10,True,False,True,0.350485,0.9,9,10,True,True
NonOverlappingTemplate,NonOverlappingTemplate,False,0.350485,0.8,8,10,True,False,True,0.534146,0.9,9,10,True,True
NonOverlappingTemplate,NonOverlappingTemplate,False,0.350485,0.8,8,10,True,False,True,0.534146,0.9,9,10,True,True
NonOverlappingTemplate,NonOverlappingTemplate,False,0.350485,0.8,8,10,True,False,True,0.739918,0.9,9,10,True,True
NonOverlappingTemplate,NonOverlappingTemplate,False,0.350485,0.8,8,10,True,False,True,0.739918,0.9,9,10,True,True
NonOverlappingTemplate,NonOverlappingTemplate,False,0.350485,0.8,8,10,True,False,True,0.350485,0.9,9,10,True,True
NonOverlappingTemplate,NonOverlappingTemplate,False,0.350485,0.8,8,10,True,False,True,0.534146,0.9,9,10,True,True
NonOverlappingTemplate,NonOverlappingTemplate,False,0.350485,0.8,8,10,True,False,True,0.213309,0.9,9,10,True,True
NonOverlappingTemplate,NonOverlappingTemplate,False,0.350485,0.8,8,10,True,False,True,0.534146,0.9,9,10,True,True
NonOverlappingTemplate,NonOverlappingTemplate,False,0.350485,0.8,8,10,True,False,True,0.213309,0.9,9,10,True,True
NonOverlappingTemplate,NonOverlappingTemplate,False,0.350485,0.8,8,10,True,False,True,0.350485,0.9,9,10,True,True
NonOverlappingTemplate,NonOverlappingTemplate,False,0.350485,0.8,8,10,True,False,True,0.350485,0.9,9,10,True,True
NonOverlappingTemplate,NonOverlappingTemplate,False,0.350485,0.8,8,10,True,False,True,0.350485,0.9,9,10,True,True
NonOverlappingTemplate,NonOverlappingTemplate,False,0.350485,0.8,8,10,True,False,True,0.122325,0.9,9,10,True,True
NonOverlappingTemplate,NonOverlappingTemplate,False,0.350485,0.8,8,10,True,False,True,0.534146,0.9,9,10,True,True
NonOverlappingTemplate,NonOverlappingTemplate,False,0.350485,0.8,8,10,True,False,True,0.739918,0.9,9,10,True,True
NonOverlappingTemplate,NonOverlappingTemplate,False,0.350485,0.8,8,10,True,False,True,0.213309,0.9,9,10,True,True
NonOverlappingTemplate,NonOverlappingTemplate,False,0.350485,0.8,8,10,True,False,False,0.534146,0.8,8,10,True,False
NonOverlappingTemplate,NonOverlappingTemplate,False,0.350485,0.8,8,10,True,False,True,0.122325,0.9,9,10,True,True
NonOverlappingTemplate,NonOverlappingTemplate,False,0.350485,0.8,8,10,True,False,True,0.350485,0.9,9,10,True,True
NonOverlappingTemplate,NonOverlappingTemplate,False,0.350485,0.8,8,10,True,False,True,0.534146,0.9,9,10,True,True
NonOverlappingTemplate,NonOverlappingTemplate,False,0.350485,0.8,8,10,True,False,True,0.911413,0.9,9,10,True,True
NonOverlappingTemplate,NonOverlappingTemplate,False,0.350485,0.8,8,10,True,False,True,0.739918,0.9,9,10,True,True
NonOverlappingTemplate,NonOverlappingTemplate,False,0.350485,0.8,8,10,True,False,True,0.739918,0.9,9,10,True,True
NonOverlappingTemplate,NonOverlappingTemplate,False,0.350485,0.8,8,10,True,False,True,0.534146,0.9,9,10,True,True
NonOverlappingTemplate,NonOverlappingTemplate,False,0.350485,0.8,8,10,True,False,True,0.350485,0.9,9,10,True,True
NonOverlappingTemplate,NonOverlappingTemplate,False,0.350485,0.8,8,10,True,False,True,0.739918,0.9,9,10,True,True
NonOverlappingTemplate,NonOverlappingTemplate,False,0.350485,0.8,8,10,True,False,True,0.122325,0.9,9,10,True,True
NonOverlappingTemplate,NonOverlappingTemplate,False,0.350485,0.8,8,10,True,False,True,0.350485,0.9,9,10,True,True
NonOverlappingTemplate,NonOverlappingTemplate,False,0.350485,0.8,8,10,True,False,True,0.739918,0.9,9,10,True,True
NonOverlappingTemplate,NonOverlappingTemplate,False,0.350485,0.8,8,10,True,False,True,0.350485,0.9,9,10,True,True
NonOverlappingTemplate,NonOverlappingTemplate,False,0.350485,0.8,8,10,True,False,False,0.122325,0.8,8,10,True,False
NonOverlappingTemplate,NonOverlappingTemplate,False,0.350485,0.8,8,10,True,False,False,0.534146,0.8,8,10,True,False
NonOverlappingTemplate,NonOverlappingTemplate,False,0.350485,0.8,8,10,True,False,True,0.739918,0.9,9,10,True,True
NonOverlappingTemplate,NonOverlappingTemplate,False,0.350485,0.8,8,10,True,False,True,0.534146,0.9,9,10,True,True
NonOverlappingTemplate,NonOverlappingTemplate,False,0.350485,0.8,8,10,True,False,True,0.739918,0.9,9,10,True,True
NonOverlappingTemplate,NonOverlappingTemplate,False,0.350485,0.8,8,10,True,False,False,0.122325,0.8,8,10,True,False
NonOverlappingTemplate,NonOverlappingTemplate,False,0.350485,0.8,8,10,True,False,True,0.213309,0.9,9,10,True,True
NonOverlappingTemplate,NonOverlappingTemplate,False,0.350485,0.8,8,10,True,False,True,0.911413,0.9,9,10,True,True
NonOverlappingTemplate,NonOverlappingTemplate,False,0.350485,0.8,8,10,True,False,True,0.739918,0.9,9,10,True,True
NonOverlappingTemplate,NonOverlappingTemplate,False,0.350485,0.8,8,10,True,False,True,0.350485,0.9,9,10,True,True
NonOverlappingTemplate,NonOverlappingTemplate,False,0.350485,0.8,8,10,True,False,True,0.350485,0.9,9,10,True,True
NonOverlappingTemplate,NonOverlappingTemplate,False,0.350485,0.8,8,10,True,False,True,0.534146,0.9,9,10,True,True
NonOverlappingTemplate,NonOverlappingTemplate,False,0.350485,0.8,8,10,True,False,True,0.739918,0.9,9,10,True,True
NonOverlappingTemplate,NonOverlappingTemplate,False,0.350485,0.8,8,10,True,False,True,0.534146,0.9,9,10,True,True
NonOverlappingTemplate,NonOverlappingTemplate,False,0.350485,0.8,8,10,True,False,True,0.991468,0.9,9,10,True,True
NonOverlappingTemplate,NonOverlappingTemplate,False,0.350485,0.8,8,10,True,False,True,0.350485,0.9,9,10,True,True
NonOverlappingTemplate,NonOverlappingTemplate,False,0.350485,0.8,8,10,True,False,True,0.911413,0.9,9,10,True,True
NonOverlappingTemplate,NonOverlappingTemplate,False,0.350485,0.8,8,10,True,False,True,0.350485,0.9,9,10,True,True
NonOverlappingTemplate,NonOverlappingTemplate,False,0.350485,0.8,8,10,True,False,True,0.534146,0.9,9,10,True,True
NonOverlappingTemplate,NonOverlappingTemplate,False,0.350485,0.8,8,10,True,False,True,0.534146,0.9,9,10,True,True
NonOverlappingTemplate,NonOverlappingTemplate,False,0.350485,0.8,8,10,True,False,True,0.350485,0.9,9,10,True,True
NonOverlappingTemplate,NonOverlappingTemplate,False,0.350485,0.8,8,10,True,False,True,0.534146,0.9,9,10,True,True
NonOverlappingTemplate,NonOverlappingTemplate,False,0.350485,0.8,8,10,True,False,True,0.739918,0.9,9,10,True,True
NonOverlappingTemplate,NonOverlappingTemplate,False,0.350485,0.8,8,10,True,False,False,0.911413,0.8,8,10,True,False
NonOverlappingTemplate,NonOverlappingTemplate,False,0.350485,0.8,8,10,True,False,True,0.534146,0.9,9,10,True,True
NonOverlappingTemplate,NonOverlappingTemplate,False,0.350485,0.8,8,10,True,False,True,0.534146,0.9,9,10,True,True
NonOverlappingTemplate,NonOverlappingTemplate,False,0.350485,0.8,8,10,True,False,True,0.122325,0.9,9,10,True,True
NonOverlappingTemplate,NonOverlappingTemplate,False,0.350485,0.8,8,10,True,False,True,0.350485,0.9,9,10,True,True
NonOverlappingTemplate,NonOverlappingTemplate,False,0.350485,0.8,8,10,True,False,True,0.534146,0.9,9,10,True,True
NonOverlappingTemplate,NonOverlappingTemplate,False,0.350485,0.8,8,10,True,False,True,0.122325,0.9,9,10,True,True
NonOverlappingTemplate,NonOverlappingTemplate,False,0.350485,0.8,8,10,True,False,True,0.534146,0.9,9,10,True,True
NonOverlappingTemplate,NonOverlappingTemplate,False,0.350485,0.8,8,10,True,False,True,0.739918,0.9,9,10,True,True
NonOverlappingTemplate,NonOverlappingTemplate,False,0.350485,0.8,8,10,True,False,False,0.350485,0.8,8,10,True,False
NonOverlappingTemplate,NonOverlappingTemplate,False,0.350485,0.8,8,10,True,False,True,0.534146,0.9,9,10,True,True
NonOverlappingTemplate,NonOverlappingTemplate,False,0.350485,0.8,8,10,True,False,True,0.739918,0.9,9,10,True,True
NonOverlappingTemplate,NonOverlappingTemplate,False,0.350485,0.8,8,10,True,False,True,0.534146,0.9,9,10,True,True
NonOverlappingTemplate,NonOverlappingTemplate,False,0.350485,0.8,8,10,True,False,True,0.534146,0.9,9,10,True,True
NonOverlappingTemplate,NonOverlappingTemplate,False,0.350485,0.8,8,10,True,False,True,0.213309,0.9,9,10,True,True
NonOverlappingTemplate,NonOverlappingTemplate,False,0.350485,0.8,8,10,True,False,True,0.534146,0.9,9,10,True,True
NonOverlappingTemplate,NonOverlappingTemplate,False,0.350485,0.8,8,10,True,False,True,0.739918,0.9,9,10,True,True
NonOverlappingTemplate,NonOverlappingTemplate,False,0.350485,0.8,8,10,True,False,True,0.991468,0.9,9,10,True,True
NonOverlappingTemplate,NonOverlappingTemplate,False,0.350485,0.8,8,10,True,False,True,0.739918,0.9,9,10,True,True
NonOverlappingTemplate,NonOverlappingTemplate,False,0.350485,0.8,8,10,True,False,True,0.534146,0.9,9,10,True,True
NonOverlappingTemplate,NonOverlappingTemplate,True,0.739918,0.9,9,10,True,True,False,0.534146,0.8,8,10,True,False
NonOverlappingTemplate,NonOverlappingTemplate,True,0.739918,0.9,9,10,True,True,False,0.534146,0.8,8,10,True,False
NonOverlappingTemplate,NonOverlappingTemplate,True,0.739918,0.9,9,10,True,True,False,0.035174,0.8,8,10,True,False
NonOverlappingTemplate,NonOverlappingTemplate,True,0.739918,0.9,9,10,True,True,False,0.350485,0.8,8,10,True,False
NonOverlappingTemplate,NonOverlappingTemplate,True,0.739918,0.9,9,10,True,True,False,0.350485,0.8,8,10,True,False
NonOverlappingTemplate,NonOverlappingTemplate,True,0.739918,0.9,9,10,True,True,False,0.350485,0.7,7,10,True,False
NonOverlappingTemplate,NonOverlappingTemplate,True,0.739918,0.9,9,10,True,True,False,0.911413,0.8,8,10,True,False
NonOverlappingTemplate,NonOverlappingTemplate,True,0.739918,0.9,9,10,True,True,False,0.350485,0.7,7,10,True,False
NonOverlappingTemplate,NonOverlappingTemplate,True,0.739918,0.9,9,10,True,True,False,0.534146,0.8,8,10,True,False
NonOverlappingTemplate,NonOverlappingTemplate,True,0.739918,0.9,9,10,True,True,False,0.534146,0.8,8,10,True,False
NonOverlappingTemplate,NonOverlappingTemplate,True,0.739918,0.9,9,10,True,True,False,0.122325,0.8,8,10,True,False
NonOverlappingTemplate,NonOverlappingTemplate,True,0.739918,0.9,9,10,True,True,False,0.534146,0.8,8,10,True,False
NonOverlappingTemplate,NonOverlappingTemplate,True,0.739918,0.9,9,10,True,True,False,0.122325,0.8,8,10,True,False
NonOverlappingTemplate,NonOverlappingTemplate,True,0.739918,0.9,9,10,True,True,False,0.911413,0.8,8,10,True,False
NonOverlappingTemplate,NonOverlappingTemplate,True,0.739918,0.9,9,10,True,True,False,0.350485,0.8,8,10,True,False
NonOverlappingTemplate,NonOverlappingTemplate,True,0.534146,0.9,9,10,True,True,False,0.534146,0.8,8,10,True,False
NonOverlappingTemplate,NonOverlappingTemplate,True,0.534146,0.9,9,10,True,True,False,0.534146,0.8,8,10,True,False
NonOverlappingTemplate,NonOverlappingTemplate,True,0.534146,0.9,9,10,True,True,False,0.035174,0.8,8,10,True,False
NonOverlappingTemplate,NonOverlappingTemplate,True,0.534146,0.9,9,10,True,True,False,0.350485,0.8,8,10,True,False
NonOverlappingTemplate,NonOverlappingTemplate,True,0.534146,0.9,9,10,True,True,False,0.350485,0.8,8,10,True,False
NonOverlappingTemplate,NonOverlappingTemplate,True,0.534146,0.9,9,10,True,True,False,0.350485,0.7,7,10,True,False
NonOverlappingTemplate,NonOverlappingTemplate,True,0.534146,0.9,9,10,True,True,False,0.911413,0.8,8,10,True,False
NonOverlappingTemplate,NonOverlappingTemplate,True,0.534146,0.9,9,10,True,True,False,0.350485,0.7,7,10,True,False
NonOverlappingTemplate,NonOverlappingTemplate,True,0.534146,0.9,9,10,True,True,False,0.534146,0.8,8,10,True,False
NonOverlappingTemplate,NonOverlappingTemplate,True,0.534146,0.9,9,10,True,True,False,0.534146,0.8,8,10,True,False
NonOverlappingTemplate,NonOverlappingTemplate,True,0.534146,0.9,9,10,True,True,False,0.122325,0.8,8,10,True,False
NonOverlappingTemplate,NonOverlappingTemplate,True,0.534146,0.9,9,10,True,True,False,0.534146,0.8,8,10,True,False
NonOverlappingTemplate,NonOverlappingTemplate,True,0.534146,0.9,9,10,True,True,False,0.122325,0.8,8,10,True,False
NonOverlappingTemplate,NonOverlappingTemplate,True,0.534146,0.9,9,10,True,True,False,0.911413,0.8,8,10,True,False
NonOverlappingTemplate,NonOverlappingTemplate,True,0.534146,0.9,9,10,True,True,False,0.350485,0.8,8,10,True,False
NonOverlappingTemplate,NonOverlappingTemplate,True,0.739918,0.9,9,10,True,True,False,0.534146,0.8,8,10,True,False
NonOverlappingTemplate,NonOverlappingTemplate,True,0.739918,0.9,9,10,True,True,False,0.534146,0.8,8,10,True,False
NonOverlappingTemplate,NonOverlappingTemplate,True,0.739918,0.9,9,10,True,True,False,0.035174,0.8,8,10,True,False
NonOverlappingTemplate,NonOverlappingTemplate,True,0.739918,0.9,9,10,True,True,False,0.350485,0.8,8,10,True,False
NonOverlappingTemplate,NonOverlappingTemplate,True,0.739918,0.9,9,10,True,True,False,0.350485,0.8,8,10,True,False
NonOverlappingTemplate,NonOverlappingTemplate,True,0.739918,0.9,9,10,True,True,False,0.350485,0.7,7,10,True,False
NonOverlappingTemplate,NonOverlappingTemplate,True,0.739918,0.9,9,10,True,True,False,0.911413,0.8,8,10,True,False
NonOverlappingTemplate,NonOverlappingTemplate,True,0.739918,0.9,9,10,True,True,False,0.350485,0.7,7,10,True,False
NonOverlappingTemplate,NonOverlappingTemplate,True,0.739918,0.9,9,10,True,True,False,0.534146,0.8,8,10,True,False
NonOverlappingTemplate,NonOverlappingTemplate,True,0.739918,0.9,9,10,True,True,False,0.534146,0.8,8,10,True,False
NonOverlappingTemplate,NonOverlappingTemplate,True,0.739918,0.9,9,10,True,True,False,0.122325,0.8,8,10,True,False
NonOverlappingTemplate,NonOverlappingTemplate,True,0.739918,0.9,9,10,True,True,False,0.534146,0.8,8,10,True,False
NonOverlappingTemplate,NonOverlappingTemplate,True,0.739918,0.9,9,10,True,True,False,0.122325,0.8,8,10,True,False
NonOverlappingTemplate,NonOverlappingTemplate,True,0.739918,0.9,9,10,True,True,False,0.911413,0.8,8,10,True,False
NonOverlappingTemplate,NonOverlappingTemplate,True,0.739918,0.9,9,10,True,True,False,0.350485,0.8,8,10,True,False
NonOverlappingTemplate,NonOverlappingTemplate,True,0.122325,0.9,9,10,True,True,False,0.534146,0.8,8,10,True,False
NonOverlappingTemplate,NonOverlappingTemplate,True,0.122325,0.9,9,10,True,True,False,0.534146,0.8,8,10,True,False
NonOverlappingTemplate,NonOverlappingTemplate,True,0.122325,0.9,9,10,True,True,False,0.035174,0.8,8,10,True,False
NonOverlappingTemplate,NonOverlappingTemplate,True,0.122325,0.9,9,10,True,True,False,0.350485,0.8,8,10,True,False
NonOverlappingTemplate,NonOverlappingTemplate,True,0.122325,0.9,9,10,True,True,False,0.350485,0.8,8,10,True,False
NonOverlappingTemplate,NonOverlappingTemplate,True,0.122325,0.9,9,10,True,True,False,0.350485,0.7,7,10,True,False
NonOverlappingTemplate,NonOverlappingTemplate,True,0.122325,0.9,9,10,True,True,False,0.911413,0.8,8,10,True,False
NonOverlappingTemplate,NonOverlappingTemplate,True,0.122325,0.9,9,10,True,True,False,0.350485,0.7,7,10,True,False
NonOverlappingTemplate,NonOverlappingTemplate,True,0.122325,0.9,9,10,True,True,False,0.534146,0.8,8,10,True,False
NonOverlappingTemplate,NonOverlappingTemplate,True,0.122325,0.9,9,10,True,True,False,0.534146,0.8,8,10,True,False
NonOverlappingTemplate,NonOverlappingTemplate,True,0.122325,0.9,9,10,True,True,False,0.122325,0.8,8,10,True,False
NonOverlappingTemplate,NonOverlappingTemplate,True,0.122325,0.9,9,10,True,True,False,0.534146,0.8,8,10,True,False
NonOverlappingTemplate,NonOverlappingTemplate,True,0.122325,0.9,9,10,True,True,False,0.122325,0.8,8,10,True,False
NonOverlappingTemplate,NonOverlappingTemplate,True,0.122325,0.9,9,10,True,True,False,0.911413,0.8,8,10,True,False
NonOverlappingTemplate,NonOverlappingTemplate,True,0.122325,0.9,9,10,True,True,False,0.350485,0.8,8,10,True,False
NonOverlappingTemplate,NonOverlappingTemplate,True,0.911413,0.9,9,10,True,True,False,0.534146,0.8,8,10,True,False
NonOverlappingTemplate,NonOverlappingTemplate,True,0.911413,0.9,9,10,True,True,False,0.534146,0.8,8,10,True,False
NonOverlappingTemplate,NonOverlappingTemplate,True,0.911413,0.9,9,10,True,True,False,0.035174,0.8,8,10,True,False
NonOverlappingTemplate,NonOverlappingTemplate,True,0.911413,0.9,9,10,True,True,False,0.350485,0.8,8,10,True,False
NonOverlappingTemplate,NonOverlappingTemplate,True,0.911413,0.9,9,10,True,True,False,0.350485,0.8,8,10,True,False
NonOverlappingTemplate,NonOverlappingTemplate,True,0.911413,0.9,9,10,True,True,False,0.350485,0.7,7,10,True,False
NonOverlappingTemplate,NonOverlappingTemplate,True,0.911413,0.9,9,10,True,True,False,0.911413,0.8,8,10,True,False
NonOverlappingTemplate,NonOverlappingTemplate,True,0.911413,0.9,9,10,True,True,False,0.350485,0.7,7,10,True,False
NonOverlappingTemplate,NonOverlappingTemplate,True,0.911413,0.9,9,10,True,True,False,0.534146,0.8,8,10,True,False
NonOverlappingTemplate,NonOverlappingTemplate,True,0.911413,0.9,9,10,True,True,False,0.534146,0.8,8,10,True,False
NonOverlappingTemplate,NonOverlappingTemplate,True,0.911413,0.9,9,10,True,True,False,0.122325,0.8,8,10,True,False
NonOverlappingTemplate,NonOverlappingTemplate,True,0.911413,0.9,9,10,True,True,False,0.534146,0.8,8,10,True,False
NonOverlappingTemplate,NonOverlappingTemplate,True,0.911413,0.9,9,10,True,True,False,0.122325,0.8,8,10,True,False
NonOverlappingTemplate,NonOverlappingTemplate,True,0.911413,0.9,9,10,True,True,False,0.911413,0.8,8,10,True,False
NonOverlappingTemplate,NonOverlappingTemplate,True,0.911413,0.9,9,10,True,True,False,0.350485,0.8,8,10,True,False
NonOverlappingTemplate,NonOverlappingTemplate,True,0.739918,0.9,9,10,True,True,False,0.534146,0.8,8,10,True,False
NonOverlappingTemplate,NonOverlappingTemplate,True,0.739918,0.9,9,10,True,True,False,0.534146,0.8,8,10,True,False
NonOverlappingTemplate,NonOverlappingTemplate,True,0.739918,0.9,9,10,True,True,False,0.035174,0.8,8,10,True,False
NonOverlappingTemplate,NonOverlappingTemplate,True,0.739918,0.9,9,10,True,True,False,0.350485,0.8,8,10,True,False
NonOverlappingTemplate,NonOverlappingTemplate,True,0.739918,0.9,9,10,True,True,False,0.350485,0.8,8,10,True,False
NonOverlappingTemplate,NonOverlappingTemplate,True,0.739918,0.9,9,10,True,True,False,0.350485,0.7,7,10,True,False
NonOverlappingTemplate,NonOverlappingTemplate,True,0.739918,0.9,9,10,True,True,False,0.911413,0.8,8,10,True,False
NonOverlappingTemplate,NonOverlappingTemplate,True,0.739918,0.9,9,10,True,True,False,0.350485,0.7,7,10,True,False
NonOverlappingTemplate,NonOverlappingTemplate,True,0.739918,0.9,9,10,True,True,False,0.534146,0.8,8,10,True,False
NonOverlappingTemplate,NonOverlappingTemplate,True,0.739918,0.9,9,10,True,True,False,0.534146,0.8,8,10,True,False
NonOverlappingTemplate,NonOverlappingTemplate,True,0.739918,0.9,9,10,True,True,False,0.122325,0.8,8,10,True,False
NonOverlappingTemplate,NonOverlappingTemplate,True,0.739918,0.9,9,10,True,True,False,0.534146,0.8,8,10,True,False
NonOverlappingTemplate,NonOverlappingTemplate,True,0.739918,0.9,9,10,True,True,False,0.122325,0.8,8,10,True,False
NonOverlappingTemplate,NonOverlappingTemplate,True,0.739918,0.9,9,10,True,True,False,0.911413,0.8,8,10,True,False
NonOverlappingTemplate,NonOverlappingTemplate,True,0.739918,0.9,9,10,True,True,False,0.350485,0.8,8,10,True,False
NonOverlappingTemplate,NonOverlappingTemplate,True,0.534146,0.9,9,10,True,True,False,0.534146,0.8,8,10,True,False
NonOverlappingTemplate,NonOverlappingTemplate,True,0.534146,0.9,9,10,True,True,False,0.534146,0.8,8,10,True,False
NonOverlappingTemplate,NonOverlappingTemplate,True,0.534146,0.9,9,10,True,True,False,0.035174,0.8,8,10,True,False
NonOverlappingTemplate,NonOverlappingTemplate,True,0.534146,0.9,9,10,True,True,False,0.350485,0.8,8,10,True,False
NonOverlappingTemplate,NonOverlappingTemplate,True,0.534146,0.9,9,10,True,True,False,0.350485,0.8,8,10,True,False
NonOverlappingTemplate,NonOverlappingTemplate,True,0.534146,0.9,9,10,True,True,False,0.350485,0.7,7,10,True,False
NonOverlappingTemplate,NonOverlappingTemplate,True,0.534146,0.9,9,10,True,True,False,0.911413,0.8,8,10,True,False
NonOverlappingTemplate,NonOverlappingTemplate,True,0.534146,0.9,9,10,True,True,False,0.350485,0.7,7,10,True,False
NonOverlappingTemplate,NonOverlappingTemplate,True,0.534146,0.9,9,10,True,True,False,0.534146,0.8,8,10,True,False
NonOverlappingTemplate,NonOverlappingTemplate,True,0.534146,0.9,9,10,True,True,False,0.534146,0.8,8,10,True,False
NonOverlappingTemplate,NonOverlappingTemplate,True,0.534146,0.9,9,10,True,True,False,0.122325,0.8,8,10,True,False
NonOverlappingTemplate,NonOverlappingTemplate,True,0.534146,0.9,9,10,True,True,False,0.534146,0.8,8,10,True,False
NonOverlappingTemplate,NonOverlappingTemplate,True,0.534146,0.9,9,10,True,True,False,0.122325,0.8,8,10,True,False
NonOverlappingTemplate,NonOverlappingTemplate,True,0.534146,0.9,9,10,True,True,False,0.911413,0.8,8,10,True,False
NonOverlappingTemplate,NonOverlappingTemplate,True,0.534146,0.9,9,10,True,True,False,0.350485,0.8,8,10,True,False
NonOverlappingTemplate,NonOverlappingTemplate,True,0.739918,0.9,9,10,True,True,False,0.534146,0.8,8,10,True,False
NonOverlappingTemplate,NonOverlappingTemplate,True,0.739918,0.9,9,10,True,True,False,0.534146,0.8,8,10,True,False
NonOverlappingTemplate,NonOverlappingTemplate,True,0.739918,0.9,9,10,True,True,False,0.035174,0.8,8,10,True,False
NonOverlappingTemplate,NonOverlappingTemplate,True,0.739918,0.9,9,10,True,True,False,0.350485,0.8,8,10,True,False
NonOverlappingTemplate,NonOverlappingTemplate,True,0.739918,0.9,9,10,True,True,False,0.350485,0.8,8,10,True,False
NonOverlappingTemplate,NonOverlappingTemplate,True,0.739918,0.9,9,10,True,True,False,0.350485,0.7,7,10,True,False
NonOverlappingTemplate,NonOverlappingTemplate,True,0.739918,0.9,9,10,True,True,False,0.911413,0.8,8,10,True,False
NonOverlappingTemplate,NonOverlappingTemplate,True,0.739918,0.9,9,10,True,True,False,0.350485,0.7,7,10,True,False
NonOverlappingTemplate,NonOverlappingTemplate,True,0.739918,0.9,9,10,True,True,False,0.534146,0.8,8,10,True,False
NonOverlappingTemplate,NonOverlappingTemplate,True,0.739918,0.9,9,10,True,True,False,0.534146,0.8,8,10,True,False
NonOverlappingTemplate,NonOverlappingTemplate,True,0.739918,0.9,9,10,True,True,False,0.122325,0.8,8,10,True,False
NonOverlappingTemplate,NonOverlappingTemplate,True,0.739918,0.9,9,10,True,True,False,0.534146,0.8,8,10,True,False
NonOverlappingTemplate,NonOverlappingTemplate,True,0.739918,0.9,9,10,True,True,False,0.122325,0.8,8,10,True,False
NonOverlappingTemplate,NonOverlappingTemplate,True,0.739918,0.9,9,10,True,True,False,0.911413,0.8,8,10,True,False
NonOverlappingTemplate,NonOverlappingTemplate,True,0.739918,0.9,9,10,True,True,False,0.350485,0.8,8,10,True,False
NonOverlappingTemplate,NonOverlappingTemplate,True,0.534146,0.9,9,10,True,True,False,0.534146,0.8,8,10,True,False
NonOverlappingTemplate,NonOverlappingTemplate,True,0.534146,0.9,9,10,True,True,False,0.534146,0.8,8,10,True,False
NonOverlappingTemplate,NonOverlappingTemplate,True,0.534146,0.9,9,10,True,True,False,0.035174,0.8,8,10,True,False
NonOverlappingTemplate,NonOverlappingTemplate,True,0.534146,0.9,9,10,True,True,False,0.350485,0.8,8,10,True,False
NonOverlappingTemplate,NonOverlappingTemplate,True,0.534146,0.9,9,10,True,True,False,0.350485,0.8,8,10,True,False
NonOverlappingTemplate,NonOverlappingTemplate,True,0.534146,0.9,9,10,True,True,False,0.350485,0.7,7,10,True,False
NonOverlappingTemplate,NonOverlappingTemplate,True,0.534146,0.9,9,10,True,True,False,0.911413,0.8,8,10,True,False
NonOverlappingTemplate,NonOverlappingTemplate,True,0.534146,0.9,9,10,True,True,False,0.350485,0.7,7,10,True,False
NonOverlappingTemplate,NonOverlappingTemplate,True,0.534146,0.9,9,10,True,True,False,0.534146,0.8,8,10,True,False
NonOverlappingTemplate,NonOverlappingTemplate,True,0.534146,0.9,9,10,True,True,False,0.534146,0.8,8,10,True,False
NonOverlappingTemplate,NonOverlappingTemplate,True,0.534146,0.9,9,10,True,True,False,0.122325,0.8,8,10,True,False
NonOverlappingTemplate,NonOverlappingTemplate,True,0.534146,0.9,9,10,True,True,False,0.534146,0.8,8,10,True,False
NonOverlappingTemplate,NonOverlappingTemplate,True,0.534146,0.9,9,10,True,True,False,0.122325,0.8,8,10,True,False
NonOverlappingTemplate,NonOverlappingTemplate,True,0.534146,0.9,9,10,True,True,False,0.911413,0.8,8,10,True,False
NonOverlappingTemplate,NonOverlappingTemplate,True,0.534146,0.9,9,10,True,True,False,0.350485,0.8,8,10,True,False
NonOverlappingTemplate,NonOverlappingTemplate,True,0.534146,0.9,9,10,True,True,False,0.534146,0.8,8,10,True,False
NonOverlappingTemplate,NonOverlappingTemplate,True,0.534146,0.9,9,10,True,True,False,0.534146,0.8,8,10,True,False
NonOverlappingTemplate,NonOverlappingTemplate,True,0.534146,0.9,9,10,True,True,False,0.035174,0.8,8,10,True,False
NonOverlappingTemplate,NonOverlappingTemplate,True,0.534146,0.9,9,10,True,True,False,0.350485,0.8,8,10,True,False
NonOverlappingTemplate,NonOverlappingTemplate,True,0.534146,0.9,9,10,True,True,False,0.350485,0.8,8,10,True,False
NonOverlappingTemplate,NonOverlappingTemplate,True,0.534146,0.9,9,10,True,True,False,0.350485,0.7,7,10,True,False
NonOverlappingTemplate,NonOverlappingTemplate,True,0.534146,0.9,9,10,True,True,False,0.911413,0.8,8,10,True,False
NonOverlappingTemplate,NonOverlappingTemplate,True,0.534146,0.9,9,10,True,True,False,0.350485,0.7,7,10,True,False
NonOverlappingTemplate,NonOverlappingTemplate,True,0.534146,0.9,9,10,True,True,False,0.534146,0.8,8,10,True,False
NonOverlappingTemplate,NonOverlappingTemplate,True,0.534146,0.9,9,10,True,True,False,0.534146,0.8,8,10,True,False
NonOverlappingTemplate,NonOverlappingTemplate,True,0.534146,0.9,9,10,True,True,False,0.122325,0.8,8,10,True,False
NonOverlappingTemplate,NonOverlappingTemplate,True,0.534146,0.9,9,10,True,True,False,0.534146,0.8,8,10,True,False
NonOverlappingTemplate,NonOverlappingTemplate,True,0.534146,0.9,9,10,True,True,False,0.122325,0.8,8,10,True,False
NonOverlappingTemplate,NonOverlappingTemplate,True,0.534146,0.9,9,10,True,True,False,0.911413,0.8,8,10,True,False
NonOverlappingTemplate,NonOverlappingTemplate,True,0.534146,0.9,9,10,True,True,False,0.350485,0.8,8,10,True,False
NonOverlappingTemplate,NonOverlappingTemplate,True,0.534146,0.9,9,10,True,True,False,0.534146,0.8,8,10,True,False
NonOverlappingTemplate,NonOverlappingTemplate,True,0.534146,0.9,9,10,True,True,False,0.534146,0.8,8,10,True,False
NonOverlappingTemplate,NonOverlappingTemplate,True,0.534146,0.9,9,10,True,True,False,0.035174,0.8,8,10,True,False
NonOverlappingTemplate,NonOverlappingTemplate,True,0.534146,0.9,9,10,True,True,False,0.350485,0.8,8,10,True,False
NonOverlappingTemplate,NonOverlappingTemplate,True,0.534146,0.9,9,10,True,True,False,0.350485,0.8,8,10,True,False
NonOverlappingTemplate,NonOverlappingTemplate,True,0.534146,0.9,9,10,True,True,False,0.350485,0.7,7,10,True,False
NonOverlappingTemplate,NonOverlappingTemplate,True,0.534146,0.9,9,10,True,True,False,0.911413,0.8,8,10,True,False
NonOverlappingTemplate,NonOverlappingTemplate,True,0.534146,0.9,9,10,True,True,False,0.350485,0.7,7,10,True,False
NonOverlappingTemplate,NonOverlappingTemplate,True,0.534146,0.9,9,10,True,True,False,0.534146,0.8,8,10,True,False
NonOverlappingTemplate,NonOverlappingTemplate,True,0.534146,0.9,9,10,True,True,False,0.534146,0.8,8,10,True,False
NonOverlappingTemplate,NonOverlappingTemplate,True,0.534146,0.9,9,10,True,True,False,0.122325,0.8,8,10,True,False
NonOverlappingTemplate,NonOverlappingTemplate,True,0.534146,0.9,9,10,True,True,False,0.534146,0.8,8,10,True,False
NonOverlappingTemplate,NonOverlappingTemplate,True,0.534146,0.9,9,10,True,True,False,0.122325,0.8,8,10,True,False
NonOverlappingTemplate,NonOverlappingTemplate,True,0.534146,0.9,9,10,True,True,False,0.911413,0.8,8,10,True,False
NonOverlappingTemplate,NonOverlappingTemplate,True,0.534146,0.9,9,10,True,True,False,0.350485,0.8,8,10,True,False
NonOverlappingTemplate,NonOverlappingTemplate,True,0.739918,0.9,9,10,True,True,False,0.534146,0.8,8,10,True,False
NonOverlappingTemplate,NonOverlappingTemplate,True,0.739918,0.9,9,10,True,True,False,0.534146,0.8,8,10,True,False
NonOverlappingTemplate,NonOverlappingTemplate,True,0.739918,0.9,9,10,True,True,False,0.035174,0.8,8,10,True,False
NonOverlappingTemplate,NonOverlappingTemplate,True,0.739918,0.9,9,10,True,True,False,0.350485,0.8,8,10,True,False
NonOverlappingTemplate,NonOverlappingTemplate,True,0.739918,0.9,9,10,True,True,False,0.350485,0.8,8,10,True,False
NonOverlappingTemplate,NonOverlappingTemplate,True,0.739918,0.9,9,10,True,True,False,0.350485,0.7,7,10,True,False
NonOverlappingTemplate,NonOverlappingTemplate,True,0.739918,0.9,9,10,True,True,False,0.911413,0.8,8,10,True,False
NonOverlappingTemplate,NonOverlappingTemplate,True,0.739918,0.9,9,10,True,True,False,0.350485,0.7,7,10,True,False
NonOverlappingTemplate,NonOverlappingTemplate,True,0.739918,0.9,9,10,True,True,False,0.534146,0.8,8,10,True,False
NonOverlappingTemplate,NonOverlappingTemplate,True,0.739918,0.9,9,10,True,True,False,0.534146,0.8,8,10,True,False
NonOverlappingTemplate,NonOverlappingTemplate,True,0.739918,0.9,9,10,True,True,False,0.122325,0.8,8,10,True,False
NonOverlappingTemplate,NonOverlappingTemplate,True,0.739918,0.9,9,10,True,True,False,0.534146,0.8,8,10,True,False
NonOverlappingTemplate,NonOverlappingTemplate,True,0.739918,0.9,9,10,True,True,False,0.122325,0.8,8,10,True,False
NonOverlappingTemplate,NonOverlappingTemplate,True,0.739918,0.9,9,10,True,True,False,0.911413,0.8,8,10,True,False
NonOverlappingTemplate,NonOverlappingTemplate,True,0.739918,0.9,9,10,True,True,False,0.350485,0.8,8,10,True,False
NonOverlappingTemplate,NonOverlappingTemplate,True,0.534146,0.9,9,10,True,True,False,0.534146,0.8,8,10,True,False
NonOverlappingTemplate,NonOverlappingTemplate,True,0.534146,0.9,9,10,True,True,False,0.534146,0.8,8,10,True,False
NonOverlappingTemplate,NonOverlappingTemplate,True,0.534146,0.9,9,10,True,True,False,0.035174,0.8,8,10,True,False
NonOverlappingTemplate,NonOverlappingTemplate,True,0.534146,0.9,9,10,True,True,False,0.350485,0.8,8,10,True,False
NonOverlappingTemplate,NonOverlappingTemplate,True,0.534146,0.9,9,10,True,True,False,0.350485,0.8,8,10,True,False
NonOverlappingTemplate,NonOverlappingTemplate,True,0.534146,0.9,9,10,True,True,False,0.350485,0.7,7,10,True,False
NonOverlappingTemplate,NonOverlappingTemplate,True,0.534146,0.9,9,10,True,True,False,0.911413,0.8,8,10,True,False
NonOverlappingTemplate,NonOverlappingTemplate,True,0.534146,0.9,9,10,True,True,False,0.350485,0.7,7,10,True,False
NonOverlappingTemplate,NonOverlappingTemplate,True,0.534146,0.9,9,10,True,True,False,0.534146,0.8,8,10,True,False
NonOverlappingTemplate,NonOverlappingTemplate,True,0.534146,0.9,9,10,True,True,False,0.534146,0.8,8,10,True,False
NonOverlappingTemplate,NonOverlappingTemplate,True,0.534146,0.9,9,10,True,True,False,0.122325,0.8,8,10,True,False
NonOverlappingTemplate,NonOverlappingTemplate,True,0.534146,0.9,9,10,True,True,False,0.534146,0.8,8,10,True,False
NonOverlappingTemplate,NonOverlappingTemplate,True,0.534146,0.9,9,10,True,True,False,0.122325,0.8,8,10,True,False
NonOverlappingTemplate,NonOverlappingTemplate,True,0.534146,0.9,9,10,True,True,False,0.911413,0.8,8,10,True,False
NonOverlappingTemplate,NonOverlappingTemplate,True,0.534146,0.9,9,10,True,True,False,0.350485,0.8,8,10,True,False
NonOverlappingTemplate,NonOverlappingTemplate,True,0.739918,0.9,9,10,True,True,False,0.534146,0.8,8,10,True,False
NonOverlappingTemplate,NonOverlappingTemplate,True,0.739918,0.9,9,10,True,True,False,0.534146,0.8,8,10,True,False
NonOverlappingTemplate,NonOverlappingTemplate,True,0.739918,0.9,9,10,True,True,False,0.035174,0.8,8,10,True,False
NonOverlappingTemplate,NonOverlappingTemplate,True,0.739918,0.9,9,10,True,True,False,0.350485,0.8,8,10,True,False
NonOverlappingTemplate,NonOverlappingTemplate,True,0.739918,0.9,9,10,True,True,False,0.350485,0.8,8,10,True,False
NonOverlappingTemplate,NonOverlappingTemplate,True,0.739918,0.9,9,10,True,True,False,0.350485,0.7,7,10,True,False
NonOverlappingTemplate,NonOverlappingTemplate,True,0.739918,0.9,9,10,True,True,False,0.911413,0.8,8,10,True,False
NonOverlappingTemplate,NonOverlappingTemplate,True,0.739918,0.9,9,10,True,True,False,0.350485,0.7,7,10,True,False
NonOverlappingTemplate,NonOverlappingTemplate,True,0.739918,0.9,9,10,True,True,False,0.534146,0.8,8,10,True,False
NonOverlappingTemplate,NonOverlappingTemplate,True,0.739918,0.9,9,10,True,True,False,0.534146,0.8,8,10,True,False
NonOverlappingTemplate,NonOverlappingTemplate,True,0.739918,0.9,9,10,True,True,False,0.122325,0.8,8,10,True,False
NonOverlappingTemplate,NonOverlappingTemplate,True,0.739918,0.9,9,10,True,True,False,0.534146,0.8,8,10,True,False
NonOverlappingTemplate,NonOverlappingTemplate,True,0.739918,0.9,9,10,True,True,False,0.122325,0.8,8,10,True,False
NonOverlappingTemplate,NonOverlappingTemplate,True,0.739918,0.9,9,10,True,True,False,0.911413,0.8,8,10,True,False
NonOverlappingTemplate,NonOverlappingTemplate,True,0.739918,0.9,9,10,True,True,False,0.350485,0.8,8,10,True,False
NonOverlappingTemplate,NonOverlappingTemplate,True,0.122325,0.9,9,10,True,True,False,0.534146,0.8,8,10,True,False
NonOverlappingTemplate,NonOverlappingTemplate,True,0.122325,0.9,9,10,True,True,False,0.534146,0.8,8,10,True,False
NonOverlappingTemplate,NonOverlappingTemplate,True,0.122325,0.9,9,10,True,True,False,0.035174,0.8,8,10,True,False
NonOverlappingTemplate,NonOverlappingTemplate,True,0.122325,0.9,9,10,True,True,False,0.350485,0.8,8,10,True,False
NonOverlappingTemplate,NonOverlappingTemplate,True,0.122325,0.9,9,10,True,True,False,0.350485,0.8,8,10,True,False
NonOverlappingTemplate,NonOverlappingTemplate,True,0.122325,0.9,9,10,True,True,False,0.350485,0.7,7,10,True,False
NonOverlappingTemplate,NonOverlappingTemplate,True,0.122325,0.9,9,10,True,True,False,0.911413,0.8,8,10,True,False
NonOverlappingTemplate,NonOverlappingTemplate,True,0.122325,0.9,9,10,True,True,False,0.350485,0.7,7,10,True,False
NonOverlappingTemplate,NonOverlappingTemplate,True,0.122325,0.9,9,10,True,True,False,0.534146,0.8,8,10,True,False
NonOverlappingTemplate,NonOverlappingTemplate,True,0.122325,0.9,9,10,True,True,False,0.534146,0.8,8,10,True,False
NonOverlappingTemplate,NonOverlappingTemplate,True,0.122325,0.9,9,10,True,True,False,0.122325,0.8,8,10,True,False
NonOverlappingTemplate,NonOverlappingTemplate,True,0.122325,0.9,9,10,True,True,False,0.534146,0.8,8,10,True,False
NonOverlappingTemplate,NonOverlappingTemplate,True,0.122325,0.9,9,10,True,True,False,0.122325,0.8,8,10,True,False
NonOverlappingTemplate,NonOverlappingTemplate,True,0.122325,0.9,9,10,True,True,False,0.911413,0.8,8,10,True,False
NonOverlappingTemplate,NonOverlappingTemplate,True,0.122325,0.9,9,10,True,True,False,0.350485,0.8,8,10,True,False
NonOverlappingTemplate,NonOverlappingTemplate,True,0.534146,0.9,9,10,True,True,False,0.534146,0.8,8,10,True,False
NonOverlappingTemplate,NonOverlappingTemplate,True,0.534146,0.9,9,10,True,True,False,0.534146,0.8,8,10,True,False
NonOverlappingTemplate,NonOverlappingTemplate,True,0.534146,0.9,9,10,True,True,False,0.035174,0.8,8,10,True,False
NonOverlappingTemplate,NonOverlappingTemplate,True,0.534146,0.9,9,10,True,True,False,0.350485,0.8,8,10,True,False
NonOverlappingTemplate,NonOverlappingTemplate,True,0.534146,0.9,9,10,True,True,False,0.350485,0.8,8,10,True,False
NonOverlappingTemplate,NonOverlappingTemplate,True,0.534146,0.9,9,10,True,True,False,0.350485,0.7,7,10,True,False
NonOverlappingTemplate,NonOverlappingTemplate,True,0.534146,0.9,9,10,True,True,False,0.911413,0.8,8,10,True,False
NonOverlappingTemplate,NonOverlappingTemplate,True,0.534146,0.9,9,10,True,True,False,0.350485,0.7,7,10,True,False
NonOverlappingTemplate,NonOverlappingTemplate,True,0.534146,0.9,9,10,True,True,False,0.534146,0.8,8,10,True,False
NonOverlappingTemplate,NonOverlappingTemplate,True,0.534146,0.9,9,10,True,True,False,0.534146,0.8,8,10,True,False
NonOverlappingTemplate,NonOverlappingTemplate,True,0.534146,0.9,9,10,True,True,False,0.122325,0.8,8,10,True,False
NonOverlappingTemplate,NonOverlappingTemplate,True,0.534146,0.9,9,10,True,True,False,0.534146,0.8,8,10,True,False
NonOverlappingTemplate,NonOverlappingTemplate,True,0.534146,0.9,9,10,True,True,False,0.122325,0.8,8,10,True,False
NonOverlappingTemplate,NonOverlappingTemplate,True,0.534146,0.9,9,10,True,True,False,0.911413,0.8,8,10,True,False
NonOverlappingTemplate,NonOverlappingTemplate,True,0.534146,0.9,9,10,True,True,False,0.350485,0.8,8,10,True,False
NonOverlappingTemplate,NonOverlappingTemplate,True,0.739918,0.9,9,10,True,True,False,0.534146,0.8,8,10,True,False
NonOverlappingTemplate,NonOverlappingTemplate,True,0.739918,0.9,9,10,True,True,False,0.534146,0.8,8,10,True,False
NonOverlappingTemplate,NonOverlappingTemplate,True,0.739918,0.9,9,10,True,True,False,0.035174,0.8,8,10,True,False
NonOverlappingTemplate,NonOverlappingTemplate,True,0.739918,0.9,9,10,True,True,False,0.350485,0.8,8,10,True,False
NonOverlappingTemplate,NonOverlappingTemplate,True,0.739918,0.9,9,10,True,True,False,0.350485,0.8,8,10,True,False
NonOverlappingTemplate,NonOverlappingTemplate,True,0.739918,0.9,9,10,True,True,False,0.350485,0.7,7,10,True,False
NonOverlappingTemplate,NonOverlappingTemplate,True,0.739918,0.9,9,10,True,True,False,0.911413,0.8,8,10,True,False
NonOverlappingTemplate,NonOverlappingTemplate,True,0.739918,0.9,9,10,True,True,False,0.350485,0.7,7,10,True,False
NonOverlappingTemplate,NonOverlappingTemplate,True,0.739918,0.9,9,10,True,True,False,0.534146,0.8,8,10,True,False
NonOverlappingTemplate,NonOverlappingTemplate,True,0.739918,0.9,9,10,True,True,False,0.534146,0.8,8,10,True,False
NonOverlappingTemplate,NonOverlappingTemplate,True,0.739918,0.9,9,10,True,True,False,0.122325,0.8,8,10,True,False
NonOverlappingTemplate,NonOverlappingTemplate,True,0.739918,0.9,9,10,True,True,False,0.534146,0.8,8,10,True,False
NonOverlappingTemplate,NonOverlappingTemplate,True,0.739918,0.9,9,10,True,True,False,0.122325,0.8,8,10,True,False
NonOverlappingTemplate,NonOverlappingTemplate,True,0.739918,0.9,9,10,True,True,False,0.911413,0.8,8,10,True,False
NonOverlappingTemplate,NonOverlappingTemplate,True,0.739918,0.9,9,10,True,True,False,0.350485,0.8,8,10,True,False
NonOverlappingTemplate,NonOverlappingTemplate,True,0.911413,0.9,9,10,True,True,False,0.534146,0.8,8,10,True,False
NonOverlappingTemplate,NonOverlappingTemplate,True,0.911413,0.9,9,10,True,True,False,0.534146,0.8,8,10,True,False
NonOverlappingTemplate,NonOverlappingTemplate,True,0.911413,0.9,9,10,True,True,False,0.035174,0.8,8,10,True,False
NonOverlappingTemplate,NonOverlappingTemplate,True,0.911413,0.9,9,10,True,True,False,0.350485,0.8,8,10,True,False
NonOverlappingTemplate,NonOverlappingTemplate,True,0.911413,0.9,9,10,True,True,False,0.350485,0.8,8,10,True,False
NonOverlappingTemplate,NonOverlappingTemplate,True,0.911413,0.9,9,10,True,True,False,0.350485,0.7,7,10,True,False
NonOverlappingTemplate,NonOverlappingTemplate,True,0.911413,0.9,9,10,True,True,False,0.911413,0.8,8,10,True,False
NonOverlappingTemplate,NonOverlappingTemplate,True,0.911413,0.9,9,10,True,True,False,0.350485,0.7,7,10,True,False
NonOverlappingTemplate,NonOverlappingTemplate,True,0.911413,0.9,9,10,True,True,False,0.534146,0.8,8,10,True,False
NonOverlappingTemplate,NonOverlappingTemplate,True,0.911413,0.9,9,10,True,True,False,0.534146,0.8,8,10,True,False
NonOverlappingTemplate,NonOverlappingTemplate,True,0.911413,0.9,9,10,True,True,False,0.122325,0.8,8,10,True,False
NonOverlappingTemplate,NonOverlappingTemplate,True,0.911413,0.9,9,10,True,True,False,0.534146,0.8,8,10,True,False
NonOverlappingTemplate,NonOverlappingTemplate,True,0.911413,0.9,9,10,True,True,False,0.122325,0.8,8,10,True,False
NonOverlappingTemplate,NonOverlappingTemplate,True,0.911413,0.9,9,10,True,True,False,0.911413,0.8,8,10,True,False
NonOverlappingTemplate,NonOverlappingTemplate,True,0.911413,0.9,9,10,True,True,False,0.350485,0.8,8,10,True,False
NonOverlappingTemplate,NonOverlappingTemplate,True,0.213309,0.9,9,10,True,True,False,0.534146,0.8,8,10,True,False
NonOverlappingTemplate,NonOverlappingTemplate,True,0.213309,0.9,9,10,True,True,False,0.534146,0.8,8,10,True,False
NonOverlappingTemplate,NonOverlappingTemplate,True,0.213309,0.9,9,10,True,True,False,0.035174,0.8,8,10,True,False
NonOverlappingTemplate,NonOverlappingTemplate,True,0.213309,0.9,9,10,True,True,False,0.350485,0.8,8,10,True,False
NonOverlappingTemplate,NonOverlappingTemplate,True,0.213309,0.9,9,10,True,True,False,0.350485,0.8,8,10,True,False
NonOverlappingTemplate,NonOverlappingTemplate,True,0.213309,0.9,9,10,True,True,False,0.350485,0.7,7,10,True,False
NonOverlappingTemplate,NonOverlappingTemplate,True,0.213309,0.9,9,10,True,True,False,0.911413,0.8,8,10,True,False
NonOverlappingTemplate,NonOverlappingTemplate,True,0.213309,0.9,9,10,True,True,False,0.350485,0.7,7,10,True,False
NonOverlappingTemplate,NonOverlappingTemplate,True,0.213309,0.9,9,10,True,True,False,0.534146,0.8,8,10,True,False
NonOverlappingTemplate,NonOverlappingTemplate,True,0.213309,0.9,9,10,True,True,False,0.534146,0.8,8,10,True,False
NonOverlappingTemplate,NonOverlappingTemplate,True,0.213309,0.9,9,10,True,True,False,0.122325,0.8,8,10,True,False
NonOverlappingTemplate,NonOverlappingTemplate,True,0.213309,0.9,9,10,True,True,False,0.534146,0.8,8,10,True,False
NonOverlappingTemplate,NonOverlappingTemplate,True,0.213309,0.9,9,10,True,True,False,0.122325,0.8,8,10,True,False
NonOverlappingTemplate,NonOverlappingTemplate,True,0.213309,0.9,9,10,True,True,False,0.911413,0.8,8,10,True,False
NonOverlappingTemplate,NonOverlappingTemplate,True,0.213309,0.9,9,10,True,True,False,0.350485,0.8,8,10,True,False
NonOverlappingTemplate,NonOverlappingTemplate,True,0.350485,0.9,9,10,True,True,False,0.534146,0.8,8,10,True,False
NonOverlappingTemplate,NonOverlappingTemplate,True,0.350485,0.9,9,10,True,True,False,0.534146,0.8,8,10,True,False
NonOverlappingTemplate,NonOverlappingTemplate,True,0.350485,0.9,9,10,True,True,False,0.035174,0.8,8,10,True,False
NonOverlappingTemplate,NonOverlappingTemplate,True,0.350485,0.9,9,10,True,True,False,0.350485,0.8,8,10,True,False
NonOverlappingTemplate,NonOverlappingTemplate,True,0.350485,0.9,9,10,True,True,False,0.350485,0.8,8,10,True,False
NonOverlappingTemplate,NonOverlappingTemplate,True,0.350485,0.9,9,10,True,True,False,0.350485,0.7,7,10,True,False
NonOverlappingTemplate,NonOverlappingTemplate,True,0.350485,0.9,9,10,True,True,False,0.911413,0.8,8,10,True,False
NonOverlappingTemplate,NonOverlappingTemplate,True,0.350485,0.9,9,10,True,True,False,0.350485,0.7,7,10,True,False
NonOverlappingTemplate,NonOverlappingTemplate,True,0.350485,0.9,9,10,True,True,False,0.534146,0.8,8,10,True,False
NonOverlappingTemplate,NonOverlappingTemplate,True,0.350485,0.9,9,10,True,True,False,0.534146,0.8,8,10,True,False
NonOverlappingTemplate,NonOverlappingTemplate,True,0.350485,0.9,9,10,True,True,False,0.122325,0.8,8,10,True,False
NonOverlappingTemplate,NonOverlappingTemplate,True,0.350485,0.9,9,10,True,True,False,0.534146,0.8,8,10,True,False
NonOverlappingTemplate,NonOverlappingTemplate,True,0.350485,0.9,9,10,True,True,False,0.122325,0.8,8,10,True,False
NonOverlappingTemplate,NonOverlappingTemplate,True,0.350485,0.9,9,10,True,True,False,0.911413,0.8,8,10,True,False
NonOverlappingTemplate,NonOverlappingTemplate,True,0.350485,0.9,9,10,True,True,False,0.350485,0.8,8,10,True,False
NonOverlappingTemplate,NonOverlappingTemplate,True,0.534146,0.9,9,10,True,True,False,0.534146,0.8,8,10,True,False
NonOverlappingTemplate,NonOverlappingTemplate,True,0.534146,0.9,9,10,True,True,False,0.534146,0.8,8,10,True,False
NonOverlappingTemplate,NonOverlappingTemplate,True,0.534146,0.9,9,10,True,True,False,0.035174,0.8,8,10,True,False
NonOverlappingTemplate,NonOverlappingTemplate,True,0.534146,0.9,9,10,True,True,False,0.350485,0.8,8,10,True,False
NonOverlappingTemplate,NonOverlappingTemplate,True,0.534146,0.9,9,10,True,True,False,0.350485,0.8,8,10,True,False
NonOverlappingTemplate,NonOverlappingTemplate,True,0.534146,0.9,9,10,True,True,False,0.350485,0.7,7,10,True,False
NonOverlappingTemplate,NonOverlappingTemplate,True,0.534146,0.9,9,10,True,True,False,0.911413,0.8,8,10,True,False
NonOverlappingTemplate,NonOverlappingTemplate,True,0.534146,0.9,9,10,True,True,False,0.350485,0.7,7,10,True,False
NonOverlappingTemplate,NonOverlappingTemplate,True,0.534146,0.9,9,10,True,True,False,0.534146,0.8,8,10,True,False
NonOverlappingTemplate,NonOverlappingTemplate,True,0.534146,0.9,9,10,True,True,False,0.534146,0.8,8,10,True,False
NonOverlappingTemplate,NonOverlappingTemplate,True,0.534146,0.9,9,10,True,True,False,0.122325,0.8,8,10,True,False
NonOverlappingTemplate,NonOverlappingTemplate,True,0.534146,0.9,9,10,True,True,False,0.534146,0.8,8,10,True,False
NonOverlappingTemplate,NonOverlappingTemplate,True,0.534146,0.9,9,10,True,True,False,0.122325,0.8,8,10,True,False
NonOverlappingTemplate,NonOverlappingTemplate,True,0.534146,0.9,9,10,True,True,False,0.911413,0.8,8,10,True,False
NonOverlappingTemplate,NonOverlappingTemplate,True,0.534146,0.9,9,10,True,True,False,0.350485,0.8,8,10,True,False
NonOverlappingTemplate,NonOverlappingTemplate,True,0.534146,0.9,9,10,True,True,False,0.534146,0.8,8,10,True,False
NonOverlappingTemplate,NonOverlappingTemplate,True,0.534146,0.9,9,10,True,True,False,0.534146,0.8,8,10,True,False
NonOverlappingTemplate,NonOverlappingTemplate,True,0.534146,0.9,9,10,True,True,False,0.035174,0.8,8,10,True,False
NonOverlappingTemplate,NonOverlappingTemplate,True,0.534146,0.9,9,10,True,True,False,0.350485,0.8,8,10,True,False
NonOverlappingTemplate,NonOverlappingTemplate,True,0.534146,0.9,9,10,True,True,False,0.350485,0.8,8,10,True,False
NonOverlappingTemplate,NonOverlappingTemplate,True,0.534146,0.9,9,10,True,True,False,0.350485,0.7,7,10,True,False
NonOverlappingTemplate,NonOverlappingTemplate,True,0.534146,0.9,9,10,True,True,False,0.911413,0.8,8,10,True,False
NonOverlappingTemplate,NonOverlappingTemplate,True,0.534146,0.9,9,10,True,True,False,0.350485,0.7,7,10,True,False
NonOverlappingTemplate,NonOverlappingTemplate,True,0.534146,0.9,9,10,True,True,False,0.534146,0.8,8,10,True,False
NonOverlappingTemplate,NonOverlappingTemplate,True,0.534146,0.9,9,10,True,True,False,0.534146,0.8,8,10,True,False
NonOverlappingTemplate,NonOverlappingTemplate,True,0.534146,0.9,9,10,True,True,False,0.122325,0.8,8,10,True,False
NonOverlappingTemplate,NonOverlappingTemplate,True,0.534146,0.9,9,10,True,True,False,0.534146,0.8,8,10,True,False
NonOverlappingTemplate,NonOverlappingTemplate,True,0.534146,0.9,9,10,True,True,False,0.122325,0.8,8,10,True,False
NonOverlappingTemplate,NonOverlappingTemplate,True,0.534146,0.9,9,10,True,True,False,0.911413,0.8,8,10,True,False
NonOverlappingTemplate,NonOverlappingTemplate,True,0.534146,0.9,9,10,True,True,False,0.350485,0.8,8,10,True,False
NonOverlappingTemplate,NonOverlappingTemplate,True,0.739918,0.9,9,10,True,True,False,0.534146,0.8,8,10,True,False
NonOverlappingTemplate,NonOverlappingTemplate,True,0.739918,0.9,9,10,True,True,False,0.534146,0.8,8,10,True,False
NonOverlappingTemplate,NonOverlappingTemplate,True,0.739918,0.9,9,10,True,True,False,0.035174,0.8,8,10,True,False
NonOverlappingTemplate,NonOverlappingTemplate,True,0.739918,0.9,9,10,True,True,False,0.350485,0.8,8,10,True,False
NonOverlappingTemplate,NonOverlappingTemplate,True,0.739918,0.9,9,10,True,True,False,0.350485,0.8,8,10,True,False
NonOverlappingTemplate,NonOverlappingTemplate,True,0.739918,0.9,9,10,True,True,False,0.350485,0.7,7,10,True,False
NonOverlappingTemplate,NonOverlappingTemplate,True,0.739918,0.9,9,10,True,True,False,0.911413,0.8,8,10,True,False
NonOverlappingTemplate,NonOverlappingTemplate,True,0.739918,0.9,9,10,True,True,False,0.350485,0.7,7,10,True,False
NonOverlappingTemplate,NonOverlappingTemplate,True,0.739918,0.9,9,10,True,True,False,0.534146,0.8,8,10,True,False
NonOverlappingTemplate,NonOverlappingTemplate,True,0.739918,0.9,9,10,True,True,False,0.534146,0.8,8,10,True,False
NonOverlappingTemplate,NonOverlappingTemplate,True,0.739918,0.9,9,10,True,True,False,0.122325,0.8,8,10,True,False
NonOverlappingTemplate,NonOverlappingTemplate,True,0.739918,0.9,9,10,True,True,False,0.534146,0.8,8,10,True,False
NonOverlappingTemplate,NonOverlappingTemplate,True,0.739918,0.9,9,10,True,True,False,0.122325,0.8,8,10,True,False
NonOverlappingTemplate,NonOverlappingTemplate,True,0.739918,0.9,9,10,True,True,False,0.911413,0.8,8,10,True,False
NonOverlappingTemplate,NonOverlappingTemplate,True,0.739918,0.9,9,10,True,True,False,0.350485,0.8,8,10,True,False
NonOverlappingTemplate,NonOverlappingTemplate,True,0.534146,0.9,9,10,True,True,False,0.534146,0.8,8,10,True,False
NonOverlappingTemplate,NonOverlappingTemplate,True,0.534146,0.9,9,10,True,True,False,0.534146,0.8,8,10,True,False
NonOverlappingTemplate,NonOverlappingTemplate,True,0.534146,0.9,9,10,True,True,False,0.035174,0.8,8,10,True,False
NonOverlappingTemplate,NonOverlappingTemplate,True,0.534146,0.9,9,10,True,True,False,0.350485,0.8,8,10,True,False
NonOverlappingTemplate,NonOverlappingTemplate,True,0.534146,0.9,9,10,True,True,False,0.350485,0.8,8,10,True,False
NonOverlappingTemplate,NonOverlappingTemplate,True,0.534146,0.9,9,10,True,True,False,0.350485,0.7,7,10,True,False
NonOverlappingTemplate,NonOverlappingTemplate,True,0.534146,0.9,9,10,True,True,False,0.911413,0.8,8,10,True,False
NonOverlappingTemplate,NonOverlappingTemplate,True,0.534146,0.9,9,10,True,True,False,0.350485,0.7,7,10,True,False
NonOverlappingTemplate,NonOverlappingTemplate,True,0.534146,0.9,9,10,True,True,False,0.534146,0.8,8,10,True,False
NonOverlappingTemplate,NonOverlappingTemplate,True,0.534146,0.9,9,10,True,True,False,0.534146,0.8,8,10,True,False
NonOverlappingTemplate,NonOverlappingTemplate,True,0.534146,0.9,9,10,True,True,False,0.122325,0.8,8,10,True,False
NonOverlappingTemplate,NonOverlappingTemplate,True,0.534146,0.9,9,10,True,True,False,0.534146,0.8,8,10,True,False
NonOverlappingTemplate,NonOverlappingTemplate,True,0.534146,0.9,9,10,True,True,False,0.122325,0.8,8,10,True,False
NonOverlappingTemplate,NonOverlappingTemplate,True,0.534146,0.9,9,10,True,True,False,0.911413,0.8,8,10,True,False
NonOverlappingTemplate,NonOverlappingTemplate,True,0.534146,0.9,9,10,True,True,False,0.350485,0.8,8,10,True,False
NonOverlappingTemplate,NonOverlappingTemplate,True,0.004301,0.9,9,10,True,True,False,0.534146,0.8,8,10,True,False
NonOverlappingTemplate,NonOverlappingTemplate,True,0.004301,0.9,9,10,True,True,False,0.534146,0.8,8,10,True,False
NonOverlappingTemplate,NonOverlappingTemplate,True,0.004301,0.9,9,10,True,True,False,0.035174,0.8,8,10,True,False
NonOverlappingTemplate,NonOverlappingTemplate,True,0.004301,0.9,9,10,True,True,False,0.350485,0.8,8,10,True,False
NonOverlappingTemplate,NonOverlappingTemplate,True,0.004301,0.9,9,10,True,True,False,0.350485,0.8,8,10,True,False
NonOverlappingTemplate,NonOverlappingTemplate,True,0.004301,0.9,9,10,True,True,False,0.350485,0.7,7,10,True,False
NonOverlappingTemplate,NonOverlappingTemplate,True,0.004301,0.9,9,10,True,True,False,0.911413,0.8,8,10,True,False
NonOverlappingTemplate,NonOverlappingTemplate,True,0.004301,0.9,9,10,True,True,False,0.350485,0.7,7,10,True,False
NonOverlappingTemplate,NonOverlappingTemplate,True,0.004301,0.9,9,10,True,True,False,0.534146,0.8,8,10,True,False
NonOverlappingTemplate,NonOverlappingTemplate,True,0.004301,0.9,9,10,True,True,False,0.534146,0.8,8,10,True,False
NonOverlappingTemplate,NonOverlappingTemplate,True,0.004301,0.9,9,10,True,True,False,0.122325,0.8,8,10,True,False
NonOverlappingTemplate,NonOverlappingTemplate,True,0.004301,0.9,9,10,True,True,False,0.534146,0.8,8,10,True,False
NonOverlappingTemplate,NonOverlappingTemplate,True,0.004301,0.9,9,10,True,True,False,0.122325,0.8,8,10,True,False
NonOverlappingTemplate,NonOverlappingTemplate,True,0.004301,0.9,9,10,True,True,False,0.911413,0.8,8,10,True,False
NonOverlappingTemplate,NonOverlappingTemplate,True,0.004301,0.9,9,10,True,True,False,0.350485,0.8,8,10,True,False
NonOverlappingTemplate,NonOverlappingTemplate,True,0.008879,0.9,9,10,True,True,False,0.534146,0.8,8,10,True,False
NonOverlappingTemplate,NonOverlappingTemplate,True,0.008879,0.9,9,10,True,True,False,0.534146,0.8,8,10,True,False
NonOverlappingTemplate,NonOverlappingTemplate,True,0.008879,0.9,9,10,True,True,False,0.035174,0.8,8,10,True,False
NonOverlappingTemplate,NonOverlappingTemplate,True,0.008879,0.9,9,10,True,True,False,0.350485,0.8,8,10,True,False
NonOverlappingTemplate,NonOverlappingTemplate,True,0.008879,0.9,9,10,True,True,False,0.350485,0.8,8,10,True,False
NonOverlappingTemplate,NonOverlappingTemplate,True,0.008879,0.9,9,10,True,True,False,0.350485,0.7,7,10,True,False
NonOverlappingTemplate,NonOverlappingTemplate,True,0.008879,0.9,9,10,True,True,False,0.911413,0.8,8,10,True,False
NonOverlappingTemplate,NonOverlappingTemplate,True,0.008879,0.9,9,10,True,True,False,0.350485,0.7,7,10,True,False
NonOverlappingTemplate,NonOverlappingTemplate,True,0.008879,0.9,9,10,True,True,False,0.534146,0.8,8,10,True,False
NonOverlappingTemplate,NonOverlappingTemplate,True,0.008879,0.9,9,10,True,True,False,0.534146,0.8,8,10,True,False
NonOverlappingTemplate,NonOverlappingTemplate,True,0.008879,0.9,9,10,True,True,False,0.122325,0.8,8,10,True,False
NonOverlappingTemplate,NonOverlappingTemplate,True,0.008879,0.9,9,10,True,True,False,0.534146,0.8,8,10,True,False
NonOverlappingTemplate,NonOverlappingTemplate,True,0.008879,0.9,9,10,True,True,False,0.122325,0.8,8,10,True,False
NonOverlappingTemplate,NonOverlappingTemplate,True,0.008879,0.9,9,10,True,True,False,0.911413,0.8,8,10,True,False
NonOverlappingTemplate,NonOverlappingTemplate,True,0.008879,0.9,9,10,True,True,False,0.350485,0.8,8,10,True,False
NonOverlappingTemplate,NonOverlappingTemplate,True,0.911413,0.9,9,10,True,True,False,0.534146,0.8,8,10,True,False
NonOverlappingTemplate,NonOverlappingTemplate,True,0.911413,0.9,9,10,True,True,False,0.534146,0.8,8,10,True,False
NonOverlappingTemplate,NonOverlappingTemplate,True,0.911413,0.9,9,10,True,True,False,0.035174,0.8,8,10,True,False
NonOverlappingTemplate,NonOverlappingTemplate,True,0.911413,0.9,9,10,True,True,False,0.350485,0.8,8,10,True,False
NonOverlappingTemplate,NonOverlappingTemplate,True,0.911413,0.9,9,10,True,True,False,0.350485,0.8,8,10,True,False
NonOverlappingTemplate,NonOverlappingTemplate,True,0.911413,0.9,9,10,True,True,False,0.350485,0.7,7,10,True,False
NonOverlappingTemplate,NonOverlappingTemplate,True,0.911413,0.9,9,10,True,True,False,0.911413,0.8,8,10,True,False
NonOverlappingTemplate,NonOverlappingTemplate,True,0.911413,0.9,9,10,True,True,False,0.350485,0.7,7,10,True,False
NonOverlappingTemplate,NonOverlappingTemplate,True,0.911413,0.9,9,10,True,True,False,0.534146,0.8,8,10,True,False
NonOverlappingTemplate,NonOverlappingTemplate,True,0.911413,0.9,9,10,True,True,False,0.534146,0.8,8,10,True,False
NonOverlappingTemplate,NonOverlappingTemplate,True,0.911413,0.9,9,10,True,True,False,0.122325,0.8,8,10,True,False
NonOverlappingTemplate,NonOverlappingTemplate,True,0.911413,0.9,9,10,True,True,False,0.534146,0.8,8,10,True,False
NonOverlappingTemplate,NonOverlappingTemplate,True,0.911413,0.9,9,10,True,True,False,0.122325,0.8,8,10,True,False
NonOverlappingTemplate,NonOverlappingTemplate,True,0.911413,0.9,9,10,True,True,False,0.911413,0.8,8,10,True,False
NonOverlappingTemplate,NonOverlappingTemplate,True,0.911413,0.9,9,10,True,True,False,0.350485,0.8,8,10,True,False
NonOverlappingTemplate,NonOverlappingTemplate,True,0.534146,0.9,9,10,True,True,False,0.534146,0.8,8,10,True,False
NonOverlappingTemplate,NonOverlappingTemplate,True,0.534146,0.9,9,10,True,True,False,0.534146,0.8,8,10,True,False
NonOverlappingTemplate,NonOverlappingTemplate,True,0.534146,0.9,9,10,True,True,False,0.035174,0.8,8,10,True,False
NonOverlappingTemplate,NonOverlappingTemplate,True,0.534146,0.9,9,10,True,True,False,0.350485,0.8,8,10,True,False
NonOverlappingTemplate,NonOverlappingTemplate,True,0.534146,0.9,9,10,True,True,False,0.350485,0.8,8,10,True,False
NonOverlappingTemplate,NonOverlappingTemplate,True,0.534146,0.9,9,10,True,True,False,0.350485,0.7,7,10,True,False
NonOverlappingTemplate,NonOverlappingTemplate,True,0.534146,0.9,9,10,True,True,False,0.911413,0.8,8,10,True,False
NonOverlappingTemplate,NonOverlappingTemplate,True,0.534146,0.9,9,10,True,True,False,0.350485,0.7,7,10,True,False
NonOverlappingTemplate,NonOverlappingTemplate,True,0.534146,0.9,9,10,True,True,False,0.534146,0.8,8,10,True,False
NonOverlappingTemplate,NonOverlappingTemplate,True,0.534146,0.9,9,10,True,True,False,0.534146,0.8,8,10,True,False
NonOverlappingTemplate,NonOverlappingTemplate,True,0.534146,0.9,9,10,True,True,False,0.122325,0.8,8,10,True,False
NonOverlappingTemplate,NonOverlappingTemplate,True,0.534146,0.9,9,10,True,True,False,0.534146,0.8,8,10,True,False
NonOverlappingTemplate,NonOverlappingTemplate,True,0.534146,0.9,9,10,True,True,False,0.122325,0.8,8,10,True,False
NonOverlappingTemplate,NonOverlappingTemplate,True,0.534146,0.9,9,10,True,True,False,0.911413,0.8,8,10,True,False
NonOverlappingTemplate,NonOverlappingTemplate,True,0.534146,0.9,9,10,True,True,False,0.350485,0.8,8,10,True,False
NonOverlappingTemplate,NonOverlappingTemplate,True,0.350485,0.9,9,10,True,True,False,0.534146,0.8,8,10,True,False
NonOverlappingTemplate,NonOverlappingTemplate,True,0.350485,0.9,9,10,True,True,False,0.534146,0.8,8,10,True,False
NonOverlappingTemplate,NonOverlappingTemplate,True,0.350485,0.9,9,10,True,True,False,0.035174,0.8,8,10,True,False
NonOverlappingTemplate,NonOverlappingTemplate,True,0.350485,0.9,9,10,True,True,False,0.350485,0.8,8,10,True,False
NonOverlappingTemplate,NonOverlappingTemplate,True,0.350485,0.9,9,10,True,True,False,0.350485,0.8,8,10,True,False
NonOverlappingTemplate,NonOverlappingTemplate,True,0.350485,0.9,9,10,True,True,False,0.350485,0.7,7,10,True,False
NonOverlappingTemplate,NonOverlappingTemplate,True,0.350485,0.9,9,10,True,True,False,0.911413,0.8,8,10,True,False
NonOverlappingTemplate,NonOverlappingTemplate,True,0.350485,0.9,9,10,True,True,False,0.350485,0.7,7,10,True,False
NonOverlappingTemplate,NonOverlappingTemplate,True,0.350485,0.9,9,10,True,True,False,0.534146,0.8,8,10,True,False
NonOverlappingTemplate,NonOverlappingTemplate,True,0.350485,0.9,9,10,True,True,False,0.534146,0.8,8,10,True,False
NonOverlappingTemplate,NonOverlappingTemplate,True,0.350485,0.9,9,10,True,True,False,0.122325,0.8,8,10,True,False
NonOverlappingTemplate,NonOverlappingTemplate,True,0.350485,0.9,9,10,True,True,False,0.534146,0.8,8,10,True,False
NonOverlappingTemplate,NonOverlappingTemplate,True,0.350485,0.9,9,10,True,True,False,0.122325,0.8,8,10,True,False
NonOverlappingTemplate,NonOverlappingTemplate,True,0.350485,0.9,9,10,True,True,False,0.911413,0.8,8,10,True,False
NonOverlappingTemplate,NonOverlappingTemplate,True,0.350485,0.9,9,10,True,True,False,0.350485,0.8,8,10,True,False
NonOverlappingTemplate,NonOverlappingTemplate,True,0.534146,0.9,9,10,True,True,False,0.534146,0.8,8,10,True,False
NonOverlappingTemplate,NonOverlappingTemplate,True,0.534146,0.9,9,10,True,True,False,0.534146,0.8,8,10,True,False
NonOverlappingTemplate,NonOverlappingTemplate,True,0.534146,0.9,9,10,True,True,False,0.035174,0.8,8,10,True,False
NonOverlappingTemplate,NonOverlappingTemplate,True,0.534146,0.9,9,10,True,True,False,0.350485,0.8,8,10,True,False
NonOverlappingTemplate,NonOverlappingTemplate,True,0.534146,0.9,9,10,True,True,False,0.350485,0.8,8,10,True,False
NonOverlappingTemplate,NonOverlappingTemplate,True,0.534146,0.9,9,10,True,True,False,0.350485,0.7,7,10,True,False
NonOverlappingTemplate,NonOverlappingTemplate,True,0.534146,0.9,9,10,True,True,False,0.911413,0.8,8,10,True,False
NonOverlappingTemplate,NonOverlappingTemplate,True,0.534146,0.9,9,10,True,True,False,0.350485,0.7,7,10,True,False
NonOverlappingTemplate,NonOverlappingTemplate,True,0.534146,0.9,9,10,True,True,False,0.534146,0.8,8,10,True,False
NonOverlappingTemplate,NonOverlappingTemplate,True,0.534146,0.9,9,10,True,True,False,0.534146,0.8,8,10,True,False
NonOverlappingTemplate,NonOverlappingTemplate,True,0.534146,0.9,9,10,True,True,False,0.122325,0.8,8,10,True,False
NonOverlappingTemplate,NonOverlappingTemplate,True,0.534146,0.9,9,10,True,True,False,0.534146,0.8,8,10,True,False
NonOverlappingTemplate,NonOverlappingTemplate,True,0.534146,0.9,9,10,True,True,False,0.122325,0.8,8,10,True,False
NonOverlappingTemplate,NonOverlappingTemplate,True,0.534146,0.9,9,10,True,True,False,0.911413,0.8,8,10,True,False
NonOverlappingTemplate,NonOverlappingTemplate,True,0.534146,0.9,9,10,True,True,False,0.350485,0.8,8,10,True,False
NonOverlappingTemplate,NonOverlappingTemplate,True,0.534146,0.9,9,10,True,True,False,0.534146,0.8,8,10,True,False
NonOverlappingTemplate,NonOverlappingTemplate,True,0.534146,0.9,9,10,True,True,False,0.534146,0.8,8,10,True,False
NonOverlappingTemplate,NonOverlappingTemplate,True,0.534146,0.9,9,10,True,True,False,0.035174,0.8,8,10,True,False
NonOverlappingTemplate,NonOverlappingTemplate,True,0.534146,0.9,9,10,True,True,False,0.350485,0.8,8,10,True,False
NonOverlappingTemplate,NonOverlappingTemplate,True,0.534146,0.9,9,10,True,True,False,0.350485,0.8,8,10,True,False
NonOverlappingTemplate,NonOverlappingTemplate,True,0.534146,0.9,9,10,True,True,False,0.350485,0.7,7,10,True,False
NonOverlappingTemplate,NonOverlappingTemplate,True,0.534146,0.9,9,10,True,True,False,0.911413,0.8,8,10,True,False
NonOverlappingTemplate,NonOverlappingTemplate,True,0.534146,0.9,9,10,True,True,False,0.350485,0.7,7,10,True,False
NonOverlappingTemplate,NonOverlappingTemplate,True,0.534146,0.9,9,10,True,True,False,0.534146,0.8,8,10,True,False
NonOverlappingTemplate,NonOverlappingTemplate,True,0.534146,0.9,9,10,True,True,False,0.534146,0.8,8,10,True,False
NonOverlappingTemplate,NonOverlappingTemplate,True,0.534146,0.9,9,10,True,True,False,0.122325,0.8,8,10,True,False
NonOverlappingTemplate,NonOverlappingTemplate,True,0.534146,0.9,9,10,True,True,False,0.534146,0.8,8,10,True,False
NonOverlappingTemplate,NonOverlappingTemplate,True,0.534146,0.9,9,10,True,True,False,0.122325,0.8,8,10,True,False
NonOverlappingTemplate,NonOverlappingTemplate,True,0.534146,0.9,9,10,True,True,False,0.911413,0.8,8,10,True,False
NonOverlappingTemplate,NonOverlappingTemplate,True,0.534146,0.9,9,10,True,True,False,0.350485,0.8,8,10,True,False
NonOverlappingTemplate,NonOverlappingTemplate,True,0.911413,0.9,9,10,True,True,False,0.534146,0.8,8,10,True,False
NonOverlappingTemplate,NonOverlappingTemplate,True,0.911413,0.9,9,10,True,True,False,0.534146,0.8,8,10,True,False
NonOverlappingTemplate,NonOverlappingTemplate,True,0.911413,0.9,9,10,True,True,False,0.035174,0.8,8,10,True,False
NonOverlappingTemplate,NonOverlappingTemplate,True,0.911413,0.9,9,10,True,True,False,0.350485,0.8,8,10,True,False
NonOverlappingTemplate,NonOverlappingTemplate,True,0.911413,0.9,9,10,True,True,False,0.350485,0.8,8,10,True,False
NonOverlappingTemplate,NonOverlappingTemplate,True,0.911413,0.9,9,10,True,True,False,0.350485,0.7,7,10,True,False
NonOverlappingTemplate,NonOverlappingTemplate,True,0.911413,0.9,9,10,True,True,False,0.911413,0.8,8,10,True,False
NonOverlappingTemplate,NonOverlappingTemplate,True,0.911413,0.9,9,10,True,True,False,0.350485,0.7,7,10,True,False
NonOverlappingTemplate,NonOverlappingTemplate,True,0.911413,0.9,9,10,True,True,False,0.534146,0.8,8,10,True,False
NonOverlappingTemplate,NonOverlappingTemplate,True,0.911413,0.9,9,10,True,True,False,0.534146,0.8,8,10,True,False
NonOverlappingTemplate,NonOverlappingTemplate,True,0.911413,0.9,9,10,True,True,False,0.122325,0.8,8,10,True,False
NonOverlappingTemplate,NonOverlappingTemplate,True,0.911413,0.9,9,10,True,True,False,0.534146,0.8,8,10,True,False
NonOverlappingTemplate,NonOverlappingTemplate,True,0.911413,0.9,9,10,True,True,False,0.122325,0.8,8,10,True,False
NonOverlappingTemplate,NonOverlappingTemplate,True,0.911413,0.9,9,10,True,True,False,0.911413,0.8,8,10,True,False
NonOverlappingTemplate,NonOverlappingTemplate,True,0.911413,0.9,9,10,True,True,False,0.350485,0.8,8,10,True,False
NonOverlappingTemplate,NonOverlappingTemplate,True,0.911413,0.9,9,10,True,True,False,0.534146,0.8,8,10,True,False
NonOverlappingTemplate,NonOverlappingTemplate,True,0.911413,0.9,9,10,True,True,False,0.534146,0.8,8,10,True,False
NonOverlappingTemplate,NonOverlappingTemplate,True,0.911413,0.9,9,10,True,True,False,0.035174,0.8,8,10,True,False
NonOverlappingTemplate,NonOverlappingTemplate,True,0.911413,0.9,9,10,True,True,False,0.350485,0.8,8,10,True,False
NonOverlappingTemplate,NonOverlappingTemplate,True,0.911413,0.9,9,10,True,True,False,0.350485,0.8,8,10,True,False
NonOverlappingTemplate,NonOverlappingTemplate,True,0.911413,0.9,9,10,True,True,False,0.350485,0.7,7,10,True,False
NonOverlappingTemplate,NonOverlappingTemplate,True,0.911413,0.9,9,10,True,True,False,0.911413,0.8,8,10,True,False
NonOverlappingTemplate,NonOverlappingTemplate,True,0.911413,0.9,9,10,True,True,False,0.350485,0.7,7,10,True,False
NonOverlappingTemplate,NonOverlappingTemplate,True,0.911413,0.9,9,10,True,True,False,0.534146,0.8,8,10,True,False
NonOverlappingTemplate,NonOverlappingTemplate,True,0.911413,0.9,9,10,True,True,False,0.534146,0.8,8,10,True,False
NonOverlappingTemplate,NonOverlappingTemplate,True,0.911413,0.9,9,10,True,True,False,0.122325,0.8,8,10,True,False
NonOverlappingTemplate,NonOverlappingTemplate,True,0.911413,0.9,9,10,True,True,False,0.534146,0.8,8,10,True,False
NonOverlappingTemplate,NonOverlappingTemplate,True,0.911413,0.9,9,10,True,True,False,0.122325,0.8,8,10,True,False
NonOverlappingTemplate,NonOverlappingTemplate,True,0.911413,0.9,9,10,True,True,False,0.911413,0.8,8,10,True,False
NonOverlappingTemplate,NonOverlappingTemplate,True,0.911413,0.9,9,10,True,True,False,0.350485,0.8,8,10,True,False
NonOverlappingTemplate,NonOverlappingTemplate,True,0.534146,0.9,9,10,True,True,False,0.534146,0.8,8,10,True,False
NonOverlappingTemplate,NonOverlappingTemplate,True,0.534146,0.9,9,10,True,True,False,0.534146,0.8,8,10,True,False
NonOverlappingTemplate,NonOverlappingTemplate,True,0.534146,0.9,9,10,True,True,False,0.035174,0.8,8,10,True,False
NonOverlappingTemplate,NonOverlappingTemplate,True,0.534146,0.9,9,10,True,True,False,0.350485,0.8,8,10,True,False
NonOverlappingTemplate,NonOverlappingTemplate,True,0.534146,0.9,9,10,True,True,False,0.350485,0.8,8,10,True,False
NonOverlappingTemplate,NonOverlappingTemplate,True,0.534146,0.9,9,10,True,True,False,0.350485,0.7,7,10,True,False
NonOverlappingTemplate,NonOverlappingTemplate,True,0.534146,0.9,9,10,True,True,False,0.911413,0.8,8,10,True,False
NonOverlappingTemplate,NonOverlappingTemplate,True,0.534146,0.9,9,10,True,True,False,0.350485,0.7,7,10,True,False
NonOverlappingTemplate,NonOverlappingTemplate,True,0.534146,0.9,9,10,True,True,False,0.534146,0.8,8,10,True,False
NonOverlappingTemplate,NonOverlappingTemplate,True,0.534146,0.9,9,10,True,True,False,0.534146,0.8,8,10,True,False
NonOverlappingTemplate,NonOverlappingTemplate,True,0.534146,0.9,9,10,True,True,False,0.122325,0.8,8,10,True,False
NonOverlappingTemplate,NonOverlappingTemplate,True,0.534146,0.9,9,10,True,True,False,0.534146,0.8,8,10,True,False
NonOverlappingTemplate,NonOverlappingTemplate,True,0.534146,0.9,9,10,True,True,False,0.122325,0.8,8,10,True,False
NonOverlappingTemplate,NonOverlappingTemplate,True,0.534146,0.9,9,10,True,True,False,0.911413,0.8,8,10,True,False
NonOverlappingTemplate,NonOverlappingTemplate,True,0.534146,0.9,9,10,True,True,False,0.350485,0.8,8,10,True,False
NonOverlappingTemplate,NonOverlappingTemplate,True,0.739918,0.9,9,10,True,True,False,0.534146,0.8,8,10,True,False
NonOverlappingTemplate,NonOverlappingTemplate,True,0.739918,0.9,9,10,True,True,False,0.534146,0.8,8,10,True,False
NonOverlappingTemplate,NonOverlappingTemplate,True,0.739918,0.9,9,10,True,True,False,0.035174,0.8,8,10,True,False
NonOverlappingTemplate,NonOverlappingTemplate,True,0.739918,0.9,9,10,True,True,False,0.350485,0.8,8,10,True,False
NonOverlappingTemplate,NonOverlappingTemplate,True,0.739918,0.9,9,10,True,True,False,0.350485,0.8,8,10,True,False
NonOverlappingTemplate,NonOverlappingTemplate,True,0.739918,0.9,9,10,True,True,False,0.350485,0.7,7,10,True,False
NonOverlappingTemplate,NonOverlappingTemplate,True,0.739918,0.9,9,10,True,True,False,0.911413,0.8,8,10,True,False
NonOverlappingTemplate,NonOverlappingTemplate,True,0.739918,0.9,9,10,True,True,False,0.350485,0.7,7,10,True,False
NonOverlappingTemplate,NonOverlappingTemplate,True,0.739918,0.9,9,10,True,True,False,0.534146,0.8,8,10,True,False
NonOverlappingTemplate,NonOverlappingTemplate,True,0.739918,0.9,9,10,True,True,False,0.534146,0.8,8,10,True,False
NonOverlappingTemplate,NonOverlappingTemplate,True,0.739918,0.9,9,10,True,True,False,0.122325,0.8,8,10,True,False
NonOverlappingTemplate,NonOverlappingTemplate,True,0.739918,0.9,9,10,True,True,False,0.534146,0.8,8,10,True,False
NonOverlappingTemplate,NonOverlappingTemplate,True,0.739918,0.9,9,10,True,True,False,0.122325,0.8,8,10,True,False
NonOverlappingTemplate,NonOverlappingTemplate,True,0.739918,0.9,9,10,True,True,False,0.911413,0.8,8,10,True,False
NonOverlappingTemplate,NonOverlappingTemplate,True,0.739918,0.9,9,10,True,True,False,0.350485,0.8,8,10,True,False
NonOverlappingTemplate,NonOverlappingTemplate,True,0.534146,0.9,9,10,True,True,False,0.534146,0.8,8,10,True,False
NonOverlappingTemplate,NonOverlappingTemplate,True,0.534146,0.9,9,10,True,True,False,0.534146,0.8,8,10,True,False
NonOverlappingTemplate,NonOverlappingTemplate,True,0.534146,0.9,9,10,True,True,False,0.035174,0.8,8,10,True,False
NonOverlappingTemplate,NonOverlappingTemplate,True,0.534146,0.9,9,10,True,True,False,0.350485,0.8,8,10,True,False
NonOverlappingTemplate,NonOverlappingTemplate,True,0.534146,0.9,9,10,True,True,False,0.350485,0.8,8,10,True,False
NonOverlappingTemplate,NonOverlappingTemplate,True,0.534146,0.9,9,10,True,True,False,0.350485,0.7,7,10,True,False
NonOverlappingTemplate,NonOverlappingTemplate,True,0.534146,0.9,9,10,True,True,False,0.911413,0.8,8,10,True,False
NonOverlappingTemplate,NonOverlappingTemplate,True,0.534146,0.9,9,10,True,True,False,0.350485,0.7,7,10,True,False
NonOverlappingTemplate,NonOverlappingTemplate,True,0.534146,0.9,9,10,True,True,False,0.534146,0.8,8,10,True,False
NonOverlappingTemplate,NonOverlappingTemplate,True,0.534146,0.9,9,10,True,True,False,0.534146,0.8,8,10,True,False
NonOverlappingTemplate,NonOverlappingTemplate,True,0.534146,0.9,9,10,True,True,False,0.122325,0.8,8,10,True,False
NonOverlappingTemplate,NonOverlappingTemplate,True,0.534146,0.9,9,10,True,True,False,0.534146,0.8,8,10,True,False
NonOverlappingTemplate,NonOverlappingTemplate,True,0.534146,0.9,9,10,True,True,False,0.122325,0.8,8,10,True,False
NonOverlappingTemplate,NonOverlappingTemplate,True,0.534146,0.9,9,10,True,True,False,0.911413,0.8,8,10,True,False
NonOverlappingTemplate,NonOverlappingTemplate,True,0.534146,0.9,9,10,True,True,False,0.350485,0.8,8,10,True,False
NonOverlappingTemplate,NonOverlappingTemplate,True,0.991468,0.9,9,10,True,True,False,0.534146,0.8,8,10,True,False
NonOverlappingTemplate,NonOverlappingTemplate,True,0.991468,0.9,9,10,True,True,False,0.534146,0.8,8,10,True,False
NonOverlappingTemplate,NonOverlappingTemplate,True,0.991468,0.9,9,10,True,True,False,0.035174,0.8,8,10,True,False
NonOverlappingTemplate,NonOverlappingTemplate,True,0.991468,0.9,9,10,True,True,False,0.350485,0.8,8,10,True,False
NonOverlappingTemplate,NonOverlappingTemplate,True,0.991468,0.9,9,10,True,True,False,0.350485,0.8,8,10,True,False
NonOverlappingTemplate,NonOverlappingTemplate,True,0.991468,0.9,9,10,True,True,False,0.350485,0.7,7,10,True,False
NonOverlappingTemplate,NonOverlappingTemplate,True,0.991468,0.9,9,10,True,True,False,0.911413,0.8,8,10,True,False
NonOverlappingTemplate,NonOverlappingTemplate,True,0.991468,0.9,9,10,True,True,False,0.350485,0.7,7,10,True,False
NonOverlappingTemplate,NonOverlappingTemplate,True,0.991468,0.9,9,10,True,True,False,0.534146,0.8,8,10,True,False
NonOverlappingTemplate,NonOverlappingTemplate,True,0.991468,0.9,9,10,True,True,False,0.534146,0.8,8,10,True,False
NonOverlappingTemplate,NonOverlappingTemplate,True,0.991468,0.9,9,10,True,True,False,0.122325,0.8,8,10,True,False
NonOverlappingTemplate,NonOverlappingTemplate,True,0.991468,0.9,9,10,True,True,False,0.534146,0.8,8,10,True,False
NonOverlappingTemplate,NonOverlappingTemplate,True,0.991468,0.9,9,10,True,True,False,0.122325,0.8,8,10,True,False
NonOverlappingTemplate,NonOverlappingTemplate,True,0.991468,0.9,9,10,True,True,False,0.911413,0.8,8,10,True,False
NonOverlappingTemplate,NonOverlappingTemplate,True,0.991468,0.9,9,10,True,True,False,0.350485,0.8,8,10,True,False
NonOverlappingTemplate,NonOverlappingTemplate,True,0.350485,0.9,9,10,True,True,False,0.534146,0.8,8,10,True,False
NonOverlappingTemplate,NonOverlappingTemplate,True,0.350485,0.9,9,10,True,True,False,0.534146,0.8,8,10,True,False
NonOverlappingTemplate,NonOverlappingTemplate,True,0.350485,0.9,9,10,True,True,False,0.035174,0.8,8,10,True,False
NonOverlappingTemplate,NonOverlappingTemplate,True,0.350485,0.9,9,10,True,True,False,0.350485,0.8,8,10,True,False
NonOverlappingTemplate,NonOverlappingTemplate,True,0.350485,0.9,9,10,True,True,False,0.350485,0.8,8,10,True,False
NonOverlappingTemplate,NonOverlappingTemplate,True,0.350485,0.9,9,10,True,True,False,0.350485,0.7,7,10,True,False
NonOverlappingTemplate,NonOverlappingTemplate,True,0.350485,0.9,9,10,True,True,False,0.911413,0.8,8,10,True,False
NonOverlappingTemplate,NonOverlappingTemplate,True,0.350485,0.9,9,10,True,True,False,0.350485,0.7,7,10,True,False
NonOverlappingTemplate,NonOverlappingTemplate,True,0.350485,0.9,9,10,True,True,False,0.534146,0.8,8,10,True,False
NonOverlappingTemplate,NonOverlappingTemplate,True,0.350485,0.9,9,10,True,True,False,0.534146,0.8,8,10,True,False
NonOverlappingTemplate,NonOverlappingTemplate,True,0.350485,0.9,9,10,True,True,False,0.122325,0.8,8,10,True,False
NonOverlappingTemplate,NonOverlappingTemplate,True,0.350485,0.9,9,10,True,True,False,0.534146,0.8,8,10,True,False
NonOverlappingTemplate,NonOverlappingTemplate,True,0.350485,0.9,9,10,True,True,False,0.122325,0.8,8,10,True,False
NonOverlappingTemplate,NonOverlappingTemplate,True,0.350485,0.9,9,10,True,True,False,0.911413,0.8,8,10,True,False
NonOverlappingTemplate,NonOverlappingTemplate,True,0.350485,0.9,9,10,True,True,False,0.350485,0.8,8,10,True,False
NonOverlappingTemplate,NonOverlappingTemplate,True,0.739918,0.9,9,10,True,True,False,0.534146,0.8,8,10,True,False
NonOverlappingTemplate,NonOverlappingTemplate,True,0.739918,0.9,9,10,True,True,False,0.534146,0.8,8,10,True,False
NonOverlappingTemplate,NonOverlappingTemplate,True,0.739918,0.9,9,10,True,True,False,0.035174,0.8,8,10,True,False
NonOverlappingTemplate,NonOverlappingTemplate,True,0.739918,0.9,9,10,True,True,False,0.350485,0.8,8,10,True,False
NonOverlappingTemplate,NonOverlappingTemplate,True,0.739918,0.9,9,10,True,True,False,0.350485,0.8,8,10,True,False
NonOverlappingTemplate,NonOverlappingTemplate,True,0.739918,0.9,9,10,True,True,False,0.350485,0.7,7,10,True,False
NonOverlappingTemplate,NonOverlappingTemplate,True,0.739918,0.9,9,10,True,True,False,0.911413,0.8,8,10,True,False
NonOverlappingTemplate,NonOverlappingTemplate,True,0.739918,0.9,9,10,True,True,False,0.350485,0.7,7,10,True,False
NonOverlappingTemplate,NonOverlappingTemplate,True,0.739918,0.9,9,10,True,True,False,0.534146,0.8,8,10,True,False
NonOverlappingTemplate,NonOverlappingTemplate,True,0.739918,0.9,9,10,True,True,False,0.534146,0.8,8,10,True,False
NonOverlappingTemplate,NonOverlappingTemplate,True,0.739918,0.9,9,10,True,True,False,0.122325,0.8,8,10,True,False
NonOverlappingTemplate,NonOverlappingTemplate,True,0.739918,0.9,9,10,True,True,False,0.534146,0.8,8,10,True,False
NonOverlappingTemplate,NonOverlappingTemplate,True,0.739918,0.9,9,10,True,True,False,0.122325,0.8,8,10,True,False
NonOverlappingTemplate,NonOverlappingTemplate,True,0.739918,0.9,9,10,True,True,False,0.911413,0.8,8,10,True,False
NonOverlappingTemplate,NonOverlappingTemplate,True,0.739918,0.9,9,10,True,True,False,0.350485,0.8,8,10,True,False
NonOverlappingTemplate,NonOverlappingTemplate,True,0.739918,0.9,9,10,True,True,False,0.534146,0.8,8,10,True,False
NonOverlappingTemplate,NonOverlappingTemplate,True,0.739918,0.9,9,10,True,True,False,0.534146,0.8,8,10,True,False
NonOverlappingTemplate,NonOverlappingTemplate,True,0.739918,0.9,9,10,True,True,False,0.035174,0.8,8,10,True,False
NonOverlappingTemplate,NonOverlappingTemplate,True,0.739918,0.9,9,10,True,True,False,0.350485,0.8,8,10,True,False
NonOverlappingTemplate,NonOverlappingTemplate,True,0.739918,0.9,9,10,True,True,False,0.350485,0.8,8,10,True,False
NonOverlappingTemplate,NonOverlappingTemplate,True,0.739918,0.9,9,10,True,True,False,0.350485,0.7,7,10,True,False
NonOverlappingTemplate,NonOverlappingTemplate,True,0.739918,0.9,9,10,True,True,False,0.911413,0.8,8,10,True,False
NonOverlappingTemplate,NonOverlappingTemplate,True,0.739918,0.9,9,10,True,True,False,0.350485,0.7,7,10,True,False
NonOverlappingTemplate,NonOverlappingTemplate,True,0.739918,0.9,9,10,True,True,False,0.534146,0.8,8,10,True,False
NonOverlappingTemplate,NonOverlappingTemplate,True,0.739918,0.9,9,10,True,True,False,0.534146,0.8,8,10,True,False
NonOverlappingTemplate,NonOverlappingTemplate,True,0.739918,0.9,9,10,True,True,False,0.122325,0.8,8,10,True,False
NonOverlappingTemplate,NonOverlappingTemplate,True,0.739918,0.9,9,10,True,True,False,0.534146,0.8,8,10,True,False
NonOverlappingTemplate,NonOverlappingTemplate,True,0.739918,0.9,9,10,True,True,False,0.122325,0.8,8,10,True,False
NonOverlappingTemplate,NonOverlappingTemplate,True,0.739918,0.9,9,10,True,True,False,0.911413,0.8,8,10,True,False
NonOverlappingTemplate,NonOverlappingTemplate,True,0.739918,0.9,9,10,True,True,False,0.350485,0.8,8,10,True,False
NonOverlappingTemplate,NonOverlappingTemplate,True,0.739918,0.9,9,10,True,True,False,0.534146,0.8,8,10,True,False
NonOverlappingTemplate,NonOverlappingTemplate,True,0.739918,0.9,9,10,True,True,False,0.534146,0.8,8,10,True,False
NonOverlappingTemplate,NonOverlappingTemplate,True,0.739918,0.9,9,10,True,True,False,0.035174,0.8,8,10,True,False
NonOverlappingTemplate,NonOverlappingTemplate,True,0.739918,0.9,9,10,True,True,False,0.350485,0.8,8,10,True,False
NonOverlappingTemplate,NonOverlappingTemplate,True,0.739918,0.9,9,10,True,True,False,0.350485,0.8,8,10,True,False
NonOverlappingTemplate,NonOverlappingTemplate,True,0.739918,0.9,9,10,True,True,False,0.350485,0.7,7,10,True,False
NonOverlappingTemplate,NonOverlappingTemplate,True,0.739918,0.9,9,10,True,True,False,0.911413,0.8,8,10,True,False
NonOverlappingTemplate,NonOverlappingTemplate,True,0.739918,0.9,9,10,True,True,False,0.350485,0.7,7,10,True,False
NonOverlappingTemplate,NonOverlappingTemplate,True,0.739918,0.9,9,10,True,True,False,0.534146,0.8,8,10,True,False
NonOverlappingTemplate,NonOverlappingTemplate,True,0.739918,0.9,9,10,True,True,False,0.534146,0.8,8,10,True,False
NonOverlappingTemplate,NonOverlappingTemplate,True,0.739918,0.9,9,10,True,True,False,0.122325,0.8,8,10,True,False
NonOverlappingTemplate,NonOverlappingTemplate,True,0.739918,0.9,9,10,True,True,False,0.534146,0.8,8,10,True,False
NonOverlappingTemplate,NonOverlappingTemplate,True,0.739918,0.9,9,10,True,True,False,0.122325,0.8,8,10,True,False
NonOverlappingTemplate,NonOverlappingTemplate,True,0.739918,0.9,9,10,True,True,False,0.911413,0.8,8,10,True,False
NonOverlappingTemplate,NonOverlappingTemplate,True,0.739918,0.9,9,10,True,True,False,0.350485,0.8,8,10,True,False
NonOverlappingTemplate,NonOverlappingTemplate,True,0.122325,0.9,9,10,True,True,False,0.534146,0.8,8,10,True,False
NonOverlappingTemplate,NonOverlappingTemplate,True,0.122325,0.9,9,10,True,True,False,0.534146,0.8,8,10,True,False
NonOverlappingTemplate,NonOverlappingTemplate,True,0.122325,0.9,9,10,True,True,False,0.035174,0.8,8,10,True,False
NonOverlappingTemplate,NonOverlappingTemplate,True,0.122325,0.9,9,10,True,True,False,0.350485,0.8,8,10,True,False
NonOverlappingTemplate,NonOverlappingTemplate,True,0.122325,0.9,9,10,True,True,False,0.350485,0.8,8,10,True,False
NonOverlappingTemplate,NonOverlappingTemplate,True,0.122325,0.9,9,10,True,True,False,0.350485,0.7,7,10,True,False
NonOverlappingTemplate,NonOverlappingTemplate,True,0.122325,0.9,9,10,True,True,False,0.911413,0.8,8,10,True,False
NonOverlappingTemplate,NonOverlappingTemplate,True,0.122325,0.9,9,10,True,True,False,0.350485,0.7,7,10,True,False
NonOverlappingTemplate,NonOverlappingTemplate,True,0.122325,0.9,9,10,True,True,False,0.534146,0.8,8,10,True,False
NonOverlappingTemplate,NonOverlappingTemplate,True,0.122325,0.9,9,10,True,True,False,0.534146,0.8,8,10,True,False
NonOverlappingTemplate,NonOverlappingTemplate,True,0.122325,0.9,9,10,True,True,False,0.122325,0.8,8,10,True,False
NonOverlappingTemplate,NonOverlappingTemplate,True,0.122325,0.9,9,10,True,True,False,0.534146,0.8,8,10,True,False
NonOverlappingTemplate,NonOverlappingTemplate,True,0.122325,0.9,9,10,True,True,False,0.122325,0.8,8,10,True,False
NonOverlappingTemplate,NonOverlappingTemplate,True,0.122325,0.9,9,10,True,True,False,0.911413,0.8,8,10,True,False
NonOverlappingTemplate,NonOverlappingTemplate,True,0.122325,0.9,9,10,True,True,False,0.350485,0.8,8,10,True,False
NonOverlappingTemplate,NonOverlappingTemplate,True,0.350485,0.9,9,10,True,True,False,0.534146,0.8,8,10,True,False
NonOverlappingTemplate,NonOverlappingTemplate,True,0.350485,0.9,9,10,True,True,False,0.534146,0.8,8,10,True,False
NonOverlappingTemplate,NonOverlappingTemplate,True,0.350485,0.9,9,10,True,True,False,0.035174,0.8,8,10,True,False
NonOverlappingTemplate,NonOverlappingTemplate,True,0.350485,0.9,9,10,True,True,False,0.350485,0.8,8,10,True,False
NonOverlappingTemplate,NonOverlappingTemplate,True,0.350485,0.9,9,10,True,True,False,0.350485,0.8,8,10,True,False
NonOverlappingTemplate,NonOverlappingTemplate,True,0.350485,0.9,9,10,True,True,False,0.350485,0.7,7,10,True,False
NonOverlappingTemplate,NonOverlappingTemplate,True,0.350485,0.9,9,10,True,True,False,0.911413,0.8,8,10,True,False
NonOverlappingTemplate,NonOverlappingTemplate,True,0.350485,0.9,9,10,True,True,False,0.350485,0.7,7,10,True,False
NonOverlappingTemplate,NonOverlappingTemplate,True,0.350485,0.9,9,10,True,True,False,0.534146,0.8,8,10,True,False
NonOverlappingTemplate,NonOverlappingTemplate,True,0.350485,0.9,9,10,True,True,False,0.534146,0.8,8,10,True,False
NonOverlappingTemplate,NonOverlappingTemplate,True,0.350485,0.9,9,10,True,True,False,0.122325,0.8,8,10,True,False
NonOverlappingTemplate,NonOverlappingTemplate,True,0.350485,0.9,9,10,True,True,False,0.534146,0.8,8,10,True,False
NonOverlappingTemplate,NonOverlappingTemplate,True,0.350485,0.9,9,10,True,True,False,0.122325,0.8,8,10,True,False
NonOverlappingTemplate,NonOverlappingTemplate,True,0.350485,0.9,9,10,True,True,False,0.911413,0.8,8,10,True,False
NonOverlappingTemplate,NonOverlappingTemplate,True,0.350485,0.9,9,10,True,True,False,0.350485,0.8,8,10,True,False
NonOverlappingTemplate,NonOverlappingTemplate,True,0.350485,0.9,9,10,True,True,False,0.534146,0.8,8,10,True,False
NonOverlappingTemplate,NonOverlappingTemplate,True,0.350485,0.9,9,10,True,True,False,0.534146,0.8,8,10,True,False
NonOverlappingTemplate,NonOverlappingTemplate,True,0.350485,0.9,9,10,True,True,False,0.035174,0.8,8,10,True,False
NonOverlappingTemplate,NonOverlappingTemplate,True,0.350485,0.9,9,10,True,True,False,0.350485,0.8,8,10,True,False
NonOverlappingTemplate,NonOverlappingTemplate,True,0.350485,0.9,9,10,True,True,False,0.350485,0.8,8,10,True,False
NonOverlappingTemplate,NonOverlappingTemplate,True,0.350485,0.9,9,10,True,True,False,0.350485,0.7,7,10,True,False
NonOverlappingTemplate,NonOverlappingTemplate,True,0.350485,0.9,9,10,True,True,False,0.911413,0.8,8,10,True,False
NonOverlappingTemplate,NonOverlappingTemplate,True,0.350485,0.9,9,10,True,True,False,0.350485,0.7,7,10,True,False
NonOverlappingTemplate,NonOverlappingTemplate,True,0.350485,0.9,9,10,True,True,False,0.534146,0.8,8,10,True,False
NonOverlappingTemplate,NonOverlappingTemplate,True,0.350485,0.9,9,10,True,True,False,0.534146,0.8,8,10,True,False
NonOverlappingTemplate,NonOverlappingTemplate,True,0.350485,0.9,9,10,True,True,False,0.122325,0.8,8,10,True,False
NonOverlappingTemplate,NonOverlappingTemplate,True,0.350485,0.9,9,10,True,True,False,0.534146,0.8,8,10,True,False
NonOverlappingTemplate,NonOverlappingTemplate,True,0.350485,0.9,9,10,True,True,False,0.122325,0.8,8,10,True,False
NonOverlappingTemplate,NonOverlappingTemplate,True,0.350485,0.9,9,10,True,True,False,0.911413,0.8,8,10,True,False
NonOverlappingTemplate,NonOverlappingTemplate,True,0.350485,0.9,9,10,True,True,False,0.350485,0.8,8,10,True,False
NonOverlappingTemplate,NonOverlappingTemplate,False,0.122325,0.8,8,10,True,False,True,0.534146,0.9,9,10,True,True
NonOverlappingTemplate,NonOverlappingTemplate,False,0.122325,0.8,8,10,True,False,True,0.350485,0.9,9,10,True,True
NonOverlappingTemplate,NonOverlappingTemplate,False,0.122325,0.8,8,10,True,False,True,0.534146,0.9,9,10,True,True
NonOverlappingTemplate,NonOverlappingTemplate,False,0.122325,0.8,8,10,True,False,True,0.213309,0.9,9,10,True,True
NonOverlappingTemplate,NonOverlappingTemplate,False,0.122325,0.8,8,10,True,False,True,0.534146,0.9,9,10,True,True
NonOverlappingTemplate,NonOverlappingTemplate,False,0.122325,0.8,8,10,True,False,True,0.739918,0.9,9,10,True,True
NonOverlappingTemplate,NonOverlappingTemplate,False,0.122325,0.8,8,10,True,False,True,0.350485,0.9,9,10,True,True
NonOverlappingTemplate,NonOverlappingTemplate,False,0.122325,0.8,8,10,True,False,True,0.534146,0.9,9,10,True,True
NonOverlappingTemplate,NonOverlappingTemplate,False,0.122325,0.8,8,10,True,False,True,0.350485,0.9,9,10,True,True
NonOverlappingTemplate,NonOverlappingTemplate,False,0.122325,0.8,8,10,True,False,True,0.534146,0.9,9,10,True,True
NonOverlappingTemplate,NonOverlappingTemplate,False,0.122325,0.8,8,10,True,False,True,0.122325,0.9,9,10,True,True
NonOverlappingTemplate,NonOverlappingTemplate,False,0.122325,0.8,8,10,True,False,True,0.122325,0.9,9,10,True,True
NonOverlappingTemplate,NonOverlappingTemplate,False,0.122325,0.8,8,10,True,False,False,0.534146,0.8,8,10,True,False
NonOverlappingTemplate,NonOverlappingTemplate,False,0.122325,0.8,8,10,True,False,True,0.122325,0.9,9,10,True,True
NonOverlappingTemplate,NonOverlappingTemplate,False,0.122325,0.8,8,10,True,False,True,0.350485,0.9,9,10,True,True
NonOverlappingTemplate,NonOverlappingTemplate,False,0.122325,0.8,8,10,True,False,True,0.739918,0.9,9,10,True,True
NonOverlappingTemplate,NonOverlappingTemplate,False,0.122325,0.8,8,10,True,False,True,0.739918,0.9,9,10,True,True
NonOverlappingTemplate,NonOverlappingTemplate,False,0.122325,0.8,8,10,True,False,False,0.534146,0.8,8,10,True,False
NonOverlappingTemplate,NonOverlappingTemplate,False,0.122325,0.8,8,10,True,False,True,0.739918,0.9,9,10,True,True
NonOverlappingTemplate,NonOverlappingTemplate,False,0.122325,0.8,8,10,True,False,True,0.350485,0.9,9,10,True,True
NonOverlappingTemplate,NonOverlappingTemplate,False,0.122325,0.8,8,10,True,False,True,0.739918,0.9,9,10,True,True
NonOverlappingTemplate,NonOverlappingTemplate,False,0.122325,0.8,8,10,True,False,True,0.534146,0.9,9,10,True,True
NonOverlappingTemplate,NonOverlappingTemplate,False,0.122325,0.8,8,10,True,False,False,0.035174,0.8,8,10,True,False
NonOverlappingTemplate,NonOverlappingTemplate,False,0.122325,0.8,8,10,True,False,True,0.739918,0.9,9,10,True,True
NonOverlappingTemplate,NonOverlappingTemplate,False,0.122325,0.8,8,10,True,False,True,0.739918,0.9,9,10,True,True
NonOverlappingTemplate,NonOverlappingTemplate,False,0.122325,0.8,8,10,True,False,True,0.739918,0.9,9,10,True,True
NonOverlappingTemplate,NonOverlappingTemplate,False,0.122325,0.8,8,10,True,False,True,0.534146,0.9,9,10,True,True
NonOverlappingTemplate,NonOverlappingTemplate,False,0.122325,0.8,8,10,True,False,False,0.350485,0.8,8,10,True,False
NonOverlappingTemplate,NonOverlappingTemplate,False,0.122325,0.8,8,10,True,False,True,0.213309,0.9,9,10,True,True
NonOverlappingTemplate,NonOverlappingTemplate,False,0.122325,0.8,8,10,True,False,True,0.534146,0.9,9,10,True,True
NonOverlappingTemplate,NonOverlappingTemplate,False,0.122325,0.8,8,10,True,False,True,0.213309,0.9,9,10,True,True
NonOverlappingTemplate,NonOverlappingTemplate,False,0.122325,0.8,8,10,True,False,True,0.739918,0.9,9,10,True,True
NonOverlappingTemplate,NonOverlappingTemplate,False,0.122325,0.8,8,10,True,False,True,0.739918,0.9,9,10,True,True
NonOverlappingTemplate,NonOverlappingTemplate,False,0.122325,0.8,8,10,True,False,True,0.035174,0.9,9,10,True,True
NonOverlappingTemplate,NonOverlappingTemplate,False,0.122325,0.8,8,10,True,False,False,0.350485,0.8,8,10,True,False
NonOverlappingTemplate,NonOverlappingTemplate,False,0.122325,0.8,8,10,True,False,True,0.534146,0.9,9,10,True,True
NonOverlappingTemplate,NonOverlappingTemplate,False,0.122325,0.8,8,10,True,False,True,0.739918,0.9,9,10,True,True
NonOverlappingTemplate,NonOverlappingTemplate,False,0.122325,0.8,8,10,True,False,True,0.534146,0.9,9,10,True,True
NonOverlappingTemplate,NonOverlappingTemplate,False,0.122325,0.8,8,10,True,False,True,0.213309,0.9,9,10,True,True
NonOverlappingTemplate,NonOverlappingTemplate,False,0.122325,0.8,8,10,True,False,True,0.739918,0.9,9,10,True,True
NonOverlappingTemplate,NonOverlappingTemplate,False,0.122325,0.8,8,10,True,False,True,0.739918,0.9,9,10,True,True
NonOverlappingTemplate,NonOverlappingTemplate,False,0.122325,0.8,8,10,True,False,True,0.534146,0.9,9,10,True,True
NonOverlappingTemplate,NonOverlappingTemplate,False,0.122325,0.8,8,10,True,False,True,0.213309,0.9,9,10,True,True
NonOverlappingTemplate,NonOverlappingTemplate,False,0.122325,0.8,8,10,True,False,True,0.534146,0.9,9,10,True,True
NonOverlappingTemplate,NonOverlappingTemplate,False,0.122325,0.8,8,10,True,False,False,0.350485,0.7,7,10,True,False
NonOverlappingTemplate,NonOverlappingTemplate,False,0.122325,0.8,8,10,True,False,True,0.911413,0.9,9,10,True,True
NonOverlappingTemplate,NonOverlappingTemplate,False,0.122325,0.8,8,10,True,False,True,0.534146,0.9,9,10,True,True
NonOverlappingTemplate,NonOverlappingTemplate,False,0.122325,0.8,8,10,True,False,True,0.350485,0.9,9,10,True,True
NonOverlappingTemplate,NonOverlappingTemplate,False,0.122325,0.8,8,10,True,False,False,0.911413,0.8,8,10,True,False
NonOverlappingTemplate,NonOverlappingTemplate,False,0.122325,0.8,8,10,True,False,True,0.350485,0.9,9,10,True,True
NonOverlappingTemplate,NonOverlappingTemplate,False,0.122325,0.8,8,10,True,False,True,0.066882,0.9,9,10,True,True
NonOverlappingTemplate,NonOverlappingTemplate,False,0.122325,0.8,8,10,True,False,True,0.350485,0.9,9,10,True,True
NonOverlappingTemplate,NonOverlappingTemplate,False,0.122325,0.8,8,10,True,False,True,0.534146,0.9,9,10,True,True
NonOverlappingTemplate,NonOverlappingTemplate,False,0.122325,0.8,8,10,True,False,True,0.350485,0.9,9,10,True,True
NonOverlappingTemplate,NonOverlappingTemplate,False,0.122325,0.8,8,10,True,False,True,0.534146,0.9,9,10,True,True
NonOverlappingTemplate,NonOverlappingTemplate,False,0.122325,0.8,8,10,True,False,True,0.122325,0.9,9,10,True,True
NonOverlappingTemplate,NonOverlappingTemplate,False,0.122325,0.8,8,10,True,False,True,0.534146,0.9,9,10,True,True
NonOverlappingTemplate,NonOverlappingTemplate,False,0.122325,0.8,8,10,True,False,True,0.739918,0.9,9,10,True,True
NonOverlappingTemplate,NonOverlappingTemplate,False,0.122325,0.8,8,10,True,False,True,0.534146,0.9,9,10,True,True
NonOverlappingTemplate,NonOverlappingTemplate,False,0.122325,0.8,8,10,True,False,True,0.739918,0.9,9,10,True,True
NonOverlappingTemplate,NonOverlappingTemplate,False,0.122325,0.8,8,10,True,False,True,0.911413,0.9,9,10,True,True
NonOverlappingTemplate,NonOverlappingTemplate,False,0.122325,0.8,8,10,True,False,True,0.350485,0.9,9,10,True,True
NonOverlappingTemplate,NonOverlappingTemplate,False,0.122325,0.8,8,10,True,False,True,0.066882,0.9,9,10,True,True
NonOverlappingTemplate,NonOverlappingTemplate,False,0.122325,0.8,8,10,True,False,True,0.911413,0.9,9,10,True,True
NonOverlappingTemplate,NonOverlappingTemplate,False,0.122325,0.8,8,10,True,False,True,0.911413,0.9,9,10,True,True
NonOverlappingTemplate,NonOverlappingTemplate,False,0.122325,0.8,8,10,True,False,True,0.739918,0.9,9,10,True,True
NonOverlappingTemplate,NonOverlappingTemplate,False,0.122325,0.8,8,10,True,False,True,0.213309,0.9,9,10,True,True
NonOverlappingTemplate,NonOverlappingTemplate,False,0.122325,0.8,8,10,True,False,True,0.213309,0.9,9,10,True,True
NonOverlappingTemplate,NonOverlappingTemplate,False,0.122325,0.8,8,10,True,False,False,0.350485,0.7,7,10,True,False
NonOverlappingTemplate,NonOverlappingTemplate,False,0.122325,0.8,8,10,True,False,True,0.991468,0.9,9,10,True,True
NonOverlappingTemplate,NonOverlappingTemplate,False,0.122325,0.8,8,10,True,False,True,0.739918,0.9,9,10,True,True
NonOverlappingTemplate,NonOverlappingTemplate,False,0.122325,0.8,8,10,True,False,False,0.534146,0.8,8,10,True,False
NonOverlappingTemplate,NonOverlappingTemplate,False,0.122325,0.8,8,10,True,False,True,0.739918,0.9,9,10,True,True
NonOverlappingTemplate,NonOverlappingTemplate,False,0.122325,0.8,8,10,True,False,True,0.534146,0.9,9,10,True,True
NonOverlappingTemplate,NonOverlappingTemplate,False,0.122325,0.8,8,10,True,False,True,0.350485,0.9,9,10,True,True
NonOverlappingTemplate,NonOverlappingTemplate,False,0.122325,0.8,8,10,True,False,True,0.534146,0.9,9,10,True,True
NonOverlappingTemplate,NonOverlappingTemplate,False,0.122325,0.8,8,10,True,False,True,0.534146,0.9,9,10,True,True
NonOverlappingTemplate,NonOverlappingTemplate,False,0.122325,0.8,8,10,True,False,True,0.739918,0.9,9,10,True,True
NonOverlappingTemplate,NonOverlappingTemplate,False,0.122325,0.8,8,10,True,False,True,0.739918,0.9,9,10,True,True
NonOverlappingTemplate,NonOverlappingTemplate,False,0.122325,0.8,8,10,True,False,True,0.350485,0.9,9,10,True,True
NonOverlappingTemplate,NonOverlappingTemplate,False,0.122325,0.8,8,10,True,False,True,0.534146,0.9,9,10,True,True
NonOverlappingTemplate,NonOverlappingTemplate,False,0.122325,0.8,8,10,True,False,True,0.213309,0.9,9,10,True,True
NonOverlappingTemplate,NonOverlappingTemplate,False,0.122325,0.8,8,10,True,False,True,0.534146,0.9,9,10,True,True
NonOverlappingTemplate,NonOverlappingTemplate,False,0.122325,0.8,8,10,True,False,True,0.213309,0.9,9,10,True,True
NonOverlappingTemplate,NonOverlappingTemplate,False,0.122325,0.8,8,10,True,False,True,0.350485,0.9,9,10,True,True
NonOverlappingTemplate,NonOverlappingTemplate,False,0.122325,0.8,8,10,True,False,True,0.350485,0.9,9,10,True,True
NonOverlappingTemplate,NonOverlappingTemplate,False,0.122325,0.8,8,10,True,False,True,0.350485,0.9,9,10,True,True
NonOverlappingTemplate,NonOverlappingTemplate,False,0.122325,0.8,8,10,True,False,True,0.122325,0.9,9,10,True,True
NonOverlappingTemplate,NonOverlappingTemplate,False,0.122325,0.8,8,10,True,False,True,0.534146,0.9,9,10,True,True
NonOverlappingTemplate,NonOverlappingTemplate,False,0.122325,0.8,8,10,True,False,True,0.739918,0.9,9,10,True,True
NonOverlappingTemplate,NonOverlappingTemplate,False,0.122325,0.8,8,10,True,False,True,0.213309,0.9,9,10,True,True
NonOverlappingTemplate,NonOverlappingTemplate,False,0.122325,0.8,8,10,True,False,False,0.534146,0.8,8,10,True,False
NonOverlappingTemplate,NonOverlappingTemplate,False,0.122325,0.8,8,10,True,False,True,0.122325,0.9,9,10,True,True
NonOverlappingTemplate,NonOverlappingTemplate,False,0.122325,0.8,8,10,True,False,True,0.350485,0.9,9,10,True,True
NonOverlappingTemplate,NonOverlappingTemplate,False,0.122325,0.8,8,10,True,False,True,0.534146,0.9,9,10,True,True
NonOverlappingTemplate,NonOverlappingTemplate,False,0.122325,0.8,8,10,True,False,True,0.911413,0.9,9,10,True,True
NonOverlappingTemplate,NonOverlappingTemplate,False,0.122325,0.8,8,10,True,False,True,0.739918,0.9,9,10,True,True
NonOverlappingTemplate,NonOverlappingTemplate,False,0.122325,0.8,8,10,True,False,True,0.739918,0.9,9,10,True,True
NonOverlappingTemplate,NonOverlappingTemplate,False,0.122325,0.8,8,10,True,False,True,0.534146,0.9,9,10,True,True
NonOverlappingTemplate,NonOverlappingTemplate,False,0.122325,0.8,8,10,True,False,True,0.350485,0.9,9,10,True,True
NonOverlappingTemplate,NonOverlappingTemplate,False,0.122325,0.8,8,10,True,False,True,0.739918,0.9,9,10,True,True
NonOverlappingTemplate,NonOverlappingTemplate,False,0.122325,0.8,8,10,True,False,True,0.122325,0.9,9,10,True,True
NonOverlappingTemplate,NonOverlappingTemplate,False,0.122325,0.8,8,10,True,False,True,0.350485,0.9,9,10,True,True
NonOverlappingTemplate,NonOverlappingTemplate,False,0.122325,0.8,8,10,True,False,True,0.739918,0.9,9,10,True,True
NonOverlappingTemplate,NonOverlappingTemplate,False,0.122325,0.8,8,10,True,False,True,0.350485,0.9,9,10,True,True
NonOverlappingTemplate,NonOverlappingTemplate,False,0.122325,0.8,8,10,True,False,False,0.122325,0.8,8,10,True,False
NonOverlappingTemplate,NonOverlappingTemplate,False,0.122325,0.8,8,10,True,False,False,0.534146,0.8,8,10,True,False
NonOverlappingTemplate,NonOverlappingTemplate,False,0.122325,0.8,8,10,True,False,True,0.739918,0.9,9,10,True,True
NonOverlappingTemplate,NonOverlappingTemplate,False,0.122325,0.8,8,10,True,False,True,0.534146,0.9,9,10,True,True
NonOverlappingTemplate,NonOverlappingTemplate,False,0.122325,0.8,8,10,True,False,True,0.739918,0.9,9,10,True,True
NonOverlappingTemplate,NonOverlappingTemplate,False,0.122325,0.8,8,10,True,False,False,0.122325,0.8,8,10,True,False
NonOverlappingTemplate,NonOverlappingTemplate,False,0.122325,0.8,8,10,True,False,True,0.213309,0.9,9,10,True,True
NonOverlappingTemplate,NonOverlappingTemplate,False,0.122325,0.8,8,10,True,False,True,0.911413,0.9,9,10,True,True
NonOverlappingTemplate,NonOverlappingTemplate,False,0.122325,0.8,8,10,True,False,True,0.739918,0.9,9,10,True,True
NonOverlappingTemplate,NonOverlappingTemplate,False,0.122325,0.8,8,10,True,False,True,0.350485,0.9,9,10,True,True
NonOverlappingTemplate,NonOverlappingTemplate,False,0.122325,0.8,8,10,True,False,True,0.350485,0.9,9,10,True,True
NonOverlappingTemplate,NonOverlappingTemplate,False,0.122325,0.8,8,10,True,False,True,0.534146,0.9,9,10,True,True
NonOverlappingTemplate,NonOverlappingTemplate,False,0.122325,0.8,8,10,True,False,True,0.739918,0.9,9,10,True,True
NonOverlappingTemplate,NonOverlappingTemplate,False,0.122325,0.8,8,10,True,False,True,0.534146,0.9,9,10,True,True
NonOverlappingTemplate,NonOverlappingTemplate,False,0.122325,0.8,8,10,True,False,True,0.991468,0.9,9,10,True,True
NonOverlappingTemplate,NonOverlappingTemplate,False,0.122325,0.8,8,10,True,False,True,0.350485,0.9,9,10,True,True
NonOverlappingTemplate,NonOverlappingTemplate,False,0.122325,0.8,8,10,True,False,True,0.911413,0.9,9,10,True,True
NonOverlappingTemplate,NonOverlappingTemplate,False,0.122325,0.8,8,10,True,False,True,0.350485,0.9,9,10,True,True
NonOverlappingTemplate,NonOverlappingTemplate,False,0.122325,0.8,8,10,True,False,True,0.534146,0.9,9,10,True,True
NonOverlappingTemplate,NonOverlappingTemplate,False,0.122325,0.8,8,10,True,False,True,0.534146,0.9,9,10,True,True
NonOverlappingTemplate,NonOverlappingTemplate,False,0.122325,0.8,8,10,True,False,True,0.350485,0.9,9,10,True,True
NonOverlappingTemplate,NonOverlappingTemplate,False,0.122325,0.8,8,10,True,False,True,0.534146,0.9,9,10,True,True
NonOverlappingTemplate,NonOverlappingTemplate,False,0.122325,0.8,8,10,True,False,True,0.739918,0.9,9,10,True,True
NonOverlappingTemplate,NonOverlappingTemplate,False,0.122325,0.8,8,10,True,False,False,0.911413,0.8,8,10,True,False
NonOverlappingTemplate,NonOverlappingTemplate,False,0.122325,0.8,8,10,True,False,True,0.534146,0.9,9,10,True,True
NonOverlappingTemplate,NonOverlappingTemplate,False,0.122325,0.8,8,10,True,False,True,0.534146,0.9,9,10,True,True
NonOverlappingTemplate,NonOverlappingTemplate,False,0.122325,0.8,8,10,True,False,True,0.122325,0.9,9,10,True,True
NonOverlappingTemplate,NonOverlappingTemplate,False,0.122325,0.8,8,10,True,False,True,0.350485,0.9,9,10,True,True
NonOverlappingTemplate,NonOverlappingTemplate,False,0.122325,0.8,8,10,True,False,True,0.534146,0.9,9,10,True,True
NonOverlappingTemplate,NonOverlappingTemplate,False,0.122325,0.8,8,10,True,False,True,0.122325,0.9,9,10,True,True
NonOverlappingTemplate,NonOverlappingTemplate,False,0.122325,0.8,8,10,True,False,True,0.534146,0.9,9,10,True,True
NonOverlappingTemplate,NonOverlappingTemplate,False,0.122325,0.8,8,10,True,False,True,0.739918,0.9,9,10,True,True
NonOverlappingTemplate,NonOverlappingTemplate,False,0.122325,0.8,8,10,True,False,False,0.350485,0.8,8,10,True,False
NonOverlappingTemplate,NonOverlappingTemplate,False,0.122325,0.8,8,10,True,False,True,0.534146,0.9,9,10,True,True
NonOverlappingTemplate,NonOverlappingTemplate,False,0.122325,0.8,8,10,True,False,True,0.739918,0.9,9,10,True,True
NonOverlappingTemplate,NonOverlappingTemplate,False,0.122325,0.8,8,10,True,False,True,0.534146,0.9,9,10,True,True
NonOverlappingTemplate,NonOverlappingTemplate,False,0.122325,0.8,8,10,True,False,True,0.534146,0.9,9,10,True,True
NonOverlappingTemplate,NonOverlappingTemplate,False,0.122325,0.8,8,10,True,False,True,0.213309,0.9,9,10,True,True
NonOverlappingTemplate,NonOverlappingTemplate,False,0.122325,0.8,8,10,True,False,True,0.534146,0.9,9,10,True,True
NonOverlappingTemplate,NonOverlappingTemplate,False,0.122325,0.8,8,10,True,False,True,0.739918,0.9,9,10,True,True
NonOverlappingTemplate,NonOverlappingTemplate,False,0.122325,0.8,8,10,True,False,True,0.991468,0.9,9,10,True,True
NonOverlappingTemplate,NonOverlappingTemplate,False,0.122325,0.8,8,10,True,False,True,0.739918,0.9,9,10,True,True
NonOverlappingTemplate,NonOverlappingTemplate,False,0.122325,0.8,8,10,True,False,True,0.534146,0.9,9,10,True,True
NonOverlappingTemplate,NonOverlappingTemplate,True,0.739918,0.9,9,10,True,True,False,0.534146,0.8,8,10,True,False
NonOverlappingTemplate,NonOverlappingTemplate,True,0.739918,0.9,9,10,True,True,False,0.534146,0.8,8,10,True,False
NonOverlappingTemplate,NonOverlappingTemplate,True,0.739918,0.9,9,10,True,True,False,0.035174,0.8,8,10,True,False
NonOverlappingTemplate,NonOverlappingTemplate,True,0.739918,0.9,9,10,True,True,False,0.350485,0.8,8,10,True,False
NonOverlappingTemplate,NonOverlappingTemplate,True,0.739918,0.9,9,10,True,True,False,0.350485,0.8,8,10,True,False
NonOverlappingTemplate,NonOverlappingTemplate,True,0.739918,0.9,9,10,True,True,False,0.350485,0.7,7,10,True,False
NonOverlappingTemplate,NonOverlappingTemplate,True,0.739918,0.9,9,10,True,True,False,0.911413,0.8,8,10,True,False
NonOverlappingTemplate,NonOverlappingTemplate,True,0.739918,0.9,9,10,True,True,False,0.350485,0.7,7,10,True,False
NonOverlappingTemplate,NonOverlappingTemplate,True,0.739918,0.9,9,10,True,True,False,0.534146,0.8,8,10,True,False
NonOverlappingTemplate,NonOverlappingTemplate,True,0.739918,0.9,9,10,True,True,False,0.534146,0.8,8,10,True,False
NonOverlappingTemplate,NonOverlappingTemplate,True,0.739918,0.9,9,10,True,True,False,0.122325,0.8,8,10,True,False
NonOverlappingTemplate,NonOverlappingTemplate,True,0.739918,0.9,9,10,True,True,False,0.534146,0.8,8,10,True,False
NonOverlappingTemplate,NonOverlappingTemplate,True,0.739918,0.9,9,10,True,True,False,0.122325,0.8,8,10,True,False
NonOverlappingTemplate,NonOverlappingTemplate,True,0.739918,0.9,9,10,True,True,False,0.911413,0.8,8,10,True,False
NonOverlappingTemplate,NonOverlappingTemplate,True,0.739918,0.9,9,10,True,True,False,0.350485,0.8,8,10,True,False
NonOverlappingTemplate,NonOverlappingTemplate,True,0.739918,0.9,9,10,True,True,False,0.534146,0.8,8,10,True,False
NonOverlappingTemplate,NonOverlappingTemplate,True,0.739918,0.9,9,10,True,True,False,0.534146,0.8,8,10,True,False
NonOverlappingTemplate,NonOverlappingTemplate,True,0.739918,0.9,9,10,True,True,False,0.035174,0.8,8,10,True,False
NonOverlappingTemplate,NonOverlappingTemplate,True,0.739918,0.9,9,10,True,True,False,0.350485,0.8,8,10,True,False
NonOverlappingTemplate,NonOverlappingTemplate,True,0.739918,0.9,9,10,True,True,False,0.350485,0.8,8,10,True,False
NonOverlappingTemplate,NonOverlappingTemplate,True,0.739918,0.9,9,10,True,True,False,0.350485,0.7,7,10,True,False
NonOverlappingTemplate,NonOverlappingTemplate,True,0.739918,0.9,9,10,True,True,False,0.911413,0.8,8,10,True,False
NonOverlappingTemplate,NonOverlappingTemplate,True,0.739918,0.9,9,10,True,True,False,0.350485,0.7,7,10,True,False
NonOverlappingTemplate,NonOverlappingTemplate,True,0.739918,0.9,9,10,True,True,False,0.534146,0.8,8,10,True,False
NonOverlappingTemplate,NonOverlappingTemplate,True,0.739918,0.9,9,10,True,True,False,0.534146,0.8,8,10,True,False
NonOverlappingTemplate,NonOverlappingTemplate,True,0.739918,0.9,9,10,True,True,False,0.122325,0.8,8,10,True,False
NonOverlappingTemplate,NonOverlappingTemplate,True,0.739918,0.9,9,10,True,True,False,0.534146,0.8,8,10,True,False
NonOverlappingTemplate,NonOverlappingTemplate,True,0.739918,0.9,9,10,True,True,False,0.122325,0.8,8,10,True,False
NonOverlappingTemplate,NonOverlappingTemplate,True,0.739918,0.9,9,10,True,True,False,0.911413,0.8,8,10,True,False
NonOverlappingTemplate,NonOverlappingTemplate,True,0.739918,0.9,9,10,True,True,False,0.350485,0.8,8,10,True,False
NonOverlappingTemplate,NonOverlappingTemplate,True,0.739918,0.9,9,10,True,True,False,0.534146,0.8,8,10,True,False
NonOverlappingTemplate,NonOverlappingTemplate,True,0.739918,0.9,9,10,True,True,False,0.534146,0.8,8,10,True,False
NonOverlappingTemplate,NonOverlappingTemplate,True,0.739918,0.9,9,10,True,True,False,0.035174,0.8,8,10,True,False
NonOverlappingTemplate,NonOverlappingTemplate,True,0.739918,0.9,9,10,True,True,False,0.350485,0.8,8,10,True,False
NonOverlappingTemplate,NonOverlappingTemplate,True,0.739918,0.9,9,10,True,True,False,0.350485,0.8,8,10,True,False
NonOverlappingTemplate,NonOverlappingTemplate,True,0.739918,0.9,9,10,True,True,False,0.350485,0.7,7,10,True,False
NonOverlappingTemplate,NonOverlappingTemplate,True,0.739918,0.9,9,10,True,True,False,0.911413,0.8,8,10,True,False
NonOverlappingTemplate,NonOverlappingTemplate,True,0.739918,0.9,9,10,True,True,False,0.350485,0.7,7,10,True,False
NonOverlappingTemplate,NonOverlappingTemplate,True,0.739918,0.9,9,10,True,True,False,0.534146,0.8,8,10,True,False
NonOverlappingTemplate,NonOverlappingTemplate,True,0.739918,0.9,9,10,True,True,False,0.534146,0.8,8,10,True,False
NonOverlappingTemplate,NonOverlappingTemplate,True,0.739918,0.9,9,10,True,True,False,0.122325,0.8,8,10,True,False
NonOverlappingTemplate,NonOverlappingTemplate,True,0.739918,0.9,9,10,True,True,False,0.534146,0.8,8,10,True,False
NonOverlappingTemplate,NonOverlappingTemplate,True,0.739918,0.9,9,10,True,True,False,0.122325,0.8,8,10,True,False
NonOverlappingTemplate,NonOverlappingTemplate,True,0.739918,0.9,9,10,True,True,False,0.911413,0.8,8,10,True,False
NonOverlappingTemplate,NonOverlappingTemplate,True,0.739918,0.9,9,10,True,True,False,0.350485,0.8,8,10,True,False
NonOverlappingTemplate,NonOverlappingTemplate,True,0.213309,0.9,9,10,True,True,False,0.534146,0.8,8,10,True,False
NonOverlappingTemplate,NonOverlappingTemplate,True,0.213309,0.9,9,10,True,True,False,0.534146,0.8,8,10,True,False
NonOverlappingTemplate,NonOverlappingTemplate,True,0.213309,0.9,9,10,True,True,False,0.035174,0.8,8,10,True,False
NonOverlappingTemplate,NonOverlappingTemplate,True,0.213309,0.9,9,10,True,True,False,0.350485,0.8,8,10,True,False
NonOverlappingTemplate,NonOverlappingTemplate,True,0.213309,0.9,9,10,True,True,False,0.350485,0.8,8,10,True,False
NonOverlappingTemplate,NonOverlappingTemplate,True,0.213309,0.9,9,10,True,True,False,0.350485,0.7,7,10,True,False
NonOverlappingTemplate,NonOverlappingTemplate,True,0.213309,0.9,9,10,True,True,False,0.911413,0.8,8,10,True,False
NonOverlappingTemplate,NonOverlappingTemplate,True,0.213309,0.9,9,10,True,True,False,0.350485,0.7,7,10,True,False
NonOverlappingTemplate,NonOverlappingTemplate,True,0.213309,0.9,9,10,True,True,False,0.534146,0.8,8,10,True,False
NonOverlappingTemplate,NonOverlappingTemplate,True,0.213309,0.9,9,10,True,True,False,0.534146,0.8,8,10,True,False
NonOverlappingTemplate,NonOverlappingTemplate,True,0.213309,0.9,9,10,True,True,False,0.122325,0.8,8,10,True,False
NonOverlappingTemplate,NonOverlappingTemplate,True,0.213309,0.9,9,10,True,True,False,0.534146,0.8,8,10,True,False
NonOverlappingTemplate,NonOverlappingTemplate,True,0.213309,0.9,9,10,True,True,False,0.122325,0.8,8,10,True,False
NonOverlappingTemplate,NonOverlappingTemplate,True,0.213309,0.9,9,10,True,True,False,0.911413,0.8,8,10,True,False
NonOverlappingTemplate,NonOverlappingTemplate,True,0.213309,0.9,9,10,True,True,False,0.350485,0.8,8,10,True,False
NonOverlappingTemplate,NonOverlappingTemplate,True,0.739918,0.9,9,10,True,True,False,0.534146,0.8,8,10,True,False
NonOverlappingTemplate,NonOverlappingTemplate,True,0.739918,0.9,9,10,True,True,False,0.534146,0.8,8,10,True,False
NonOverlappingTemplate,NonOverlappingTemplate,True,0.739918,0.9,9,10,True,True,False,0.035174,0.8,8,10,True,False
NonOverlappingTemplate,NonOverlappingTemplate,True,0.739918,0.9,9,10,True,True,False,0.350485,0.8,8,10,True,False
NonOverlappingTemplate,NonOverlappingTemplate,True,0.739918,0.9,9,10,True,True,False,0.350485,0.8,8,10,True,False
NonOverlappingTemplate,NonOverlappingTemplate,True,0.739918,0.9,9,10,True,True,False,0.350485,0.7,7,10,True,False
NonOverlappingTemplate,NonOverlappingTemplate,True,0.739918,0.9,9,10,True,True,False,0.911413,0.8,8,10,True,False
NonOverlappingTemplate,NonOverlappingTemplate,True,0.739918,0.9,9,10,True,True,False,0.350485,0.7,7,10,True,False
NonOverlappingTemplate,NonOverlappingTemplate,True,0.739918,0.9,9,10,True,True,False,0.534146,0.8,8,10,True,False
NonOverlappingTemplate,NonOverlappingTemplate,True,0.739918,0.9,9,10,True,True,False,0.534146,0.8,8,10,True,False
NonOverlappingTemplate,NonOverlappingTemplate,True,0.739918,0.9,9,10,True,True,False,0.122325,0.8,8,10,True,False
NonOverlappingTemplate,NonOverlappingTemplate,True,0.739918,0.9,9,10,True,True,False,0.534146,0.8,8,10,True,False
NonOverlappingTemplate,NonOverlappingTemplate,True,0.739918,0.9,9,10,True,True,False,0.122325,0.8,8,10,True,False
NonOverlappingTemplate,NonOverlappingTemplate,True,0.739918,0.9,9,10,True,True,False,0.911413,0.8,8,10,True,False
NonOverlappingTemplate,NonOverlappingTemplate,True,0.739918,0.9,9,10,True,True,False,0.350485,0.8,8,10,True,False
NonOverlappingTemplate,NonOverlappingTemplate,True,0.739918,0.9,9,10,True,True,False,0.534146,0.8,8,10,True,False
NonOverlappingTemplate,NonOverlappingTemplate,True,0.739918,0.9,9,10,True,True,False,0.534146,0.8,8,10,True,False
NonOverlappingTemplate,NonOverlappingTemplate,True,0.739918,0.9,9,10,True,True,False,0.035174,0.8,8,10,True,False
NonOverlappingTemplate,NonOverlappingTemplate,True,0.739918,0.9,9,10,True,True,False,0.350485,0.8,8,10,True,False
NonOverlappingTemplate,NonOverlappingTemplate,True,0.739918,0.9,9,10,True,True,False,0.350485,0.8,8,10,True,False
NonOverlappingTemplate,NonOverlappingTemplate,True,0.739918,0.9,9,10,True,True,False,0.350485,0.7,7,10,True,False
NonOverlappingTemplate,NonOverlappingTemplate,True,0.739918,0.9,9,10,True,True,False,0.911413,0.8,8,10,True,False
NonOverlappingTemplate,NonOverlappingTemplate,True,0.739918,0.9,9,10,True,True,False,0.350485,0.7,7,10,True,False
NonOverlappingTemplate,NonOverlappingTemplate,True,0.739918,0.9,9,10,True,True,False,0.534146,0.8,8,10,True,False
NonOverlappingTemplate,NonOverlappingTemplate,True,0.739918,0.9,9,10,True,True,False,0.534146,0.8,8,10,True,False
NonOverlappingTemplate,NonOverlappingTemplate,True,0.739918,0.9,9,10,True,True,False,0.122325,0.8,8,10,True,False
NonOverlappingTemplate,NonOverlappingTemplate,True,0.739918,0.9,9,10,True,True,False,0.534146,0.8,8,10,True,False
NonOverlappingTemplate,NonOverlappingTemplate,True,0.739918,0.9,9,10,True,True,False,0.122325,0.8,8,10,True,False
NonOverlappingTemplate,NonOverlappingTemplate,True,0.739918,0.9,9,10,True,True,False,0.911413,0.8,8,10,True,False
NonOverlappingTemplate,NonOverlappingTemplate,True,0.739918,0.9,9,10,True,True,False,0.350485,0.8,8,10,True,False
NonOverlappingTemplate,NonOverlappingTemplate,True,0.534146,0.9,9,10,True,True,False,0.534146,0.8,8,10,True,False
NonOverlappingTemplate,NonOverlappingTemplate,True,0.534146,0.9,9,10,True,True,False,0.534146,0.8,8,10,True,False
NonOverlappingTemplate,NonOverlappingTemplate,True,0.534146,0.9,9,10,True,True,False,0.035174,0.8,8,10,True,False
NonOverlappingTemplate,NonOverlappingTemplate,True,0.534146,0.9,9,10,True,True,False,0.350485,0.8,8,10,True,False
NonOverlappingTemplate,NonOverlappingTemplate,True,0.534146,0.9,9,10,True,True,False,0.350485,0.8,8,10,True,False
NonOverlappingTemplate,NonOverlappingTemplate,True,0.534146,0.9,9,10,True,True,False,0.350485,0.7,7,10,True,False
NonOverlappingTemplate,NonOverlappingTemplate,True,0.534146,0.9,9,10,True,True,False,0.911413,0.8,8,10,True,False
NonOverlappingTemplate,NonOverlappingTemplate,True,0.534146,0.9,9,10,True,True,False,0.350485,0.7,7,10,True,False
NonOverlappingTemplate,NonOverlappingTemplate,True,0.534146,0.9,9,10,True,True,False,0.534146,0.8,8,10,True,False
NonOverlappingTemplate,NonOverlappingTemplate,True,0.534146,0.9,9,10,True,True,False,0.534146,0.8,8,10,True,False
NonOverlappingTemplate,NonOverlappingTemplate,True,0.534146,0.9,9,10,True,True,False,0.122325,0.8,8,10,True,False
NonOverlappingTemplate,NonOverlappingTemplate,True,0.534146,0.9,9,10,True,True,False,0.534146,0.8,8,10,True,False
NonOverlappingTemplate,NonOverlappingTemplate,True,0.534146,0.9,9,10,True,True,False,0.122325,0.8,8,10,True,False
NonOverlappingTemplate,NonOverlappingTemplate,True,0.534146,0.9,9,10,True,True,False,0.911413,0.8,8,10,True,False
NonOverlappingTemplate,NonOverlappingTemplate,True,0.534146,0.9,9,10,True,True,False,0.350485,0.8,8,10,True,False
NonOverlappingTemplate,NonOverlappingTemplate,True,0.213309,0.9,9,10,True,True,False,0.534146,0.8,8,10,True,False
NonOverlappingTemplate,NonOverlappingTemplate,True,0.213309,0.9,9,10,True,True,False,0.534146,0.8,8,10,True,False
NonOverlappingTemplate,NonOverlappingTemplate,True,0.213309,0.9,9,10,True,True,False,0.035174,0.8,8,10,True,False
NonOverlappingTemplate,NonOverlappingTemplate,True,0.213309,0.9,9,10,True,True,False,0.350485,0.8,8,10,True,False
NonOverlappingTemplate,NonOverlappingTemplate,True,0.213309,0.9,9,10,True,True,False,0.350485,0.8,8,10,True,False
NonOverlappingTemplate,NonOverlappingTemplate,True,0.213309,0.9,9,10,True,True,False,0.350485,0.7,7,10,True,False
NonOverlappingTemplate,NonOverlappingTemplate,True,0.213309,0.9,9,10,True,True,False,0.911413,0.8,8,10,True,False
NonOverlappingTemplate,NonOverlappingTemplate,True,0.213309,0.9,9,10,True,True,False,0.350485,0.7,7,10,True,False
NonOverlappingTemplate,NonOverlappingTemplate,True,0.213309,0.9,9,10,True,True,False,0.534146,0.8,8,10,True,False
NonOverlappingTemplate,NonOverlappingTemplate,True,0.213309,0.9,9,10,True,True,False,0.534146,0.8,8,10,True,False
NonOverlappingTemplate,NonOverlappingTemplate,True,0.213309,0.9,9,10,True,True,False,0.122325,0.8,8,10,True,False
NonOverlappingTemplate,NonOverlappingTemplate,True,0.213309,0.9,9,10,True,True,False,0.534146,0.8,8,10,True,False
NonOverlappingTemplate,NonOverlappingTemplate,True,0.213309,0.9,9,10,True,True,False,0.122325,0.8,8,10,True,False
NonOverlappingTemplate,NonOverlappingTemplate,True,0.213309,0.9,9,10,True,True,False,0.911413,0.8,8,10,True,False
NonOverlappingTemplate,NonOverlappingTemplate,True,0.213309,0.9,9,10,True,True,False,0.350485,0.8,8,10,True,False
NonOverlappingTemplate,NonOverlappingTemplate,True,0.534146,0.9,9,10,True,True,False,0.534146,0.8,8,10,True,False
NonOverlappingTemplate,NonOverlappingTemplate,True,0.534146,0.9,9,10,True,True,False,0.534146,0.8,8,10,True,False
NonOverlappingTemplate,NonOverlappingTemplate,True,0.534146,0.9,9,10,True,True,False,0.035174,0.8,8,10,True,False
NonOverlappingTemplate,NonOverlappingTemplate,True,0.534146,0.9,9,10,True,True,False,0.350485,0.8,8,10,True,False
NonOverlappingTemplate,NonOverlappingTemplate,True,0.534146,0.9,9,10,True,True,False,0.350485,0.8,8,10,True,False
NonOverlappingTemplate,NonOverlappingTemplate,True,0.534146,0.9,9,10,True,True,False,0.350485,0.7,7,10,True,False
NonOverlappingTemplate,NonOverlappingTemplate,True,0.534146,0.9,9,10,True,True,False,0.911413,0.8,8,10,True,False
NonOverlappingTemplate,NonOverlappingTemplate,True,0.534146,0.9,9,10,True,True,False,0.350485,0.7,7,10,True,False
NonOverlappingTemplate,NonOverlappingTemplate,True,0.534146,0.9,9,10,True,True,False,0.534146,0.8,8,10,True,False
NonOverlappingTemplate,NonOverlappingTemplate,True,0.534146,0.9,9,10,True,True,False,0.534146,0.8,8,10,True,False
NonOverlappingTemplate,NonOverlappingTemplate,True,0.534146,0.9,9,10,True,True,False,0.122325,0.8,8,10,True,False
NonOverlappingTemplate,NonOverlappingTemplate,True,0.534146,0.9,9,10,True,True,False,0.534146,0.8,8,10,True,False
NonOverlappingTemplate,NonOverlappingTemplate,True,0.534146,0.9,9,10,True,True,False,0.122325,0.8,8,10,True,False
NonOverlappingTemplate,NonOverlappingTemplate,True,0.534146,0.9,9,10,True,True,False,0.911413,0.8,8,10,True,False
NonOverlappingTemplate,NonOverlappingTemplate,True,0.534146,0.9,9,10,True,True,False,0.350485,0.8,8,10,True,False
NonOverlappingTemplate,NonOverlappingTemplate,True,0.122325,0.9,9,10,True,True,False,0.534146,0.8,8,10,True,False
NonOverlappingTemplate,NonOverlappingTemplate,True,0.122325,0.9,9,10,True,True,False,0.534146,0.8,8,10,True,False
NonOverlappingTemplate,NonOverlappingTemplate,True,0.122325,0.9,9,10,True,True,False,0.035174,0.8,8,10,True,False
NonOverlappingTemplate,NonOverlappingTemplate,True,0.122325,0.9,9,10,True,True,False,0.350485,0.8,8,10,True,False
NonOverlappingTemplate,NonOverlappingTemplate,True,0.122325,0.9,9,10,True,True,False,0.350485,0.8,8,10,True,False
NonOverlappingTemplate,NonOverlappingTemplate,True,0.122325,0.9,9,10,True,True,False,0.350485,0.7,7,10,True,False
NonOverlappingTemplate,NonOverlappingTemplate,True,0.122325,0.9,9,10,True,True,False,0.911413,0.8,8,10,True,False
NonOverlappingTemplate,NonOverlappingTemplate,True,0.122325,0.9,9,10,True,True,False,0.350485,0.7,7,10,True,False
NonOverlappingTemplate,NonOverlappingTemplate,True,0.122325,0.9,9,10,True,True,False,0.534146,0.8,8,10,True,False
NonOverlappingTemplate,NonOverlappingTemplate,True,0.122325,0.9,9,10,True,True,False,0.534146,0.8,8,10,True,False
NonOverlappingTemplate,NonOverlappingTemplate,True,0.122325,0.9,9,10,True,True,False,0.122325,0.8,8,10,True,False
NonOverlappingTemplate,NonOverlappingTemplate,True,0.122325,0.9,9,10,True,True,False,0.534146,0.8,8,10,True,False
NonOverlappingTemplate,NonOverlappingTemplate,True,0.122325,0.9,9,10,True,True,False,0.122325,0.8,8,10,True,False
NonOverlappingTemplate,NonOverlappingTemplate,True,0.122325,0.9,9,10,True,True,False,0.911413,0.8,8,10,True,False
NonOverlappingTemplate,NonOverlappingTemplate,True,0.122325,0.9,9,10,True,True,False,0.350485,0.8,8,10,True,False
NonOverlappingTemplate,NonOverlappingTemplate,True,0.739918,0.9,9,10,True,True,False,0.534146,0.8,8,10,True,False
NonOverlappingTemplate,NonOverlappingTemplate,True,0.739918,0.9,9,10,True,True,False,0.534146,0.8,8,10,True,False
NonOverlappingTemplate,NonOverlappingTemplate,True,0.739918,0.9,9,10,True,True,False,0.035174,0.8,8,10,True,False
NonOverlappingTemplate,NonOverlappingTemplate,True,0.739918,0.9,9,10,True,True,False,0.350485,0.8,8,10,True,False
NonOverlappingTemplate,NonOverlappingTemplate,True,0.739918,0.9,9,10,True,True,False,0.350485,0.8,8,10,True,False
NonOverlappingTemplate,NonOverlappingTemplate,True,0.739918,0.9,9,10,True,True,False,0.350485,0.7,7,10,True,False
NonOverlappingTemplate,NonOverlappingTemplate,True,0.739918,0.9,9,10,True,True,False,0.911413,0.8,8,10,True,False
NonOverlappingTemplate,NonOverlappingTemplate,True,0.739918,0.9,9,10,True,True,False,0.350485,0.7,7,10,True,False
NonOverlappingTemplate,NonOverlappingTemplate,True,0.739918,0.9,9,10,True,True,False,0.534146,0.8,8,10,True,False
NonOverlappingTemplate,NonOverlappingTemplate,True,0.739918,0.9,9,10,True,True,False,0.534146,0.8,8,10,True,False
NonOverlappingTemplate,NonOverlappingTemplate,True,0.739918,0.9,9,10,True,True,False,0.122325,0.8,8,10,True,False
NonOverlappingTemplate,NonOverlappingTemplate,True,0.739918,0.9,9,10,True,True,False,0.534146,0.8,8,10,True,False
NonOverlappingTemplate,NonOverlappingTemplate,True,0.739918,0.9,9,10,True,True,False,0.122325,0.8,8,10,True,False
NonOverlappingTemplate,NonOverlappingTemplate,True,0.739918,0.9,9,10,True,True,False,0.911413,0.8,8,10,True,False
NonOverlappingTemplate,NonOverlappingTemplate,True,0.739918,0.9,9,10,True,True,False,0.350485,0.8,8,10,True,False
NonOverlappingTemplate,NonOverlappingTemplate,True,0.739918,0.9,9,10,True,True,False,0.534146,0.8,8,10,True,False
NonOverlappingTemplate,NonOverlappingTemplate,True,0.739918,0.9,9,10,True,True,False,0.534146,0.8,8,10,True,False
NonOverlappingTemplate,NonOverlappingTemplate,True,0.739918,0.9,9,10,True,True,False,0.035174,0.8,8,10,True,False
NonOverlappingTemplate,NonOverlappingTemplate,True,0.739918,0.9,9,10,True,True,False,0.350485,0.8,8,10,True,False
NonOverlappingTemplate,NonOverlappingTemplate,True,0.739918,0.9,9,10,True,True,False,0.350485,0.8,8,10,True,False
NonOverlappingTemplate,NonOverlappingTemplate,True,0.739918,0.9,9,10,True,True,False,0.350485,0.7,7,10,True,False
NonOverlappingTemplate,NonOverlappingTemplate,True,0.739918,0.9,9,10,True,True,False,0.911413,0.8,8,10,True,False
NonOverlappingTemplate,NonOverlappingTemplate,True,0.739918,0.9,9,10,True,True,False,0.350485,0.7,7,10,True,False
NonOverlappingTemplate,NonOverlappingTemplate,True,0.739918,0.9,9,10,True,True,False,0.534146,0.8,8,10,True,False
NonOverlappingTemplate,NonOverlappingTemplate,True,0.739918,0.9,9,10,True,True,False,0.534146,0.8,8,10,True,False
NonOverlappingTemplate,NonOverlappingTemplate,True,0.739918,0.9,9,10,True,True,False,0.122325,0.8,8,10,True,False
NonOverlappingTemplate,NonOverlappingTemplate,True,0.739918,0.9,9,10,True,True,False,0.534146,0.8,8,10,True,False
NonOverlappingTemplate,NonOverlappingTemplate,True,0.739918,0.9,9,10,True,True,False,0.122325,0.8,8,10,True,False
NonOverlappingTemplate,NonOverlappingTemplate,True,0.739918,0.9,9,10,True,True,False,0.911413,0.8,8,10,True,False
NonOverlappingTemplate,NonOverlappingTemplate,True,0.739918,0.9,9,10,True,True,False,0.350485,0.8,8,10,True,False
NonOverlappingTemplate,NonOverlappingTemplate,True,0.739918,0.9,9,10,True,True,False,0.534146,0.8,8,10,True,False
NonOverlappingTemplate,NonOverlappingTemplate,True,0.739918,0.9,9,10,True,True,False,0.534146,0.8,8,10,True,False
NonOverlappingTemplate,NonOverlappingTemplate,True,0.739918,0.9,9,10,True,True,False,0.035174,0.8,8,10,True,False
NonOverlappingTemplate,NonOverlappingTemplate,True,0.739918,0.9,9,10,True,True,False,0.350485,0.8,8,10,True,False
NonOverlappingTemplate,NonOverlappingTemplate,True,0.739918,0.9,9,10,True,True,False,0.350485,0.8,8,10,True,False
NonOverlappingTemplate,NonOverlappingTemplate,True,0.739918,0.9,9,10,True,True,False,0.350485,0.7,7,10,True,False
NonOverlappingTemplate,NonOverlappingTemplate,True,0.739918,0.9,9,10,True,True,False,0.911413,0.8,8,10,True,False
NonOverlappingTemplate,NonOverlappingTemplate,True,0.739918,0.9,9,10,True,True,False,0.350485,0.7,7,10,True,False
NonOverlappingTemplate,NonOverlappingTemplate,True,0.739918,0.9,9,10,True,True,False,0.534146,0.8,8,10,True,False
NonOverlappingTemplate,NonOverlappingTemplate,True,0.739918,0.9,9,10,True,True,False,0.534146,0.8,8,10,True,False
NonOverlappingTemplate,NonOverlappingTemplate,True,0.739918,0.9,9,10,True,True,False,0.122325,0.8,8,10,True,False
NonOverlappingTemplate,NonOverlappingTemplate,True,0.739918,0.9,9,10,True,True,False,0.534146,0.8,8,10,True,False
NonOverlappingTemplate,NonOverlappingTemplate,True,0.739918,0.9,9,10,True,True,False,0.122325,0.8,8,10,True,False
NonOverlappingTemplate,NonOverlappingTemplate,True,0.739918,0.9,9,10,True,True,False,0.911413,0.8,8,10,True,False
NonOverlappingTemplate,NonOverlappingTemplate,True,0.739918,0.9,9,10,True,True,False,0.350485,0.8,8,10,True,False
NonOverlappingTemplate,NonOverlappingTemplate,False,0.122325,0.7,7,10,True,False,True,0.534146,0.9,9,10,True,True
NonOverlappingTemplate,NonOverlappingTemplate,False,0.122325,0.7,7,10,True,False,True,0.350485,0.9,9,10,True,True
NonOverlappingTemplate,NonOverlappingTemplate,False,0.122325,0.7,7,10,True,False,True,0.534146,0.9,9,10,True,True
NonOverlappingTemplate,NonOverlappingTemplate,False,0.122325,0.7,7,10,True,False,True,0.213309,0.9,9,10,True,True
NonOverlappingTemplate,NonOverlappingTemplate,False,0.122325,0.7,7,10,True,False,True,0.534146,0.9,9,10,True,True
NonOverlappingTemplate,NonOverlappingTemplate,False,0.122325,0.7,7,10,True,False,True,0.739918,0.9,9,10,True,True
NonOverlappingTemplate,NonOverlappingTemplate,False,0.122325,0.7,7,10,True,False,True,0.350485,0.9,9,10,True,True
NonOverlappingTemplate,NonOverlappingTemplate,False,0.122325,0.7,7,10,True,False,True,0.534146,0.9,9,10,True,True
NonOverlappingTemplate,NonOverlappingTemplate,False,0.122325,0.7,7,10,True,False,True,0.350485,0.9,9,10,True,True
NonOverlappingTemplate,NonOverlappingTemplate,False,0.122325,0.7,7,10,True,False,True,0.534146,0.9,9,10,True,True
NonOverlappingTemplate,NonOverlappingTemplate,False,0.122325,0.7,7,10,True,False,True,0.122325,0.9,9,10,True,True
NonOverlappingTemplate,NonOverlappingTemplate,False,0.122325,0.7,7,10,True,False,True,0.122325,0.9,9,10,True,True
NonOverlappingTemplate,NonOverlappingTemplate,False,0.122325,0.7,7,10,True,False,False,0.534146,0.8,8,10,True,False
NonOverlappingTemplate,NonOverlappingTemplate,False,0.122325,0.7,7,10,True,False,True,0.122325,0.9,9,10,True,True
NonOverlappingTemplate,NonOverlappingTemplate,False,0.122325,0.7,7,10,True,False,True,0.350485,0.9,9,10,True,True
NonOverlappingTemplate,NonOverlappingTemplate,False,0.122325,0.7,7,10,True,False,True,0.739918,0.9,9,10,True,True
NonOverlappingTemplate,NonOverlappingTemplate,False,0.122325,0.7,7,10,True,False,True,0.739918,0.9,9,10,True,True
NonOverlappingTemplate,NonOverlappingTemplate,False,0.122325,0.7,7,10,True,False,False,0.534146,0.8,8,10,True,False
NonOverlappingTemplate,NonOverlappingTemplate,False,0.122325,0.7,7,10,True,False,True,0.739918,0.9,9,10,True,True
NonOverlappingTemplate,NonOverlappingTemplate,False,0.122325,0.7,7,10,True,False,True,0.350485,0.9,9,10,True,True
NonOverlappingTemplate,NonOverlappingTemplate,False,0.122325,0.7,7,10,True,False,True,0.739918,0.9,9,10,True,True
NonOverlappingTemplate,NonOverlappingTemplate,False,0.122325,0.7,7,10,True,False,True,0.534146,0.9,9,10,True,True
NonOverlappingTemplate,NonOverlappingTemplate,False,0.122325,0.7,7,10,True,False,False,0.035174,0.8,8,10,True,False
NonOverlappingTemplate,NonOverlappingTemplate,False,0.122325,0.7,7,10,True,False,True,0.739918,0.9,9,10,True,True
NonOverlappingTemplate,NonOverlappingTemplate,False,0.122325,0.7,7,10,True,False,True,0.739918,0.9,9,10,True,True
NonOverlappingTemplate,NonOverlappingTemplate,False,0.122325,0.7,7,10,True,False,True,0.739918,0.9,9,10,True,True
NonOverlappingTemplate,NonOverlappingTemplate,False,0.122325,0.7,7,10,True,False,True,0.534146,0.9,9,10,True,True
NonOverlappingTemplate,NonOverlappingTemplate,False,0.122325,0.7,7,10,True,False,False,0.350485,0.8,8,10,True,False
NonOverlappingTemplate,NonOverlappingTemplate,False,0.122325,0.7,7,10,True,False,True,0.213309,0.9,9,10,True,True
NonOverlappingTemplate,NonOverlappingTemplate,False,0.122325,0.7,7,10,True,False,True,0.534146,0.9,9,10,True,True
NonOverlappingTemplate,NonOverlappingTemplate,False,0.122325,0.7,7,10,True,False,True,0.213309,0.9,9,10,True,True
NonOverlappingTemplate,NonOverlappingTemplate,False,0.122325,0.7,7,10,True,False,True,0.739918,0.9,9,10,True,True
NonOverlappingTemplate,NonOverlappingTemplate,False,0.122325,0.7,7,10,True,False,True,0.739918,0.9,9,10,True,True
NonOverlappingTemplate,NonOverlappingTemplate,False,0.122325,0.7,7,10,True,False,True,0.035174,0.9,9,10,True,True
NonOverlappingTemplate,NonOverlappingTemplate,False,0.122325,0.7,7,10,True,False,False,0.350485,0.8,8,10,True,False
NonOverlappingTemplate,NonOverlappingTemplate,False,0.122325,0.7,7,10,True,False,True,0.534146,0.9,9,10,True,True
NonOverlappingTemplate,NonOverlappingTemplate,False,0.122325,0.7,7,10,True,False,True,0.739918,0.9,9,10,True,True
NonOverlappingTemplate,NonOverlappingTemplate,False,0.122325,0.7,7,10,True,False,True,0.534146,0.9,9,10,True,True
NonOverlappingTemplate,NonOverlappingTemplate,False,0.122325,0.7,7,10,True,False,True,0.213309,0.9,9,10,True,True
NonOverlappingTemplate,NonOverlappingTemplate,False,0.122325,0.7,7,10,True,False,True,0.739918,0.9,9,10,True,True
NonOverlappingTemplate,NonOverlappingTemplate,False,0.122325,0.7,7,10,True,False,True,0.739918,0.9,9,10,True,True
NonOverlappingTemplate,NonOverlappingTemplate,False,0.122325,0.7,7,10,True,False,True,0.534146,0.9,9,10,True,True
NonOverlappingTemplate,NonOverlappingTemplate,False,0.122325,0.7,7,10,True,False,True,0.213309,0.9,9,10,True,True
NonOverlappingTemplate,NonOverlappingTemplate,False,0.122325,0.7,7,10,True,False,True,0.534146,0.9,9,10,True,True
NonOverlappingTemplate,NonOverlappingTemplate,False,0.122325,0.7,7,10,True,False,False,0.350485,0.7,7,10,True,False
NonOverlappingTemplate,NonOverlappingTemplate,False,0.122325,0.7,7,10,True,False,True,0.911413,0.9,9,10,True,True
NonOverlappingTemplate,NonOverlappingTemplate,False,0.122325,0.7,7,10,True,False,True,0.534146,0.9,9,10,True,True
NonOverlappingTemplate,NonOverlappingTemplate,False,0.122325,0.7,7,10,True,False,True,0.350485,0.9,9,10,True,True
NonOverlappingTemplate,NonOverlappingTemplate,False,0.122325,0.7,7,10,True,False,False,0.911413,0.8,8,10,True,False
NonOverlappingTemplate,NonOverlappingTemplate,False,0.122325,0.7,7,10,True,False,True,0.350485,0.9,9,10,True,True
NonOverlappingTemplate,NonOverlappingTemplate,False,0.122325,0.7,7,10,True,False,True,0.066882,0.9,9,10,True,True
NonOverlappingTemplate,NonOverlappingTemplate,False,0.122325,0.7,7,10,True,False,True,0.350485,0.9,9,10,True,True
NonOverlappingTemplate,NonOverlappingTemplate,False,0.122325,0.7,7,10,True,False,True,0.534146,0.9,9,10,True,True
NonOverlappingTemplate,NonOverlappingTemplate,False,0.122325,0.7,7,10,True,False,True,0.350485,0.9,9,10,True,True
NonOverlappingTemplate,NonOverlappingTemplate,False,0.122325,0.7,7,10,True,False,True,0.534146,0.9,9,10,True,True
NonOverlappingTemplate,NonOverlappingTemplate,False,0.122325,0.7,7,10,True,False,True,0.122325,0.9,9,10,True,True
NonOverlappingTemplate,NonOverlappingTemplate,False,0.122325,0.7,7,10,True,False,True,0.534146,0.9,9,10,True,True
NonOverlappingTemplate,NonOverlappingTemplate,False,0.122325,0.7,7,10,True,False,True,0.739918,0.9,9,10,True,True
NonOverlappingTemplate,NonOverlappingTemplate,False,0.122325,0.7,7,10,True,False,True,0.534146,0.9,9,10,True,True
NonOverlappingTemplate,NonOverlappingTemplate,False,0.122325,0.7,7,10,True,False,True,0.739918,0.9,9,10,True,True
NonOverlappingTemplate,NonOverlappingTemplate,False,0.122325,0.7,7,10,True,False,True,0.911413,0.9,9,10,True,True
NonOverlappingTemplate,NonOverlappingTemplate,False,0.122325,0.7,7,10,True,False,True,0.350485,0.9,9,10,True,True
NonOverlappingTemplate,NonOverlappingTemplate,False,0.122325,0.7,7,10,True,False,True,0.066882,0.9,9,10,True,True
NonOverlappingTemplate,NonOverlappingTemplate,False,0.122325,0.7,7,10,True,False,True,0.911413,0.9,9,10,True,True
NonOverlappingTemplate,NonOverlappingTemplate,False,0.122325,0.7,7,10,True,False,True,0.911413,0.9,9,10,True,True
NonOverlappingTemplate,NonOverlappingTemplate,False,0.122325,0.7,7,10,True,False,True,0.739918,0.9,9,10,True,True
NonOverlappingTemplate,NonOverlappingTemplate,False,0.122325,0.7,7,10,True,False,True,0.213309,0.9,9,10,True,True
NonOverlappingTemplate,NonOverlappingTemplate,False,0.122325,0.7,7,10,True,False,True,0.213309,0.9,9,10,True,True
NonOverlappingTemplate,NonOverlappingTemplate,False,0.122325,0.7,7,10,True,False,False,0.350485,0.7,7,10,True,False
NonOverlappingTemplate,NonOverlappingTemplate,False,0.122325,0.7,7,10,True,False,True,0.991468,0.9,9,10,True,True
NonOverlappingTemplate,NonOverlappingTemplate,False,0.122325,0.7,7,10,True,False,True,0.739918,0.9,9,10,True,True
NonOverlappingTemplate,NonOverlappingTemplate,False,0.122325,0.7,7,10,True,False,False,0.534146,0.8,8,10,True,False
NonOverlappingTemplate,NonOverlappingTemplate,False,0.122325,0.7,7,10,True,False,True,0.739918,0.9,9,10,True,True
NonOverlappingTemplate,NonOverlappingTemplate,False,0.122325,0.7,7,10,True,False,True,0.534146,0.9,9,10,True,True
NonOverlappingTemplate,NonOverlappingTemplate,False,0.122325,0.7,7,10,True,False,True,0.350485,0.9,9,10,True,True
NonOverlappingTemplate,NonOverlappingTemplate,False,0.122325,0.7,7,10,True,False,True,0.534146,0.9,9,10,True,True
NonOverlappingTemplate,NonOverlappingTemplate,False,0.122325,0.7,7,10,True,False,True,0.534146,0.9,9,10,True,True
NonOverlappingTemplate,NonOverlappingTemplate,False,0.122325,0.7,7,10,True,False,True,0.739918,0.9,9,10,True,True
NonOverlappingTemplate,NonOverlappingTemplate,False,0.122325,0.7,7,10,True,False,True,0.739918,0.9,9,10,True,True
NonOverlappingTemplate,NonOverlappingTemplate,False,0.122325,0.7,7,10,True,False,True,0.350485,0.9,9,10,True,True
NonOverlappingTemplate,NonOverlappingTemplate,False,0.122325,0.7,7,10,True,False,True,0.534146,0.9,9,10,True,True
NonOverlappingTemplate,NonOverlappingTemplate,False,0.122325,0.7,7,10,True,False,True,0.213309,0.9,9,10,True,True
NonOverlappingTemplate,NonOverlappingTemplate,False,0.122325,0.7,7,10,True,False,True,0.534146,0.9,9,10,True,True
NonOverlappingTemplate,NonOverlappingTemplate,False,0.122325,0.7,7,10,True,False,True,0.213309,0.9,9,10,True,True
NonOverlappingTemplate,NonOverlappingTemplate,False,0.122325,0.7,7,10,True,False,True,0.350485,0.9,9,10,True,True
NonOverlappingTemplate,NonOverlappingTemplate,False,0.122325,0.7,7,10,True,False,True,0.350485,0.9,9,10,True,True
NonOverlappingTemplate,NonOverlappingTemplate,False,0.122325,0.7,7,10,True,False,True,0.350485,0.9,9,10,True,True
NonOverlappingTemplate,NonOverlappingTemplate,False,0.122325,0.7,7,10,True,False,True,0.122325,0.9,9,10,True,True
NonOverlappingTemplate,NonOverlappingTemplate,False,0.122325,0.7,7,10,True,False,True,0.534146,0.9,9,10,True,True
NonOverlappingTemplate,NonOverlappingTemplate,False,0.122325,0.7,7,10,True,False,True,0.739918,0.9,9,10,True,True
NonOverlappingTemplate,NonOverlappingTemplate,False,0.122325,0.7,7,10,True,False,True,0.213309,0.9,9,10,True,True
NonOverlappingTemplate,NonOverlappingTemplate,False,0.122325,0.7,7,10,True,False,False,0.534146,0.8,8,10,True,False
NonOverlappingTemplate,NonOverlappingTemplate,False,0.122325,0.7,7,10,True,False,True,0.122325,0.9,9,10,True,True
NonOverlappingTemplate,NonOverlappingTemplate,False,0.122325,0.7,7,10,True,False,True,0.350485,0.9,9,10,True,True
NonOverlappingTemplate,NonOverlappingTemplate,False,0.122325,0.7,7,10,True,False,True,0.534146,0.9,9,10,True,True
NonOverlappingTemplate,NonOverlappingTemplate,False,0.122325,0.7,7,10,True,False,True,0.911413,0.9,9,10,True,True
NonOverlappingTemplate,NonOverlappingTemplate,False,0.122325,0.7,7,10,True,False,True,0.739918,0.9,9,10,True,True
NonOverlappingTemplate,NonOverlappingTemplate,False,0.122325,0.7,7,10,True,False,True,0.739918,0.9,9,10,True,True
NonOverlappingTemplate,NonOverlappingTemplate,False,0.122325,0.7,7,10,True,False,True,0.534146,0.9,9,10,True,True
NonOverlappingTemplate,NonOverlappingTemplate,False,0.122325,0.7,7,10,True,False,True,0.350485,0.9,9,10,True,True
NonOverlappingTemplate,NonOverlappingTemplate,False,0.122325,0.7,7,10,True,False,True,0.739918,0.9,9,10,True,True
NonOverlappingTemplate,NonOverlappingTemplate,False,0.122325,0.7,7,10,True,False,True,0.122325,0.9,9,10,True,True
NonOverlappingTemplate,NonOverlappingTemplate,False,0.122325,0.7,7,10,True,False,True,0.350485,0.9,9,10,True,True
NonOverlappingTemplate,NonOverlappingTemplate,False,0.122325,0.7,7,10,True,False,True,0.739918,0.9,9,10,True,True
NonOverlappingTemplate,NonOverlappingTemplate,False,0.122325,0.7,7,10,True,False,True,0.350485,0.9,9,10,True,True
NonOverlappingTemplate,NonOverlappingTemplate,False,0.122325,0.7,7,10,True,False,False,0.122325,0.8,8,10,True,False
NonOverlappingTemplate,NonOverlappingTemplate,False,0.122325,0.7,7,10,True,False,False,0.534146,0.8,8,10,True,False
NonOverlappingTemplate,NonOverlappingTemplate,False,0.122325,0.7,7,10,True,False,True,0.739918,0.9,9,10,True,True
NonOverlappingTemplate,NonOverlappingTemplate,False,0.122325,0.7,7,10,True,False,True,0.534146,0.9,9,10,True,True
NonOverlappingTemplate,NonOverlappingTemplate,False,0.122325,0.7,7,10,True,False,True,0.739918,0.9,9,10,True,True
NonOverlappingTemplate,NonOverlappingTemplate,False,0.122325,0.7,7,10,True,False,False,0.122325,0.8,8,10,True,False
NonOverlappingTemplate,NonOverlappingTemplate,False,0.122325,0.7,7,10,True,False,True,0.213309,0.9,9,10,True,True
NonOverlappingTemplate,NonOverlappingTemplate,False,0.122325,0.7,7,10,True,False,True,0.911413,0.9,9,10,True,True
NonOverlappingTemplate,NonOverlappingTemplate,False,0.122325,0.7,7,10,True,False,True,0.739918,0.9,9,10,True,True
NonOverlappingTemplate,NonOverlappingTemplate,False,0.122325,0.7,7,10,True,False,True,0.350485,0.9,9,10,True,True
NonOverlappingTemplate,NonOverlappingTemplate,False,0.122325,0.7,7,10,True,False,True,0.350485,0.9,9,10,True,True
NonOverlappingTemplate,NonOverlappingTemplate,False,0.122325,0.7,7,10,True,False,True,0.534146,0.9,9,10,True,True
NonOverlappingTemplate,NonOverlappingTemplate,False,0.122325,0.7,7,10,True,False,True,0.739918,0.9,9,10,True,True
NonOverlappingTemplate,NonOverlappingTemplate,False,0.122325,0.7,7,10,True,False,True,0.534146,0.9,9,10,True,True
NonOverlappingTemplate,NonOverlappingTemplate,False,0.122325,0.7,7,10,True,False,True,0.991468,0.9,9,10,True,True
NonOverlappingTemplate,NonOverlappingTemplate,False,0.122325,0.7,7,10,True,False,True,0.350485,0.9,9,10,True,True
NonOverlappingTemplate,NonOverlappingTemplate,False,0.122325,0.7,7,10,True,False,True,0.911413,0.9,9,10,True,True
NonOverlappingTemplate,NonOverlappingTemplate,False,0.122325,0.7,7,10,True,False,True,0.350485,0.9,9,10,True,True
NonOverlappingTemplate,NonOverlappingTemplate,False,0.122325,0.7,7,10,True,False,True,0.534146,0.9,9,10,True,True
NonOverlappingTemplate,NonOverlappingTemplate,False,0.122325,0.7,7,10,True,False,True,0.534146,0.9,9,10,True,True
NonOverlappingTemplate,NonOverlappingTemplate,False,0.122325,0.7,7,10,True,False,True,0.350485,0.9,9,10,True,True
NonOverlappingTemplate,NonOverlappingTemplate,False,0.122325,0.7,7,10,True,False,True,0.534146,0.9,9,10,True,True
NonOverlappingTemplate,NonOverlappingTemplate,False,0.122325,0.7,7,10,True,False,True,0.739918,0.9,9,10,True,True
NonOverlappingTemplate,NonOverlappingTemplate,False,0.122325,0.7,7,10,True,False,False,0.911413,0.8,8,10,True,False
NonOverlappingTemplate,NonOverlappingTemplate,False,0.122325,0.7,7,10,True,False,True,0.534146,0.9,9,10,True,True
NonOverlappingTemplate,NonOverlappingTemplate,False,0.122325,0.7,7,10,True,False,True,0.534146,0.9,9,10,True,True
NonOverlappingTemplate,NonOverlappingTemplate,False,0.122325,0.7,7,10,True,False,True,0.122325,0.9,9,10,True,True
NonOverlappingTemplate,NonOverlappingTemplate,False,0.122325,0.7,7,10,True,False,True,0.350485,0.9,9,10,True,True
NonOverlappingTemplate,NonOverlappingTemplate,False,0.122325,0.7,7,10,True,False,True,0.534146,0.9,9,10,True,True
NonOverlappingTemplate,NonOverlappingTemplate,False,0.122325,0.7,7,10,True,False,True,0.122325,0.9,9,10,True,True
NonOverlappingTemplate,NonOverlappingTemplate,False,0.122325,0.7,7,10,True,False,True,0.534146,0.9,9,10,True,True
NonOverlappingTemplate,NonOverlappingTemplate,False,0.122325,0.7,7,10,True,False,True,0.739918,0.9,9,10,True,True
NonOverlappingTemplate,NonOverlappingTemplate,False,0.122325,0.7,7,10,True,False,False,0.350485,0.8,8,10,True,False
NonOverlappingTemplate,NonOverlappingTemplate,False,0.122325,0.7,7,10,True,False,True,0.534146,0.9,9,10,True,True
NonOverlappingTemplate,NonOverlappingTemplate,False,0.122325,0.7,7,10,True,False,True,0.739918,0.9,9,10,True,True
NonOverlappingTemplate,NonOverlappingTemplate,False,0.122325,0.7,7,10,True,False,True,0.534146,0.9,9,10,True,True
NonOverlappingTemplate,NonOverlappingTemplate,False,0.122325,0.7,7,10,True,False,True,0.534146,0.9,9,10,True,True
NonOverlappingTemplate,NonOverlappingTemplate,False,0.122325,0.7,7,10,True,False,True,0.213309,0.9,9,10,True,True
NonOverlappingTemplate,NonOverlappingTemplate,False,0.122325,0.7,7,10,True,False,True,0.534146,0.9,9,10,True,True
NonOverlappingTemplate,NonOverlappingTemplate,False,0.122325,0.7,7,10,True,False,True,0.739918,0.9,9,10,True,True
NonOverlappingTemplate,NonOverlappingTemplate,False,0.122325,0.7,7,10,True,False,True,0.991468,0.9,9,10,True,True
NonOverlappingTemplate,NonOverlappingTemplate,False,0.122325,0.7,7,10,True,False,True,0.739918,0.9,9,10,True,True
NonOverlappingTemplate,NonOverlappingTemplate,False,0.122325,0.7,7,10,True,False,True,0.534146,0.9,9,10,True,True
NonOverlappingTemplate,NonOverlappingTemplate,True,0.534146,0.9,9,10,True,True,False,0.534146,0.8,8,10,True,False
NonOverlappingTemplate,NonOverlappingTemplate,True,0.534146,0.9,9,10,True,True,False,0.534146,0.8,8,10,True,False
NonOverlappingTemplate,NonOverlappingTemplate,True,0.534146,0.9,9,10,True,True,False,0.035174,0.8,8,10,True,False
NonOverlappingTemplate,NonOverlappingTemplate,True,0.534146,0.9,9,10,True,True,False,0.350485,0.8,8,10,True,False
NonOverlappingTemplate,NonOverlappingTemplate,True,0.534146,0.9,9,10,True,True,False,0.350485,0.8,8,10,True,False
NonOverlappingTemplate,NonOverlappingTemplate,True,0.534146,0.9,9,10,True,True,False,0.350485,0.7,7,10,True,False
NonOverlappingTemplate,NonOverlappingTemplate,True,0.534146,0.9,9,10,True,True,False,0.911413,0.8,8,10,True,False
NonOverlappingTemplate,NonOverlappingTemplate,True,0.534146,0.9,9,10,True,True,False,0.350485,0.7,7,10,True,False
NonOverlappingTemplate,NonOverlappingTemplate,True,0.534146,0.9,9,10,True,True,False,0.534146,0.8,8,10,True,False
NonOverlappingTemplate,NonOverlappingTemplate,True,0.534146,0.9,9,10,True,True,False,0.534146,0.8,8,10,True,False
NonOverlappingTemplate,NonOverlappingTemplate,True,0.534146,0.9,9,10,True,True,False,0.122325,0.8,8,10,True,False
NonOverlappingTemplate,NonOverlappingTemplate,True,0.534146,0.9,9,10,True,True,False,0.534146,0.8,8,10,True,False
NonOverlappingTemplate,NonOverlappingTemplate,True,0.534146,0.9,9,10,True,True,False,0.122325,0.8,8,10,True,False
NonOverlappingTemplate,NonOverlappingTemplate,True,0.534146,0.9,9,10,True,True,False,0.911413,0.8,8,10,True,False
NonOverlappingTemplate,NonOverlappingTemplate,True,0.534146,0.9,9,10,True,True,False,0.350485,0.8,8,10,True,False
NonOverlappingTemplate,NonOverlappingTemplate,True,0.911413,0.9,9,10,True,True,False,0.534146,0.8,8,10,True,False
NonOverlappingTemplate,NonOverlappingTemplate,True,0.911413,0.9,9,10,True,True,False,0.534146,0.8,8,10,True,False
NonOverlappingTemplate,NonOverlappingTemplate,True,0.911413,0.9,9,10,True,True,False,0.035174,0.8,8,10,True,False
NonOverlappingTemplate,NonOverlappingTemplate,True,0.911413,0.9,9,10,True,True,False,0.350485,0.8,8,10,True,False
NonOverlappingTemplate,NonOverlappingTemplate,True,0.911413,0.9,9,10,True,True,False,0.350485,0.8,8,10,True,False
NonOverlappingTemplate,NonOverlappingTemplate,True,0.911413,0.9,9,10,True,True,False,0.350485,0.7,7,10,True,False
NonOverlappingTemplate,NonOverlappingTemplate,True,0.911413,0.9,9,10,True,True,False,0.911413,0.8,8,10,True,False
NonOverlappingTemplate,NonOverlappingTemplate,True,0.911413,0.9,9,10,True,True,False,0.350485,0.7,7,10,True,False
NonOverlappingTemplate,NonOverlappingTemplate,True,0.911413,0.9,9,10,True,True,False,0.534146,0.8,8,10,True,False
NonOverlappingTemplate,NonOverlappingTemplate,True,0.911413,0.9,9,10,True,True,False,0.534146,0.8,8,10,True,False
NonOverlappingTemplate,NonOverlappingTemplate,True,0.911413,0.9,9,10,True,True,False,0.122325,0.8,8,10,True,False
NonOverlappingTemplate,NonOverlappingTemplate,True,0.911413,0.9,9,10,True,True,False,0.534146,0.8,8,10,True,False
NonOverlappingTemplate,NonOverlappingTemplate,True,0.911413,0.9,9,10,True,True,False,0.122325,0.8,8,10,True,False
NonOverlappingTemplate,NonOverlappingTemplate,True,0.911413,0.9,9,10,True,True,False,0.911413,0.8,8,10,True,False
NonOverlappingTemplate,NonOverlappingTemplate,True,0.911413,0.9,9,10,True,True,False,0.350485,0.8,8,10,True,False
NonOverlappingTemplate,NonOverlappingTemplate,True,0.739918,0.9,9,10,True,True,False,0.534146,0.8,8,10,True,False
NonOverlappingTemplate,NonOverlappingTemplate,True,0.739918,0.9,9,10,True,True,False,0.534146,0.8,8,10,True,False
NonOverlappingTemplate,NonOverlappingTemplate,True,0.739918,0.9,9,10,True,True,False,0.035174,0.8,8,10,True,False
NonOverlappingTemplate,NonOverlappingTemplate,True,0.739918,0.9,9,10,True,True,False,0.350485,0.8,8,10,True,False
NonOverlappingTemplate,NonOverlappingTemplate,True,0.739918,0.9,9,10,True,True,False,0.350485,0.8,8,10,True,False
NonOverlappingTemplate,NonOverlappingTemplate,True,0.739918,0.9,9,10,True,True,False,0.350485,0.7,7,10,True,False
NonOverlappingTemplate,NonOverlappingTemplate,True,0.739918,0.9,9,10,True,True,False,0.911413,0.8,8,10,True,False
NonOverlappingTemplate,NonOverlappingTemplate,True,0.739918,0.9,9,10,True,True,False,0.350485,0.7,7,10,True,False
NonOverlappingTemplate,NonOverlappingTemplate,True,0.739918,0.9,9,10,True,True,False,0.534146,0.8,8,10,True,False
NonOverlappingTemplate,NonOverlappingTemplate,True,0.739918,0.9,9,10,True,True,False,0.534146,0.8,8,10,True,False
NonOverlappingTemplate,NonOverlappingTemplate,True,0.739918,0.9,9,10,True,True,False,0.122325,0.8,8,10,True,False
NonOverlappingTemplate,NonOverlappingTemplate,True,0.739918,0.9,9,10,True,True,False,0.534146,0.8,8,10,True,False
NonOverlappingTemplate,NonOverlappingTemplate,True,0.739918,0.9,9,10,True,True,False,0.122325,0.8,8,10,True,False
NonOverlappingTemplate,NonOverlappingTemplate,True,0.739918,0.9,9,10,True,True,False,0.911413,0.8,8,10,True,False
NonOverlappingTemplate,NonOverlappingTemplate,True,0.739918,0.9,9,10,True,True,False,0.350485,0.8,8,10,True,False
NonOverlappingTemplate,NonOverlappingTemplate,False,0.534146,0.8,8,10,True,False,True,0.534146,0.9,9,10,True,True
NonOverlappingTemplate,NonOverlappingTemplate,False,0.534146,0.8,8,10,True,False,True,0.350485,0.9,9,10,True,True
NonOverlappingTemplate,NonOverlappingTemplate,False,0.534146,0.8,8,10,True,False,True,0.534146,0.9,9,10,True,True
NonOverlappingTemplate,NonOverlappingTemplate,False,0.534146,0.8,8,10,True,False,True,0.213309,0.9,9,10,True,True
NonOverlappingTemplate,NonOverlappingTemplate,False,0.534146,0.8,8,10,True,False,True,0.534146,0.9,9,10,True,True
NonOverlappingTemplate,NonOverlappingTemplate,False,0.534146,0.8,8,10,True,False,True,0.739918,0.9,9,10,True,True
NonOverlappingTemplate,NonOverlappingTemplate,False,0.534146,0.8,8,10,True,False,True,0.350485,0.9,9,10,True,True
NonOverlappingTemplate,NonOverlappingTemplate,False,0.534146,0.8,8,10,True,False,True,0.534146,0.9,9,10,True,True
NonOverlappingTemplate,NonOverlappingTemplate,False,0.534146,0.8,8,10,True,False,True,0.350485,0.9,9,10,True,True
NonOverlappingTemplate,NonOverlappingTemplate,False,0.534146,0.8,8,10,True,False,True,0.534146,0.9,9,10,True,True
NonOverlappingTemplate,NonOverlappingTemplate,False,0.534146,0.8,8,10,True,False,True,0.122325,0.9,9,10,True,True
NonOverlappingTemplate,NonOverlappingTemplate,False,0.534146,0.8,8,10,True,False,True,0.122325,0.9,9,10,True,True
NonOverlappingTemplate,NonOverlappingTemplate,False,0.534146,0.8,8,10,True,False,False,0.534146,0.8,8,10,True,False
NonOverlappingTemplate,NonOverlappingTemplate,False,0.534146,0.8,8,10,True,False,True,0.122325,0.9,9,10,True,True
NonOverlappingTemplate,NonOverlappingTemplate,False,0.534146,0.8,8,10,True,False,True,0.350485,0.9,9,10,True,True
NonOverlappingTemplate,NonOverlappingTemplate,False,0.534146,0.8,8,10,True,False,True,0.739918,0.9,9,10,True,True
NonOverlappingTemplate,NonOverlappingTemplate,False,0.534146,0.8,8,10,True,False,True,0.739918,0.9,9,10,True,True
NonOverlappingTemplate,NonOverlappingTemplate,False,0.534146,0.8,8,10,True,False,False,0.534146,0.8,8,10,True,False
NonOverlappingTemplate,NonOverlappingTemplate,False,0.534146,0.8,8,10,True,False,True,0.739918,0.9,9,10,True,True
NonOverlappingTemplate,NonOverlappingTemplate,False,0.534146,0.8,8,10,True,False,True,0.350485,0.9,9,10,True,True
NonOverlappingTemplate,NonOverlappingTemplate,False,0.534146,0.8,8,10,True,False,True,0.739918,0.9,9,10,True,True
NonOverlappingTemplate,NonOverlappingTemplate,False,0.534146,0.8,8,10,True,False,True,0.534146,0.9,9,10,True,True
NonOverlappingTemplate,NonOverlappingTemplate,False,0.534146,0.8,8,10,True,False,False,0.035174,0.8,8,10,True,False
NonOverlappingTemplate,NonOverlappingTemplate,False,0.534146,0.8,8,10,True,False,True,0.739918,0.9,9,10,True,True
NonOverlappingTemplate,NonOverlappingTemplate,False,0.534146,0.8,8,10,True,False,True,0.739918,0.9,9,10,True,True
NonOverlappingTemplate,NonOverlappingTemplate,False,0.534146,0.8,8,10,True,False,True,0.739918,0.9,9,10,True,True
NonOverlappingTemplate,NonOverlappingTemplate,False,0.534146,0.8,8,10,True,False,True,0.534146,0.9,9,10,True,True
NonOverlappingTemplate,NonOverlappingTemplate,False,0.534146,0.8,8,10,True,False,False,0.350485,0.8,8,10,True,False
NonOverlappingTemplate,NonOverlappingTemplate,False,0.534146,0.8,8,10,True,False,True,0.213309,0.9,9,10,True,True
NonOverlappingTemplate,NonOverlappingTemplate,False,0.534146,0.8,8,10,True,False,True,0.534146,0.9,9,10,True,True
NonOverlappingTemplate,NonOverlappingTemplate,False,0.534146,0.8,8,10,True,False,True,0.213309,0.9,9,10,True,True
NonOverlappingTemplate,NonOverlappingTemplate,False,0.534146,0.8,8,10,True,False,True,0.739918,0.9,9,10,True,True
NonOverlappingTemplate,NonOverlappingTemplate,False,0.534146,0.8,8,10,True,False,True,0.739918,0.9,9,10,True,True
NonOverlappingTemplate,NonOverlappingTemplate,False,0.534146,0.8,8,10,True,False,True,0.035174,0.9,9,10,True,True
NonOverlappingTemplate,NonOverlappingTemplate,False,0.534146,0.8,8,10,True,False,False,0.350485,0.8,8,10,True,False
NonOverlappingTemplate,NonOverlappingTemplate,False,0.534146,0.8,8,10,True,False,True,0.534146,0.9,9,10,True,True
NonOverlappingTemplate,NonOverlappingTemplate,False,0.534146,0.8,8,10,True,False,True,0.739918,0.9,9,10,True,True
NonOverlappingTemplate,NonOverlappingTemplate,False,0.534146,0.8,8,10,True,False,True,0.534146,0.9,9,10,True,True
NonOverlappingTemplate,NonOverlappingTemplate,False,0.534146,0.8,8,10,True,False,True,0.213309,0.9,9,10,True,True
NonOverlappingTemplate,NonOverlappingTemplate,False,0.534146,0.8,8,10,True,False,True,0.739918,0.9,9,10,True,True
NonOverlappingTemplate,NonOverlappingTemplate,False,0.534146,0.8,8,10,True,False,True,0.739918,0.9,9,10,True,True
NonOverlappingTemplate,NonOverlappingTemplate,False,0.534146,0.8,8,10,True,False,True,0.534146,0.9,9,10,True,True
NonOverlappingTemplate,NonOverlappingTemplate,False,0.534146,0.8,8,10,True,False,True,0.213309,0.9,9,10,True,True
NonOverlappingTemplate,NonOverlappingTemplate,False,0.534146,0.8,8,10,True,False,True,0.534146,0.9,9,10,True,True
NonOverlappingTemplate,NonOverlappingTemplate,False,0.534146,0.8,8,10,True,False,False,0.350485,0.7,7,10,True,False
NonOverlappingTemplate,NonOverlappingTemplate,False,0.534146,0.8,8,10,True,False,True,0.911413,0.9,9,10,True,True
NonOverlappingTemplate,NonOverlappingTemplate,False,0.534146,0.8,8,10,True,False,True,0.534146,0.9,9,10,True,True
NonOverlappingTemplate,NonOverlappingTemplate,False,0.534146,0.8,8,10,True,False,True,0.350485,0.9,9,10,True,True
NonOverlappingTemplate,NonOverlappingTemplate,False,0.534146,0.8,8,10,True,False,False,0.911413,0.8,8,10,True,False
NonOverlappingTemplate,NonOverlappingTemplate,False,0.534146,0.8,8,10,True,False,True,0.350485,0.9,9,10,True,True
NonOverlappingTemplate,NonOverlappingTemplate,False,0.534146,0.8,8,10,True,False,True,0.066882,0.9,9,10,True,True
NonOverlappingTemplate,NonOverlappingTemplate,False,0.534146,0.8,8,10,True,False,True,0.350485,0.9,9,10,True,True
NonOverlappingTemplate,NonOverlappingTemplate,False,0.534146,0.8,8,10,True,False,True,0.534146,0.9,9,10,True,True
NonOverlappingTemplate,NonOverlappingTemplate,False,0.534146,0.8,8,10,True,False,True,0.350485,0.9,9,10,True,True
NonOverlappingTemplate,NonOverlappingTemplate,False,0.534146,0.8,8,10,True,False,True,0.534146,0.9,9,10,True,True
NonOverlappingTemplate,NonOverlappingTemplate,False,0.534146,0.8,8,10,True,False,True,0.122325,0.9,9,10,True,True
NonOverlappingTemplate,NonOverlappingTemplate,False,0.534146,0.8,8,10,True,False,True,0.534146,0.9,9,10,True,True
NonOverlappingTemplate,NonOverlappingTemplate,False,0.534146,0.8,8,10,True,False,True,0.739918,0.9,9,10,True,True
NonOverlappingTemplate,NonOverlappingTemplate,False,0.534146,0.8,8,10,True,False,True,0.534146,0.9,9,10,True,True
NonOverlappingTemplate,NonOverlappingTemplate,False,0.534146,0.8,8,10,True,False,True,0.739918,0.9,9,10,True,True
NonOverlappingTemplate,NonOverlappingTemplate,False,0.534146,0.8,8,10,True,False,True,0.911413,0.9,9,10,True,True
NonOverlappingTemplate,NonOverlappingTemplate,False,0.534146,0.8,8,10,True,False,True,0.350485,0.9,9,10,True,True
NonOverlappingTemplate,NonOverlappingTemplate,False,0.534146,0.8,8,10,True,False,True,0.066882,0.9,9,10,True,True
NonOverlappingTemplate,NonOverlappingTemplate,False,0.534146,0.8,8,10,True,False,True,0.911413,0.9,9,10,True,True
NonOverlappingTemplate,NonOverlappingTemplate,False,0.534146,0.8,8,10,True,False,True,0.911413,0.9,9,10,True,True
NonOverlappingTemplate,NonOverlappingTemplate,False,0.534146,0.8,8,10,True,False,True,0.739918,0.9,9,10,True,True
NonOverlappingTemplate,NonOverlappingTemplate,False,0.534146,0.8,8,10,True,False,True,0.213309,0.9,9,10,True,True
NonOverlappingTemplate,NonOverlappingTemplate,False,0.534146,0.8,8,10,True,False,True,0.213309,0.9,9,10,True,True
NonOverlappingTemplate,NonOverlappingTemplate,False,0.534146,0.8,8,10,True,False,False,0.350485,0.7,7,10,True,False
NonOverlappingTemplate,NonOverlappingTemplate,False,0.534146,0.8,8,10,True,False,True,0.991468,0.9,9,10,True,True
NonOverlappingTemplate,NonOverlappingTemplate,False,0.534146,0.8,8,10,True,False,True,0.739918,0.9,9,10,True,True
NonOverlappingTemplate,NonOverlappingTemplate,False,0.534146,0.8,8,10,True,False,False,0.534146,0.8,8,10,True,False
NonOverlappingTemplate,NonOverlappingTemplate,False,0.534146,0.8,8,10,True,False,True,0.739918,0.9,9,10,True,True
NonOverlappingTemplate,NonOverlappingTemplate,False,0.534146,0.8,8,10,True,False,True,0.534146,0.9,9,10,True,True
NonOverlappingTemplate,NonOverlappingTemplate,False,0.534146,0.8,8,10,True,False,True,0.350485,0.9,9,10,True,True
NonOverlappingTemplate,NonOverlappingTemplate,False,0.534146,0.8,8,10,True,False,True,0.534146,0.9,9,10,True,True
NonOverlappingTemplate,NonOverlappingTemplate,False,0.534146,0.8,8,10,True,False,True,0.534146,0.9,9,10,True,True
NonOverlappingTemplate,NonOverlappingTemplate,False,0.534146,0.8,8,10,True,False,True,0.739918,0.9,9,10,True,True
NonOverlappingTemplate,NonOverlappingTemplate,False,0.534146,0.8,8,10,True,False,True,0.739918,0.9,9,10,True,True
NonOverlappingTemplate,NonOverlappingTemplate,False,0.534146,0.8,8,10,True,False,True,0.350485,0.9,9,10,True,True
NonOverlappingTemplate,NonOverlappingTemplate,False,0.534146,0.8,8,10,True,False,True,0.534146,0.9,9,10,True,True
NonOverlappingTemplate,NonOverlappingTemplate,False,0.534146,0.8,8,10,True,False,True,0.213309,0.9,9,10,True,True
NonOverlappingTemplate,NonOverlappingTemplate,False,0.534146,0.8,8,10,True,False,True,0.534146,0.9,9,10,True,True
NonOverlappingTemplate,NonOverlappingTemplate,False,0.534146,0.8,8,10,True,False,True,0.213309,0.9,9,10,True,True
NonOverlappingTemplate,NonOverlappingTemplate,False,0.534146,0.8,8,10,True,False,True,0.350485,0.9,9,10,True,True
NonOverlappingTemplate,NonOverlappingTemplate,False,0.534146,0.8,8,10,True,False,True,0.350485,0.9,9,10,True,True
NonOverlappingTemplate,NonOverlappingTemplate,False,0.534146,0.8,8,10,True,False,True,0.350485,0.9,9,10,True,True
NonOverlappingTemplate,NonOverlappingTemplate,False,0.534146,0.8,8,10,True,False,True,0.122325,0.9,9,10,True,True
NonOverlappingTemplate,NonOverlappingTemplate,False,0.534146,0.8,8,10,True,False,True,0.534146,0.9,9,10,True,True
NonOverlappingTemplate,NonOverlappingTemplate,False,0.534146,0.8,8,10,True,False,True,0.739918,0.9,9,10,True,True
NonOverlappingTemplate,NonOverlappingTemplate,False,0.534146,0.8,8,10,True,False,True,0.213309,0.9,9,10,True,True
NonOverlappingTemplate,NonOverlappingTemplate,False,0.534146,0.8,8,10,True,False,False,0.534146,0.8,8,10,True,False
NonOverlappingTemplate,NonOverlappingTemplate,False,0.534146,0.8,8,10,True,False,True,0.122325,0.9,9,10,True,True
NonOverlappingTemplate,NonOverlappingTemplate,False,0.534146,0.8,8,10,True,False,True,0.350485,0.9,9,10,True,True
NonOverlappingTemplate,NonOverlappingTemplate,False,0.534146,0.8,8,10,True,False,True,0.534146,0.9,9,10,True,True
NonOverlappingTemplate,NonOverlappingTemplate,False,0.534146,0.8,8,10,True,False,True,0.911413,0.9,9,10,True,True
NonOverlappingTemplate,NonOverlappingTemplate,False,0.534146,0.8,8,10,True,False,True,0.739918,0.9,9,10,True,True
NonOverlappingTemplate,NonOverlappingTemplate,False,0.534146,0.8,8,10,True,False,True,0.739918,0.9,9,10,True,True
NonOverlappingTemplate,NonOverlappingTemplate,False,0.534146,0.8,8,10,True,False,True,0.534146,0.9,9,10,True,True
NonOverlappingTemplate,NonOverlappingTemplate,False,0.534146,0.8,8,10,True,False,True,0.350485,0.9,9,10,True,True
NonOverlappingTemplate,NonOverlappingTemplate,False,0.534146,0.8,8,10,True,False,True,0.739918,0.9,9,10,True,True
NonOverlappingTemplate,NonOverlappingTemplate,False,0.534146,0.8,8,10,True,False,True,0.122325,0.9,9,10,True,True
NonOverlappingTemplate,NonOverlappingTemplate,False,0.534146,0.8,8,10,True,False,True,0.350485,0.9,9,10,True,True
NonOverlappingTemplate,NonOverlappingTemplate,False,0.534146,0.8,8,10,True,False,True,0.739918,0.9,9,10,True,True
NonOverlappingTemplate,NonOverlappingTemplate,False,0.534146,0.8,8,10,True,False,True,0.350485,0.9,9,10,True,True
NonOverlappingTemplate,NonOverlappingTemplate,False,0.534146,0.8,8,10,True,False,False,0.122325,0.8,8,10,True,False
NonOverlappingTemplate,NonOverlappingTemplate,False,0.534146,0.8,8,10,True,False,False,0.534146,0.8,8,10,True,False
NonOverlappingTemplate,NonOverlappingTemplate,False,0.534146,0.8,8,10,True,False,True,0.739918,0.9,9,10,True,True
NonOverlappingTemplate,NonOverlappingTemplate,False,0.534146,0.8,8,10,True,False,True,0.534146,0.9,9,10,True,True
NonOverlappingTemplate,NonOverlappingTemplate,False,0.534146,0.8,8,10,True,False,True,0.739918,0.9,9,10,True,True
NonOverlappingTemplate,NonOverlappingTemplate,False,0.534146,0.8,8,10,True,False,False,0.122325,0.8,8,10,True,False
NonOverlappingTemplate,NonOverlappingTemplate,False,0.534146,0.8,8,10,True,False,True,0.213309,0.9,9,10,True,True
NonOverlappingTemplate,NonOverlappingTemplate,False,0.534146,0.8,8,10,True,False,True,0.911413,0.9,9,10,True,True
NonOverlappingTemplate,NonOverlappingTemplate,False,0.534146,0.8,8,10,True,False,True,0.739918,0.9,9,10,True,True
NonOverlappingTemplate,NonOverlappingTemplate,False,0.534146,0.8,8,10,True,False,True,0.350485,0.9,9,10,True,True
NonOverlappingTemplate,NonOverlappingTemplate,False,0.534146,0.8,8,10,True,False,True,0.350485,0.9,9,10,True,True
NonOverlappingTemplate,NonOverlappingTemplate,False,0.534146,0.8,8,10,True,False,True,0.534146,0.9,9,10,True,True
NonOverlappingTemplate,NonOverlappingTemplate,False,0.534146,0.8,8,10,True,False,True,0.739918,0.9,9,10,True,True
NonOverlappingTemplate,NonOverlappingTemplate,False,0.534146,0.8,8,10,True,False,True,0.534146,0.9,9,10,True,True
NonOverlappingTemplate,NonOverlappingTemplate,False,0.534146,0.8,8,10,True,False,True,0.991468,0.9,9,10,True,True
NonOverlappingTemplate,NonOverlappingTemplate,False,0.534146,0.8,8,10,True,False,True,0.350485,0.9,9,10,True,True
NonOverlappingTemplate,NonOverlappingTemplate,False,0.534146,0.8,8,10,True,False,True,0.911413,0.9,9,10,True,True
NonOverlappingTemplate,NonOverlappingTemplate,False,0.534146,0.8,8,10,True,False,True,0.350485,0.9,9,10,True,True
NonOverlappingTemplate,NonOverlappingTemplate,False,0.534146,0.8,8,10,True,False,True,0.534146,0.9,9,10,True,True
NonOverlappingTemplate,NonOverlappingTemplate,False,0.534146,0.8,8,10,True,False,True,0.534146,0.9,9,10,True,True
NonOverlappingTemplate,NonOverlappingTemplate,False,0.534146,0.8,8,10,True,False,True,0.350485,0.9,9,10,True,True
NonOverlappingTemplate,NonOverlappingTemplate,False,0.534146,0.8,8,10,True,False,True,0.534146,0.9,9,10,True,True
NonOverlappingTemplate,NonOverlappingTemplate,False,0.534146,0.8,8,10,True,False,True,0.739918,0.9,9,10,True,True
NonOverlappingTemplate,NonOverlappingTemplate,False,0.534146,0.8,8,10,True,False,False,0.911413,0.8,8,10,True,False
NonOverlappingTemplate,NonOverlappingTemplate,False,0.534146,0.8,8,10,True,False,True,0.534146,0.9,9,10,True,True
NonOverlappingTemplate,NonOverlappingTemplate,False,0.534146,0.8,8,10,True,False,True,0.534146,0.9,9,10,True,True
NonOverlappingTemplate,NonOverlappingTemplate,False,0.534146,0.8,8,10,True,False,True,0.122325,0.9,9,10,True,True
NonOverlappingTemplate,NonOverlappingTemplate,False,0.534146,0.8,8,10,True,False,True,0.350485,0.9,9,10,True,True
NonOverlappingTemplate,NonOverlappingTemplate,False,0.534146,0.8,8,10,True,False,True,0.534146,0.9,9,10,True,True
NonOverlappingTemplate,NonOverlappingTemplate,False,0.534146,0.8,8,10,True,False,True,0.122325,0.9,9,10,True,True
NonOverlappingTemplate,NonOverlappingTemplate,False,0.534146,0.8,8,10,True,False,True,0.534146,0.9,9,10,True,True
NonOverlappingTemplate,NonOverlappingTemplate,False,0.534146,0.8,8,10,True,False,True,0.739918,0.9,9,10,True,True
NonOverlappingTemplate,NonOverlappingTemplate,False,0.534146,0.8,8,10,True,False,False,0.350485,0.8,8,10,True,False
NonOverlappingTemplate,NonOverlappingTemplate,False,0.534146,0.8,8,10,True,False,True,0.534146,0.9,9,10,True,True
NonOverlappingTemplate,NonOverlappingTemplate,False,0.534146,0.8,8,10,True,False,True,0.739918,0.9,9,10,True,True
NonOverlappingTemplate,NonOverlappingTemplate,False,0.534146,0.8,8,10,True,False,True,0.534146,0.9,9,10,True,True
NonOverlappingTemplate,NonOverlappingTemplate,False,0.534146,0.8,8,10,True,False,True,0.534146,0.9,9,10,True,True
NonOverlappingTemplate,NonOverlappingTemplate,False,0.534146,0.8,8,10,True,False,True,0.213309,0.9,9,10,True,True
NonOverlappingTemplate,NonOverlappingTemplate,False,0.534146,0.8,8,10,True,False,True,0.534146,0.9,9,10,True,True
NonOverlappingTemplate,NonOverlappingTemplate,False,0.534146,0.8,8,10,True,False,True,0.739918,0.9,9,10,True,True
NonOverlappingTemplate,NonOverlappingTemplate,False,0.534146,0.8,8,10,True,False,True,0.991468,0.9,9,10,True,True
NonOverlappingTemplate,NonOverlappingTemplate,False,0.534146,0.8,8,10,True,False,True,0.739918,0.9,9,10,True,True
NonOverlappingTemplate,NonOverlappingTemplate,False,0.534146,0.8,8,10,True,False,True,0.534146,0.9,9,10,True,True
NonOverlappingTemplate,NonOverlappingTemplate,False,0.534146,0.8,8,10,True,False,True,0.534146,0.9,9,10,True,True
NonOverlappingTemplate,NonOverlappingTemplate,False,0.534146,0.8,8,10,True,False,True,0.350485,0.9,9,10,True,True
NonOverlappingTemplate,NonOverlappingTemplate,False,0.534146,0.8,8,10,True,False,True,0.534146,0.9,9,10,True,True
NonOverlappingTemplate,NonOverlappingTemplate,False,0.534146,0.8,8,10,True,False,True,0.213309,0.9,9,10,True,True
NonOverlappingTemplate,NonOverlappingTemplate,False,0.534146,0.8,8,10,True,False,True,0.534146,0.9,9,10,True,True
NonOverlappingTemplate,NonOverlappingTemplate,False,0.534146,0.8,8,10,True,False,True,0.739918,0.9,9,10,True,True
NonOverlappingTemplate,NonOverlappingTemplate,False,0.534146,0.8,8,10,True,False,True,0.350485,0.9,9,10,True,True
NonOverlappingTemplate,NonOverlappingTemplate,False,0.534146,0.8,8,10,True,False,True,0.534146,0.9,9,10,True,True
NonOverlappingTemplate,NonOverlappingTemplate,False,0.534146,0.8,8,10,True,False,True,0.350485,0.9,9,10,True,True
NonOverlappingTemplate,NonOverlappingTemplate,False,0.534146,0.8,8,10,True,False,True,0.534146,0.9,9,10,True,True
NonOverlappingTemplate,NonOverlappingTemplate,False,0.534146,0.8,8,10,True,False,True,0.122325,0.9,9,10,True,True
NonOverlappingTemplate,NonOverlappingTemplate,False,0.534146,0.8,8,10,True,False,True,0.122325,0.9,9,10,True,True
NonOverlappingTemplate,NonOverlappingTemplate,False,0.534146,0.8,8,10,True,False,False,0.534146,0.8,8,10,True,False
NonOverlappingTemplate,NonOverlappingTemplate,False,0.534146,0.8,8,10,True,False,True,0.122325,0.9,9,10,True,True
NonOverlappingTemplate,NonOverlappingTemplate,False,0.534146,0.8,8,10,True,False,True,0.350485,0.9,9,10,True,True
NonOverlappingTemplate,NonOverlappingTemplate,False,0.534146,0.8,8,10,True,False,True,0.739918,0.9,9,10,True,True
NonOverlappingTemplate,NonOverlappingTemplate,False,0.534146,0.8,8,10,True,False,True,0.739918,0.9,9,10,True,True
NonOverlappingTemplate,NonOverlappingTemplate,False,0.534146,0.8,8,10,True,False,False,0.534146,0.8,8,10,True,False
NonOverlappingTemplate,NonOverlappingTemplate,False,0.534146,0.8,8,10,True,False,True,0.739918,0.9,9,10,True,True
NonOverlappingTemplate,NonOverlappingTemplate,False,0.534146,0.8,8,10,True,False,True,0.350485,0.9,9,10,True,True
NonOverlappingTemplate,NonOverlappingTemplate,False,0.534146,0.8,8,10,True,False,True,0.739918,0.9,9,10,True,True
NonOverlappingTemplate,NonOverlappingTemplate,False,0.534146,0.8,8,10,True,False,True,0.534146,0.9,9,10,True,True
NonOverlappingTemplate,NonOverlappingTemplate,False,0.534146,0.8,8,10,True,False,False,0.035174,0.8,8,10,True,False
NonOverlappingTemplate,NonOverlappingTemplate,False,0.534146,0.8,8,10,True,False,True,0.739918,0.9,9,10,True,True
NonOverlappingTemplate,NonOverlappingTemplate,False,0.534146,0.8,8,10,True,False,True,0.739918,0.9,9,10,True,True
NonOverlappingTemplate,NonOverlappingTemplate,False,0.534146,0.8,8,10,True,False,True,0.739918,0.9,9,10,True,True
NonOverlappingTemplate,NonOverlappingTemplate,False,0.534146,0.8,8,10,True,False,True,0.534146,0.9,9,10,True,True
NonOverlappingTemplate,NonOverlappingTemplate,False,0.534146,0.8,8,10,True,False,False,0.350485,0.8,8,10,True,False
NonOverlappingTemplate,NonOverlappingTemplate,False,0.534146,0.8,8,10,True,False,True,0.213309,0.9,9,10,True,True
NonOverlappingTemplate,NonOverlappingTemplate,False,0.534146,0.8,8,10,True,False,True,0.534146,0.9,9,10,True,True
NonOverlappingTemplate,NonOverlappingTemplate,False,0.534146,0.8,8,10,True,False,True,0.213309,0.9,9,10,True,True
NonOverlappingTemplate,NonOverlappingTemplate,False,0.534146,0.8,8,10,True,False,True,0.739918,0.9,9,10,True,True
NonOverlappingTemplate,NonOverlappingTemplate,False,0.534146,0.8,8,10,True,False,True,0.739918,0.9,9,10,True,True
NonOverlappingTemplate,NonOverlappingTemplate,False,0.534146,0.8,8,10,True,False,True,0.035174,0.9,9,10,True,True
NonOverlappingTemplate,NonOverlappingTemplate,False,0.534146,0.8,8,10,True,False,False,0.350485,0.8,8,10,True,False
NonOverlappingTemplate,NonOverlappingTemplate,False,0.534146,0.8,8,10,True,False,True,0.534146,0.9,9,10,True,True
NonOverlappingTemplate,NonOverlappingTemplate,False,0.534146,0.8,8,10,True,False,True,0.739918,0.9,9,10,True,True
NonOverlappingTemplate,NonOverlappingTemplate,False,0.534146,0.8,8,10,True,False,True,0.534146,0.9,9,10,True,True
NonOverlappingTemplate,NonOverlappingTemplate,False,0.534146,0.8,8,10,True,False,True,0.213309,0.9,9,10,True,True
NonOverlappingTemplate,NonOverlappingTemplate,False,0.534146,0.8,8,10,True,False,True,0.739918,0.9,9,10,True,True
NonOverlappingTemplate,NonOverlappingTemplate,False,0.534146,0.8,8,10,True,False,True,0.739918,0.9,9,10,True,True
NonOverlappingTemplate,NonOverlappingTemplate,False,0.534146,0.8,8,10,True,False,True,0.534146,0.9,9,10,True,True
NonOverlappingTemplate,NonOverlappingTemplate,False,0.534146,0.8,8,10,True,False,True,0.213309,0.9,9,10,True,True
NonOverlappingTemplate,NonOverlappingTemplate,False,0.534146,0.8,8,10,True,False,True,0.534146,0.9,9,10,True,True
NonOverlappingTemplate,NonOverlappingTemplate,False,0.534146,0.8,8,10,True,False,False,0.350485,0.7,7,10,True,False
NonOverlappingTemplate,NonOverlappingTemplate,False,0.534146,0.8,8,10,True,False,True,0.911413,0.9,9,10,True,True
NonOverlappingTemplate,NonOverlappingTemplate,False,0.534146,0.8,8,10,True,False,True,0.534146,0.9,9,10,True,True
NonOverlappingTemplate,NonOverlappingTemplate,False,0.534146,0.8,8,10,True,False,True,0.350485,0.9,9,10,True,True
NonOverlappingTemplate,NonOverlappingTemplate,False,0.534146,0.8,8,10,True,False,False,0.911413,0.8,8,10,True,False
NonOverlappingTemplate,NonOverlappingTemplate,False,0.534146,0.8,8,10,True,False,True,0.350485,0.9,9,10,True,True
NonOverlappingTemplate,NonOverlappingTemplate,False,0.534146,0.8,8,10,True,False,True,0.066882,0.9,9,10,True,True
NonOverlappingTemplate,NonOverlappingTemplate,False,0.534146,0.8,8,10,True,False,True,0.350485,0.9,9,10,True,True
NonOverlappingTemplate,NonOverlappingTemplate,False,0.534146,0.8,8,10,True,False,True,0.534146,0.9,9,10,True,True
NonOverlappingTemplate,NonOverlappingTemplate,False,0.534146,0.8,8,10,True,False,True,0.350485,0.9,9,10,True,True
NonOverlappingTemplate,NonOverlappingTemplate,False,0.534146,0.8,8,10,True,False,True,0.534146,0.9,9,10,True,True
NonOverlappingTemplate,NonOverlappingTemplate,False,0.534146,0.8,8,10,True,False,True,0.122325,0.9,9,10,True,True
NonOverlappingTemplate,NonOverlappingTemplate,False,0.534146,0.8,8,10,True,False,True,0.534146,0.9,9,10,True,True
NonOverlappingTemplate,NonOverlappingTemplate,False,0.534146,0.8,8,10,True,False,True,0.739918,0.9,9,10,True,True
NonOverlappingTemplate,NonOverlappingTemplate,False,0.534146,0.8,8,10,True,False,True,0.534146,0.9,9,10,True,True
NonOverlappingTemplate,NonOverlappingTemplate,False,0.534146,0.8,8,10,True,False,True,0.739918,0.9,9,10,True,True
NonOverlappingTemplate,NonOverlappingTemplate,False,0.534146,0.8,8,10,True,False,True,0.911413,0.9,9,10,True,True
NonOverlappingTemplate,NonOverlappingTemplate,False,0.534146,0.8,8,10,True,False,True,0.350485,0.9,9,10,True,True
NonOverlappingTemplate,NonOverlappingTemplate,False,0.534146,0.8,8,10,True,False,True,0.066882,0.9,9,10,True,True
NonOverlappingTemplate,NonOverlappingTemplate,False,0.534146,0.8,8,10,True,False,True,0.911413,0.9,9,10,True,True
NonOverlappingTemplate,NonOverlappingTemplate,False,0.534146,0.8,8,10,True,False,True,0.911413,0.9,9,10,True,True
NonOverlappingTemplate,NonOverlappingTemplate,False,0.534146,0.8,8,10,True,False,True,0.739918,0.9,9,10,True,True
NonOverlappingTemplate,NonOverlappingTemplate,False,0.534146,0.8,8,10,True,False,True,0.213309,0.9,9,10,True,True
NonOverlappingTemplate,NonOverlappingTemplate,False,0.534146,0.8,8,10,True,False,True,0.213309,0.9,9,10,True,True
NonOverlappingTemplate,NonOverlappingTemplate,False,0.534146,0.8,8,10,True,False,False,0.350485,0.7,7,10,True,False
NonOverlappingTemplate,NonOverlappingTemplate,False,0.534146,0.8,8,10,True,False,True,0.991468,0.9,9,10,True,True
NonOverlappingTemplate,NonOverlappingTemplate,False,0.534146,0.8,8,10,True,False,True,0.739918,0.9,9,10,True,True
NonOverlappingTemplate,NonOverlappingTemplate,False,0.534146,0.8,8,10,True,False,False,0.534146,0.8,8,10,True,False
NonOverlappingTemplate,NonOverlappingTemplate,False,0.534146,0.8,8,10,True,False,True,0.739918,0.9,9,10,True,True
NonOverlappingTemplate,NonOverlappingTemplate,False,0.534146,0.8,8,10,True,False,True,0.534146,0.9,9,10,True,True
NonOverlappingTemplate,NonOverlappingTemplate,False,0.534146,0.8,8,10,True,False,True,0.350485,0.9,9,10,True,True
NonOverlappingTemplate,NonOverlappingTemplate,False,0.534146,0.8,8,10,True,False,True,0.534146,0.9,9,10,True,True
NonOverlappingTemplate,NonOverlappingTemplate,False,0.534146,0.8,8,10,True,False,True,0.534146,0.9,9,10,True,True
NonOverlappingTemplate,NonOverlappingTemplate,False,0.534146,0.8,8,10,True,False,True,0.739918,0.9,9,10,True,True
NonOverlappingTemplate,NonOverlappingTemplate,False,0.534146,0.8,8,10,True,False,True,0.739918,0.9,9,10,True,True
NonOverlappingTemplate,NonOverlappingTemplate,False,0.534146,0.8,8,10,True,False,True,0.350485,0.9,9,10,True,True
NonOverlappingTemplate,NonOverlappingTemplate,False,0.534146,0.8,8,10,True,False,True,0.534146,0.9,9,10,True,True
NonOverlappingTemplate,NonOverlappingTemplate,False,0.534146,0.8,8,10,True,False,True,0.213309,0.9,9,10,True,True
NonOverlappingTemplate,NonOverlappingTemplate,False,0.534146,0.8,8,10,True,False,True,0.534146,0.9,9,10,True,True
NonOverlappingTemplate,NonOverlappingTemplate,False,0.534146,0.8,8,10,True,False,True,0.213309,0.9,9,10,True,True
NonOverlappingTemplate,NonOverlappingTemplate,False,0.534146,0.8,8,10,True,False,True,0.350485,0.9,9,10,True,True
NonOverlappingTemplate,NonOverlappingTemplate,False,0.534146,0.8,8,10,True,False,True,0.350485,0.9,9,10,True,True
NonOverlappingTemplate,NonOverlappingTemplate,False,0.534146,0.8,8,10,True,False,True,0.350485,0.9,9,10,True,True
NonOverlappingTemplate,NonOverlappingTemplate,False,0.534146,0.8,8,10,True,False,True,0.122325,0.9,9,10,True,True
NonOverlappingTemplate,NonOverlappingTemplate,False,0.534146,0.8,8,10,True,False,True,0.534146,0.9,9,10,True,True
NonOverlappingTemplate,NonOverlappingTemplate,False,0.534146,0.8,8,10,True,False,True,0.739918,0.9,9,10,True,True
NonOverlappingTemplate,NonOverlappingTemplate,False,0.534146,0.8,8,10,True,False,True,0.213309,0.9,9,10,True,True
NonOverlappingTemplate,NonOverlappingTemplate,False,0.534146,0.8,8,10,True,False,False,0.534146,0.8,8,10,True,False
NonOverlappingTemplate,NonOverlappingTemplate,False,0.534146,0.8,8,10,True,False,True,0.122325,0.9,9,10,True,True
NonOverlappingTemplate,NonOverlappingTemplate,False,0.534146,0.8,8,10,True,False,True,0.350485,0.9,9,10,True,True
NonOverlappingTemplate,NonOverlappingTemplate,False,0.534146,0.8,8,10,True,False,True,0.534146,0.9,9,10,True,True
NonOverlappingTemplate,NonOverlappingTemplate,False,0.534146,0.8,8,10,True,False,True,0.911413,0.9,9,10,True,True
NonOverlappingTemplate,NonOverlappingTemplate,False,0.534146,0.8,8,10,True,False,True,0.739918,0.9,9,10,True,True
NonOverlappingTemplate,NonOverlappingTemplate,False,0.534146,0.8,8,10,True,False,True,0.739918,0.9,9,10,True,True
NonOverlappingTemplate,NonOverlappingTemplate,False,0.534146,0.8,8,10,True,False,True,0.534146,0.9,9,10,True,True
NonOverlappingTemplate,NonOverlappingTemplate,False,0.534146,0.8,8,10,True,False,True,0.350485,0.9,9,10,True,True
NonOverlappingTemplate,NonOverlappingTemplate,False,0.534146,0.8,8,10,True,False,True,0.739918,0.9,9,10,True,True
NonOverlappingTemplate,NonOverlappingTemplate,False,0.534146,0.8,8,10,True,False,True,0.122325,0.9,9,10,True,True
NonOverlappingTemplate,NonOverlappingTemplate,False,0.534146,0.8,8,10,True,False,True,0.350485,0.9,9,10,True,True
NonOverlappingTemplate,NonOverlappingTemplate,False,0.534146,0.8,8,10,True,False,True,0.739918,0.9,9,10,True,True
NonOverlappingTemplate,NonOverlappingTemplate,False,0.534146,0.8,8,10,True,False,True,0.350485,0.9,9,10,True,True
NonOverlappingTemplate,NonOverlappingTemplate,False,0.534146,0.8,8,10,True,False,False,0.122325,0.8,8,10,True,False
NonOverlappingTemplate,NonOverlappingTemplate,False,0.534146,0.8,8,10,True,False,False,0.534146,0.8,8,10,True,False
NonOverlappingTemplate,NonOverlappingTemplate,False,0.534146,0.8,8,10,True,False,True,0.739918,0.9,9,10,True,True
NonOverlappingTemplate,NonOverlappingTemplate,False,0.534146,0.8,8,10,True,False,True,0.534146,0.9,9,10,True,True
NonOverlappingTemplate,NonOverlappingTemplate,False,0.534146,0.8,8,10,True,False,True,0.739918,0.9,9,10,True,True
NonOverlappingTemplate,NonOverlappingTemplate,False,0.534146,0.8,8,10,True,False,False,0.122325,0.8,8,10,True,False
NonOverlappingTemplate,NonOverlappingTemplate,False,0.534146,0.8,8,10,True,False,True,0.213309,0.9,9,10,True,True
NonOverlappingTemplate,NonOverlappingTemplate,False,0.534146,0.8,8,10,True,False,True,0.911413,0.9,9,10,True,True
NonOverlappingTemplate,NonOverlappingTemplate,False,0.534146,0.8,8,10,True,False,True,0.739918,0.9,9,10,True,True
NonOverlappingTemplate,NonOverlappingTemplate,False,0.534146,0.8,8,10,True,False,True,0.350485,0.9,9,10,True,True
NonOverlappingTemplate,NonOverlappingTemplate,False,0.534146,0.8,8,10,True,False,True,0.350485,0.9,9,10,True,True
NonOverlappingTemplate,NonOverlappingTemplate,False,0.534146,0.8,8,10,True,False,True,0.534146,0.9,9,10,True,True
NonOverlappingTemplate,NonOverlappingTemplate,False,0.534146,0.8,8,10,True,False,True,0.739918,0.9,9,10,True,True
NonOverlappingTemplate,NonOverlappingTemplate,False,0.534146,0.8,8,10,True,False,True,0.534146,0.9,9,10,True,True
NonOverlappingTemplate,NonOverlappingTemplate,False,0.534146,0.8,8,10,True,False,True,0.991468,0.9,9,10,True,True
NonOverlappingTemplate,NonOverlappingTemplate,False,0.534146,0.8,8,10,True,False,True,0.350485,0.9,9,10,True,True
NonOverlappingTemplate,NonOverlappingTemplate,False,0.534146,0.8,8,10,True,False,True,0.911413,0.9,9,10,True,True
NonOverlappingTemplate,NonOverlappingTemplate,False,0.534146,0.8,8,10,True,False,True,0.350485,0.9,9,10,True,True
NonOverlappingTemplate,NonOverlappingTemplate,False,0.534146,0.8,8,10,True,False,True,0.534146,0.9,9,10,True,True
NonOverlappingTemplate,NonOverlappingTemplate,False,0.534146,0.8,8,10,True,False,True,0.534146,0.9,9,10,True,True
NonOverlappingTemplate,NonOverlappingTemplate,False,0.534146,0.8,8,10,True,False,True,0.350485,0.9,9,10,True,True
NonOverlappingTemplate,NonOverlappingTemplate,False,0.534146,0.8,8,10,True,False,True,0.534146,0.9,9,10,True,True
NonOverlappingTemplate,NonOverlappingTemplate,False,0.534146,0.8,8,10,True,False,True,0.739918,0.9,9,10,True,True
NonOverlappingTemplate,NonOverlappingTemplate,False,0.534146,0.8,8,10,True,False,False,0.911413,0.8,8,10,True,False
NonOverlappingTemplate,NonOverlappingTemplate,False,0.534146,0.8,8,10,True,False,True,0.534146,0.9,9,10,True,True
NonOverlappingTemplate,NonOverlappingTemplate,False,0.534146,0.8,8,10,True,False,True,0.534146,0.9,9,10,True,True
NonOverlappingTemplate,NonOverlappingTemplate,False,0.534146,0.8,8,10,True,False,True,0.122325,0.9,9,10,True,True
NonOverlappingTemplate,NonOverlappingTemplate,False,0.534146,0.8,8,10,True,False,True,0.350485,0.9,9,10,True,True
NonOverlappingTemplate,NonOverlappingTemplate,False,0.534146,0.8,8,10,True,False,True,0.534146,0.9,9,10,True,True
NonOverlappingTemplate,NonOverlappingTemplate,False,0.534146,0.8,8,10,True,False,True,0.122325,0.9,9,10,True,True
NonOverlappingTemplate,NonOverlappingTemplate,False,0.534146,0.8,8,10,True,False,True,0.534146,0.9,9,10,True,True
NonOverlappingTemplate,NonOverlappingTemplate,False,0.534146,0.8,8,10,True,False,True,0.739918,0.9,9,10,True,True
NonOverlappingTemplate,NonOverlappingTemplate,False,0.534146,0.8,8,10,True,False,False,0.350485,0.8,8,10,True,False
NonOverlappingTemplate,NonOverlappingTemplate,False,0.534146,0.8,8,10,True,False,True,0.534146,0.9,9,10,True,True
NonOverlappingTemplate,NonOverlappingTemplate,False,0.534146,0.8,8,10,True,False,True,0.739918,0.9,9,10,True,True
NonOverlappingTemplate,NonOverlappingTemplate,False,0.534146,0.8,8,10,True,False,True,0.534146,0.9,9,10,True,True
NonOverlappingTemplate,NonOverlappingTemplate,False,0.534146,0.8,8,10,True,False,True,0.534146,0.9,9,10,True,True
NonOverlappingTemplate,NonOverlappingTemplate,False,0.534146,0.8,8,10,True,False,True,0.213309,0.9,9,10,True,True
NonOverlappingTemplate,NonOverlappingTemplate,False,0.534146,0.8,8,10,True,False,True,0.534146,0.9,9,10,True,True
NonOverlappingTemplate,NonOverlappingTemplate,False,0.534146,0.8,8,10,True,False,True,0.739918,0.9,9,10,True,True
NonOverlappingTemplate,NonOverlappingTemplate,False,0.534146,0.8,8,10,True,False,True,0.991468,0.9,9,10,True,True
NonOverlappingTemplate,NonOverlappingTemplate,False,0.534146,0.8,8,10,True,False,True,0.739918,0.9,9,10,True,True
NonOverlappingTemplate,NonOverlappingTemplate,False,0.534146,0.8,8,10,True,False,True,0.534146,0.9,9,10,True,True
NonOverlappingTemplate,NonOverlappingTemplate,True,0.122325,0.9,9,10,True,True,False,0.534146,0.8,8,10,True,False
NonOverlappingTemplate,NonOverlappingTemplate,True,0.122325,0.9,9,10,True,True,False,0.534146,0.8,8,10,True,False
NonOverlappingTemplate,NonOverlappingTemplate,True,0.122325,0.9,9,10,True,True,False,0.035174,0.8,8,10,True,False
NonOverlappingTemplate,NonOverlappingTemplate,True,0.122325,0.9,9,10,True,True,False,0.350485,0.8,8,10,True,False
NonOverlappingTemplate,NonOverlappingTemplate,True,0.122325,0.9,9,10,True,True,False,0.350485,0.8,8,10,True,False
NonOverlappingTemplate,NonOverlappingTemplate,True,0.122325,0.9,9,10,True,True,False,0.350485,0.7,7,10,True,False
NonOverlappingTemplate,NonOverlappingTemplate,True,0.122325,0.9,9,10,True,True,False,0.911413,0.8,8,10,True,False
NonOverlappingTemplate,NonOverlappingTemplate,True,0.122325,0.9,9,10,True,True,False,0.350485,0.7,7,10,True,False
NonOverlappingTemplate,NonOverlappingTemplate,True,0.122325,0.9,9,10,True,True,False,0.534146,0.8,8,10,True,False
NonOverlappingTemplate,NonOverlappingTemplate,True,0.122325,0.9,9,10,True,True,False,0.534146,0.8,8,10,True,False
NonOverlappingTemplate,NonOverlappingTemplate,True,0.122325,0.9,9,10,True,True,False,0.122325,0.8,8,10,True,False
NonOverlappingTemplate,NonOverlappingTemplate,True,0.122325,0.9,9,10,True,True,False,0.534146,0.8,8,10,True,False
NonOverlappingTemplate,NonOverlappingTemplate,True,0.122325,0.9,9,10,True,True,False,0.122325,0.8,8,10,True,False
NonOverlappingTemplate,NonOverlappingTemplate,True,0.122325,0.9,9,10,True,True,False,0.911413,0.8,8,10,True,False
NonOverlappingTemplate,NonOverlappingTemplate,True,0.122325,0.9,9,10,True,True,False,0.350485,0.8,8,10,True,False
NonOverlappingTemplate,NonOverlappingTemplate,True,0.911413,0.9,9,10,True,True,False,0.534146,0.8,8,10,True,False
NonOverlappingTemplate,NonOverlappingTemplate,True,0.911413,0.9,9,10,True,True,False,0.534146,0.8,8,10,True,False
NonOverlappingTemplate,NonOverlappingTemplate,True,0.911413,0.9,9,10,True,True,False,0.035174,0.8,8,10,True,False
NonOverlappingTemplate,NonOverlappingTemplate,True,0.911413,0.9,9,10,True,True,False,0.350485,0.8,8,10,True,False
NonOverlappingTemplate,NonOverlappingTemplate,True,0.911413,0.9,9,10,True,True,False,0.350485,0.8,8,10,True,False
NonOverlappingTemplate,NonOverlappingTemplate,True,0.911413,0.9,9,10,True,True,False,0.350485,0.7,7,10,True,False
NonOverlappingTemplate,NonOverlappingTemplate,True,0.911413,0.9,9,10,True,True,False,0.911413,0.8,8,10,True,False
NonOverlappingTemplate,NonOverlappingTemplate,True,0.911413,0.9,9,10,True,True,False,0.350485,0.7,7,10,True,False
NonOverlappingTemplate,NonOverlappingTemplate,True,0.911413,0.9,9,10,True,True,False,0.534146,0.8,8,10,True,False
NonOverlappingTemplate,NonOverlappingTemplate,True,0.911413,0.9,9,10,True,True,False,0.534146,0.8,8,10,True,False
NonOverlappingTemplate,NonOverlappingTemplate,True,0.911413,0.9,9,10,True,True,False,0.122325,0.8,8,10,True,False
NonOverlappingTemplate,NonOverlappingTemplate,True,0.911413,0.9,9,10,True,True,False,0.534146,0.8,8,10,True,False
NonOverlappingTemplate,NonOverlappingTemplate,True,0.911413,0.9,9,10,True,True,False,0.122325,0.8,8,10,True,False
NonOverlappingTemplate,NonOverlappingTemplate,True,0.911413,0.9,9,10,True,True,False,0.911413,0.8,8,10,True,False
NonOverlappingTemplate,NonOverlappingTemplate,True,0.911413,0.9,9,10,True,True,False,0.350485,0.8,8,10,True,False
NonOverlappingTemplate,NonOverlappingTemplate,True,0.911413,0.9,9,10,True,True,False,0.534146,0.8,8,10,True,False
NonOverlappingTemplate,NonOverlappingTemplate,True,0.911413,0.9,9,10,True,True,False,0.534146,0.8,8,10,True,False
NonOverlappingTemplate,NonOverlappingTemplate,True,0.911413,0.9,9,10,True,True,False,0.035174,0.8,8,10,True,False
NonOverlappingTemplate,NonOverlappingTemplate,True,0.911413,0.9,9,10,True,True,False,0.350485,0.8,8,10,True,False
NonOverlappingTemplate,NonOverlappingTemplate,True,0.911413,0.9,9,10,True,True,False,0.350485,0.8,8,10,True,False
NonOverlappingTemplate,NonOverlappingTemplate,True,0.911413,0.9,9,10,True,True,False,0.350485,0.7,7,10,True,False
NonOverlappingTemplate,NonOverlappingTemplate,True,0.911413,0.9,9,10,True,True,False,0.911413,0.8,8,10,True,False
NonOverlappingTemplate,NonOverlappingTemplate,True,0.911413,0.9,9,10,True,True,False,0.350485,0.7,7,10,True,False
NonOverlappingTemplate,NonOverlappingTemplate,True,0.911413,0.9,9,10,True,True,False,0.534146,0.8,8,10,True,False
NonOverlappingTemplate,NonOverlappingTemplate,True,0.911413,0.9,9,10,True,True,False,0.534146,0.8,8,10,True,False
NonOverlappingTemplate,NonOverlappingTemplate,True,0.911413,0.9,9,10,True,True,False,0.122325,0.8,8,10,True,False
NonOverlappingTemplate,NonOverlappingTemplate,True,0.911413,0.9,9,10,True,True,False,0.534146,0.8,8,10,True,False
NonOverlappingTemplate,NonOverlappingTemplate,True,0.911413,0.9,9,10,True,True,False,0.122325,0.8,8,10,True,False
NonOverlappingTemplate,NonOverlappingTemplate,True,0.911413,0.9,9,10,True,True,False,0.911413,0.8,8,10,True,False
NonOverlappingTemplate,NonOverlappingTemplate,True,0.911413,0.9,9,10,True,True,False,0.350485,0.8,8,10,True,False
NonOverlappingTemplate,NonOverlappingTemplate,True,0.534146,0.9,9,10,True,True,False,0.534146,0.8,8,10,True,False
NonOverlappingTemplate,NonOverlappingTemplate,True,0.534146,0.9,9,10,True,True,False,0.534146,0.8,8,10,True,False
NonOverlappingTemplate,NonOverlappingTemplate,True,0.534146,0.9,9,10,True,True,False,0.035174,0.8,8,10,True,False
NonOverlappingTemplate,NonOverlappingTemplate,True,0.534146,0.9,9,10,True,True,False,0.350485,0.8,8,10,True,False
NonOverlappingTemplate,NonOverlappingTemplate,True,0.534146,0.9,9,10,True,True,False,0.350485,0.8,8,10,True,False
NonOverlappingTemplate,NonOverlappingTemplate,True,0.534146,0.9,9,10,True,True,False,0.350485,0.7,7,10,True,False
NonOverlappingTemplate,NonOverlappingTemplate,True,0.534146,0.9,9,10,True,True,False,0.911413,0.8,8,10,True,False
NonOverlappingTemplate,NonOverlappingTemplate,True,0.534146,0.9,9,10,True,True,False,0.350485,0.7,7,10,True,False
NonOverlappingTemplate,NonOverlappingTemplate,True,0.534146,0.9,9,10,True,True,False,0.534146,0.8,8,10,True,False
NonOverlappingTemplate,NonOverlappingTemplate,True,0.534146,0.9,9,10,True,True,False,0.534146,0.8,8,10,True,False
NonOverlappingTemplate,NonOverlappingTemplate,True,0.534146,0.9,9,10,True,True,False,0.122325,0.8,8,10,True,False
NonOverlappingTemplate,NonOverlappingTemplate,True,0.534146,0.9,9,10,True,True,False,0.534146,0.8,8,10,True,False
NonOverlappingTemplate,NonOverlappingTemplate,True,0.534146,0.9,9,10,True,True,False,0.122325,0.8,8,10,True,False
NonOverlappingTemplate,NonOverlappingTemplate,True,0.534146,0.9,9,10,True,True,False,0.911413,0.8,8,10,True,False
NonOverlappingTemplate,NonOverlappingTemplate,True,0.534146,0.9,9,10,True,True,False,0.350485,0.8,8,10,True,False
NonOverlappingTemplate,NonOverlappingTemplate,True,0.739918,0.9,9,10,True,True,False,0.534146,0.8,8,10,True,False
NonOverlappingTemplate,NonOverlappingTemplate,True,0.739918,0.9,9,10,True,True,False,0.534146,0.8,8,10,True,False
NonOverlappingTemplate,NonOverlappingTemplate,True,0.739918,0.9,9,10,True,True,False,0.035174,0.8,8,10,True,False
NonOverlappingTemplate,NonOverlappingTemplate,True,0.739918,0.9,9,10,True,True,False,0.350485,0.8,8,10,True,False
NonOverlappingTemplate,NonOverlappingTemplate,True,0.739918,0.9,9,10,True,True,False,0.350485,0.8,8,10,True,False
NonOverlappingTemplate,NonOverlappingTemplate,True,0.739918,0.9,9,10,True,True,False,0.350485,0.7,7,10,True,False
NonOverlappingTemplate,NonOverlappingTemplate,True,0.739918,0.9,9,10,True,True,False,0.911413,0.8,8,10,True,False
NonOverlappingTemplate,NonOverlappingTemplate,True,0.739918,0.9,9,10,True,True,False,0.350485,0.7,7,10,True,False
NonOverlappingTemplate,NonOverlappingTemplate,True,0.739918,0.9,9,10,True,True,False,0.534146,0.8,8,10,True,False
NonOverlappingTemplate,NonOverlappingTemplate,True,0.739918,0.9,9,10,True,True,False,0.534146,0.8,8,10,True,False
NonOverlappingTemplate,NonOverlappingTemplate,True,0.739918,0.9,9,10,True,True,False,0.122325,0.8,8,10,True,False
NonOverlappingTemplate,NonOverlappingTemplate,True,0.739918,0.9,9,10,True,True,False,0.534146,0.8,8,10,True,False
NonOverlappingTemplate,NonOverlappingTemplate,True,0.739918,0.9,9,10,True,True,False,0.122325,0.8,8,10,True,False
NonOverlappingTemplate,NonOverlappingTemplate,True,0.739918,0.9,9,10,True,True,False,0.911413,0.8,8,10,True,False
NonOverlappingTemplate,NonOverlappingTemplate,True,0.739918,0.9,9,10,True,True,False,0.350485,0.8,8,10,True,False
NonOverlappingTemplate,NonOverlappingTemplate,True,0.350485,0.9,9,10,True,True,False,0.534146,0.8,8,10,True,False
NonOverlappingTemplate,NonOverlappingTemplate,True,0.350485,0.9,9,10,True,True,False,0.534146,0.8,8,10,True,False
NonOverlappingTemplate,NonOverlappingTemplate,True,0.350485,0.9,9,10,True,True,False,0.035174,0.8,8,10,True,False
NonOverlappingTemplate,NonOverlappingTemplate,True,0.350485,0.9,9,10,True,True,False,0.350485,0.8,8,10,True,False
NonOverlappingTemplate,NonOverlappingTemplate,True,0.350485,0.9,9,10,True,True,False,0.350485,0.8,8,10,True,False
NonOverlappingTemplate,NonOverlappingTemplate,True,0.350485,0.9,9,10,True,True,False,0.350485,0.7,7,10,True,False
NonOverlappingTemplate,NonOverlappingTemplate,True,0.350485,0.9,9,10,True,True,False,0.911413,0.8,8,10,True,False
NonOverlappingTemplate,NonOverlappingTemplate,True,0.350485,0.9,9,10,True,True,False,0.350485,0.7,7,10,True,False
NonOverlappingTemplate,NonOverlappingTemplate,True,0.350485,0.9,9,10,True,True,False,0.534146,0.8,8,10,True,False
NonOverlappingTemplate,NonOverlappingTemplate,True,0.350485,0.9,9,10,True,True,False,0.534146,0.8,8,10,True,False
NonOverlappingTemplate,NonOverlappingTemplate,True,0.350485,0.9,9,10,True,True,False,0.122325,0.8,8,10,True,False
NonOverlappingTemplate,NonOverlappingTemplate,True,0.350485,0.9,9,10,True,True,False,0.534146,0.8,8,10,True,False
NonOverlappingTemplate,NonOverlappingTemplate,True,0.350485,0.9,9,10,True,True,False,0.122325,0.8,8,10,True,False
NonOverlappingTemplate,NonOverlappingTemplate,True,0.350485,0.9,9,10,True,True,False,0.911413,0.8,8,10,True,False
NonOverlappingTemplate,NonOverlappingTemplate,True,0.350485,0.9,9,10,True,True,False,0.350485,0.8,8,10,True,False
NonOverlappingTemplate,NonOverlappingTemplate,True,0.122325,0.9,9,10,True,True,False,0.534146,0.8,8,10,True,False
NonOverlappingTemplate,NonOverlappingTemplate,True,0.122325,0.9,9,10,True,True,False,0.534146,0.8,8,10,True,False
NonOverlappingTemplate,NonOverlappingTemplate,True,0.122325,0.9,9,10,True,True,False,0.035174,0.8,8,10,True,False
NonOverlappingTemplate,NonOverlappingTemplate,True,0.122325,0.9,9,10,True,True,False,0.350485,0.8,8,10,True,False
NonOverlappingTemplate,NonOverlappingTemplate,True,0.122325,0.9,9,10,True,True,False,0.350485,0.8,8,10,True,False
NonOverlappingTemplate,NonOverlappingTemplate,True,0.122325,0.9,9,10,True,True,False,0.350485,0.7,7,10,True,False
NonOverlappingTemplate,NonOverlappingTemplate,True,0.122325,0.9,9,10,True,True,False,0.911413,0.8,8,10,True,False
NonOverlappingTemplate,NonOverlappingTemplate,True,0.122325,0.9,9,10,True,True,False,0.350485,0.7,7,10,True,False
NonOverlappingTemplate,NonOverlappingTemplate,True,0.122325,0.9,9,10,True,True,False,0.534146,0.8,8,10,True,False
NonOverlappingTemplate,NonOverlappingTemplate,True,0.122325,0.9,9,10,True,True,False,0.534146,0.8,8,10,True,False
NonOverlappingTemplate,NonOverlappingTemplate,True,0.122325,0.9,9,10,True,True,False,0.122325,0.8,8,10,True,False
NonOverlappingTemplate,NonOverlappingTemplate,True,0.122325,0.9,9,10,True,True,False,0.534146,0.8,8,10,True,False
NonOverlappingTemplate,NonOverlappingTemplate,True,0.122325,0.9,9,10,True,True,False,0.122325,0.8,8,10,True,False
NonOverlappingTemplate,NonOverlappingTemplate,True,0.122325,0.9,9,10,True,True,False,0.911413,0.8,8,10,True,False
NonOverlappingTemplate,NonOverlappingTemplate,True,0.122325,0.9,9,10,True,True,False,0.350485,0.8,8,10,True,False
NonOverlappingTemplate,NonOverlappingTemplate,True,0.350485,0.9,9,10,True,True,False,0.534146,0.8,8,10,True,False
NonOverlappingTemplate,NonOverlappingTemplate,True,0.350485,0.9,9,10,True,True,False,0.534146,0.8,8,10,True,False
NonOverlappingTemplate,NonOverlappingTemplate,True,0.350485,0.9,9,10,True,True,False,0.035174,0.8,8,10,True,False
NonOverlappingTemplate,NonOverlappingTemplate,True,0.350485,0.9,9,10,True,True,False,0.350485,0.8,8,10,True,False
NonOverlappingTemplate,NonOverlappingTemplate,True,0.350485,0.9,9,10,True,True,False,0.350485,0.8,8,10,True,False
NonOverlappingTemplate,NonOverlappingTemplate,True,0.350485,0.9,9,10,True,True,False,0.350485,0.7,7,10,True,False
NonOverlappingTemplate,NonOverlappingTemplate,True,0.350485,0.9,9,10,True,True,False,0.911413,0.8,8,10,True,False
NonOverlappingTemplate,NonOverlappingTemplate,True,0.350485,0.9,9,10,True,True,False,0.350485,0.7,7,10,True,False
NonOverlappingTemplate,NonOverlappingTemplate,True,0.350485,0.9,9,10,True,True,False,0.534146,0.8,8,10,True,False
NonOverlappingTemplate,NonOverlappingTemplate,True,0.350485,0.9,9,10,True,True,False,0.534146,0.8,8,10,True,False
NonOverlappingTemplate,NonOverlappingTemplate,True,0.350485,0.9,9,10,True,True,False,0.122325,0.8,8,10,True,False
NonOverlappingTemplate,NonOverlappingTemplate,True,0.350485,0.9,9,10,True,True,False,0.534146,0.8,8,10,True,False
NonOverlappingTemplate,NonOverlappingTemplate,True,0.350485,0.9,9,10,True,True,False,0.122325,0.8,8,10,True,False
NonOverlappingTemplate,NonOverlappingTemplate,True,0.350485,0.9,9,10,True,True,False,0.911413,0.8,8,10,True,False
NonOverlappingTemplate,NonOverlappingTemplate,True,0.350485,0.9,9,10,True,True,False,0.350485,0.8,8,10,True,False
NonOverlappingTemplate,NonOverlappingTemplate,False,0.350485,0.8,8,10,True,False,True,0.534146,0.9,9,10,True,True
NonOverlappingTemplate,NonOverlappingTemplate,False,0.350485,0.8,8,10,True,False,True,0.350485,0.9,9,10,True,True
NonOverlappingTemplate,NonOverlappingTemplate,False,0.350485,0.8,8,10,True,False,True,0.534146,0.9,9,10,True,True
NonOverlappingTemplate,NonOverlappingTemplate,False,0.350485,0.8,8,10,True,False,True,0.213309,0.9,9,10,True,True
NonOverlappingTemplate,NonOverlappingTemplate,False,0.350485,0.8,8,10,True,False,True,0.534146,0.9,9,10,True,True
NonOverlappingTemplate,NonOverlappingTemplate,False,0.350485,0.8,8,10,True,False,True,0.739918,0.9,9,10,True,True
NonOverlappingTemplate,NonOverlappingTemplate,False,0.350485,0.8,8,10,True,False,True,0.350485,0.9,9,10,True,True
NonOverlappingTemplate,NonOverlappingTemplate,False,0.350485,0.8,8,10,True,False,True,0.534146,0.9,9,10,True,True
NonOverlappingTemplate,NonOverlappingTemplate,False,0.350485,0.8,8,10,True,False,True,0.350485,0.9,9,10,True,True
NonOverlappingTemplate,NonOverlappingTemplate,False,0.350485,0.8,8,10,True,False,True,0.534146,0.9,9,10,True,True
NonOverlappingTemplate,NonOverlappingTemplate,False,0.350485,0.8,8,10,True,False,True,0.122325,0.9,9,10,True,True
NonOverlappingTemplate,NonOverlappingTemplate,False,0.350485,0.8,8,10,True,False,True,0.122325,0.9,9,10,True,True
NonOverlappingTemplate,NonOverlappingTemplate,False,0.350485,0.8,8,10,True,False,False,0.534146,0.8,8,10,True,False
NonOverlappingTemplate,NonOverlappingTemplate,False,0.350485,0.8,8,10,True,False,True,0.122325,0.9,9,10,True,True
NonOverlappingTemplate,NonOverlappingTemplate,False,0.350485,0.8,8,10,True,False,True,0.350485,0.9,9,10,True,True
NonOverlappingTemplate,NonOverlappingTemplate,False,0.350485,0.8,8,10,True,False,True,0.739918,0.9,9,10,True,True
NonOverlappingTemplate,NonOverlappingTemplate,False,0.350485,0.8,8,10,True,False,True,0.739918,0.9,9,10,True,True
NonOverlappingTemplate,NonOverlappingTemplate,False,0.350485,0.8,8,10,True,False,False,0.534146,0.8,8,10,True,False
NonOverlappingTemplate,NonOverlappingTemplate,False,0.350485,0.8,8,10,True,False,True,0.739918,0.9,9,10,True,True
NonOverlappingTemplate,NonOverlappingTemplate,False,0.350485,0.8,8,10,True,False,True,0.350485,0.9,9,10,True,True
NonOverlappingTemplate,NonOverlappingTemplate,False,0.350485,0.8,8,10,True,False,True,0.739918,0.9,9,10,True,True
NonOverlappingTemplate,NonOverlappingTemplate,False,0.350485,0.8,8,10,True,False,True,0.534146,0.9,9,10,True,True
NonOverlappingTemplate,NonOverlappingTemplate,False,0.350485,0.8,8,10,True,False,False,0.035174,0.8,8,10,True,False
NonOverlappingTemplate,NonOverlappingTemplate,False,0.350485,0.8,8,10,True,False,True,0.739918,0.9,9,10,True,True
NonOverlappingTemplate,NonOverlappingTemplate,False,0.350485,0.8,8,10,True,False,True,0.739918,0.9,9,10,True,True
NonOverlappingTemplate,NonOverlappingTemplate,False,0.350485,0.8,8,10,True,False,True,0.739918,0.9,9,10,True,True
NonOverlappingTemplate,NonOverlappingTemplate,False,0.350485,0.8,8,10,True,False,True,0.534146,0.9,9,10,True,True
NonOverlappingTemplate,NonOverlappingTemplate,False,0.350485,0.8,8,10,True,False,False,0.350485,0.8,8,10,True,False
NonOverlappingTemplate,NonOverlappingTemplate,False,0.350485,0.8,8,10,True,False,True,0.213309,0.9,9,10,True,True
NonOverlappingTemplate,NonOverlappingTemplate,False,0.350485,0.8,8,10,True,False,True,0.534146,0.9,9,10,True,True
NonOverlappingTemplate,NonOverlappingTemplate,False,0.350485,0.8,8,10,True,False,True,0.213309,0.9,9,10,True,True
NonOverlappingTemplate,NonOverlappingTemplate,False,0.350485,0.8,8,10,True,False,True,0.739918,0.9,9,10,True,True
NonOverlappingTemplate,NonOverlappingTemplate,False,0.350485,0.8,8,10,True,False,True,0.739918,0.9,9,10,True,True
NonOverlappingTemplate,NonOverlappingTemplate,False,0.350485,0.8,8,10,True,False,True,0.035174,0.9,9,10,True,True
NonOverlappingTemplate,NonOverlappingTemplate,False,0.350485,0.8,8,10,True,False,False,0.350485,0.8,8,10,True,False
NonOverlappingTemplate,NonOverlappingTemplate,False,0.350485,0.8,8,10,True,False,True,0.534146,0.9,9,10,True,True
NonOverlappingTemplate,NonOverlappingTemplate,False,0.350485,0.8,8,10,True,False,True,0.739918,0.9,9,10,True,True
NonOverlappingTemplate,NonOverlappingTemplate,False,0.350485,0.8,8,10,True,False,True,0.534146,0.9,9,10,True,True
NonOverlappingTemplate,NonOverlappingTemplate,False,0.350485,0.8,8,10,True,False,True,0.213309,0.9,9,10,True,True
NonOverlappingTemplate,NonOverlappingTemplate,False,0.350485,0.8,8,10,True,False,True,0.739918,0.9,9,10,True,True
NonOverlappingTemplate,NonOverlappingTemplate,False,0.350485,0.8,8,10,True,False,True,0.739918,0.9,9,10,True,True
NonOverlappingTemplate,NonOverlappingTemplate,False,0.350485,0.8,8,10,True,False,True,0.534146,0.9,9,10,True,True
NonOverlappingTemplate,NonOverlappingTemplate,False,0.350485,0.8,8,10,True,False,True,0.213309,0.9,9,10,True,True
NonOverlappingTemplate,NonOverlappingTemplate,False,0.350485,0.8,8,10,True,False,True,0.534146,0.9,9,10,True,True
NonOverlappingTemplate,NonOverlappingTemplate,False,0.350485,0.8,8,10,True,False,False,0.350485,0.7,7,10,True,False
NonOverlappingTemplate,NonOverlappingTemplate,False,0.350485,0.8,8,10,True,False,True,0.911413,0.9,9,10,True,True
NonOverlappingTemplate,NonOverlappingTemplate,False,0.350485,0.8,8,10,True,False,True,0.534146,0.9,9,10,True,True
NonOverlappingTemplate,NonOverlappingTemplate,False,0.350485,0.8,8,10,True,False,True,0.350485,0.9,9,10,True,True
NonOverlappingTemplate,NonOverlappingTemplate,False,0.350485,0.8,8,10,True,False,False,0.911413,0.8,8,10,True,False
NonOverlappingTemplate,NonOverlappingTemplate,False,0.350485,0.8,8,10,True,False,True,0.350485,0.9,9,10,True,True
NonOverlappingTemplate,NonOverlappingTemplate,False,0.350485,0.8,8,10,True,False,True,0.066882,0.9,9,10,True,True
NonOverlappingTemplate,NonOverlappingTemplate,False,0.350485,0.8,8,10,True,False,True,0.350485,0.9,9,10,True,True
NonOverlappingTemplate,NonOverlappingTemplate,False,0.350485,0.8,8,10,True,False,True,0.534146,0.9,9,10,True,True
NonOverlappingTemplate,NonOverlappingTemplate,False,0.350485,0.8,8,10,True,False,True,0.350485,0.9,9,10,True,True
NonOverlappingTemplate,NonOverlappingTemplate,False,0.350485,0.8,8,10,True,False,True,0.534146,0.9,9,10,True,True
NonOverlappingTemplate,NonOverlappingTemplate,False,0.350485,0.8,8,10,True,False,True,0.122325,0.9,9,10,True,True
NonOverlappingTemplate,NonOverlappingTemplate,False,0.350485,0.8,8,10,True,False,True,0.534146,0.9,9,10,True,True
NonOverlappingTemplate,NonOverlappingTemplate,False,0.350485,0.8,8,10,True,False,True,0.739918,0.9,9,10,True,True
NonOverlappingTemplate,NonOverlappingTemplate,False,0.350485,0.8,8,10,True,False,True,0.534146,0.9,9,10,True,True
NonOverlappingTemplate,NonOverlappingTemplate,False,0.350485,0.8,8,10,True,False,True,0.739918,0.9,9,10,True,True
NonOverlappingTemplate,NonOverlappingTemplate,False,0.350485,0.8,8,10,True,False,True,0.911413,0.9,9,10,True,True
NonOverlappingTemplate,NonOverlappingTemplate,False,0.350485,0.8,8,10,True,False,True,0.350485,0.9,9,10,True,True
NonOverlappingTemplate,NonOverlappingTemplate,False,0.350485,0.8,8,10,True,False,True,0.066882,0.9,9,10,True,True
NonOverlappingTemplate,NonOverlappingTemplate,False,0.350485,0.8,8,10,True,False,True,0.911413,0.9,9,10,True,True
NonOverlappingTemplate,NonOverlappingTemplate,False,0.350485,0.8,8,10,True,False,True,0.911413,0.9,9,10,True,True
NonOverlappingTemplate,NonOverlappingTemplate,False,0.350485,0.8,8,10,True,False,True,0.739918,0.9,9,10,True,True
NonOverlappingTemplate,NonOverlappingTemplate,False,0.350485,0.8,8,10,True,False,True,0.213309,0.9,9,10,True,True
NonOverlappingTemplate,NonOverlappingTemplate,False,0.350485,0.8,8,10,True,False,True,0.213309,0.9,9,10,True,True
NonOverlappingTemplate,NonOverlappingTemplate,False,0.350485,0.8,8,10,True,False,False,0.350485,0.7,7,10,True,False
NonOverlappingTemplate,NonOverlappingTemplate,False,0.350485,0.8,8,10,True,False,True,0.991468,0.9,9,10,True,True
NonOverlappingTemplate,NonOverlappingTemplate,False,0.350485,0.8,8,10,True,False,True,0.739918,0.9,9,10,True,True
NonOverlappingTemplate,NonOverlappingTemplate,False,0.350485,0.8,8,10,True,False,False,0.534146,0.8,8,10,True,False
NonOverlappingTemplate,NonOverlappingTemplate,False,0.350485,0.8,8,10,True,False,True,0.739918,0.9,9,10,True,True
NonOverlappingTemplate,NonOverlappingTemplate,False,0.350485,0.8,8,10,True,False,True,0.534146,0.9,9,10,True,True
NonOverlappingTemplate,NonOverlappingTemplate,False,0.350485,0.8,8,10,True,False,True,0.350485,0.9,9,10,True,True
NonOverlappingTemplate,NonOverlappingTemplate,False,0.350485,0.8,8,10,True,False,True,0.534146,0.9,9,10,True,True
NonOverlappingTemplate,NonOverlappingTemplate,False,0.350485,0.8,8,10,True,False,True,0.534146,0.9,9,10,True,True
NonOverlappingTemplate,NonOverlappingTemplate,False,0.350485,0.8,8,10,True,False,True,0.739918,0.9,9,10,True,True
NonOverlappingTemplate,NonOverlappingTemplate,False,0.350485,0.8,8,10,True,False,True,0.739918,0.9,9,10,True,True
NonOverlappingTemplate,NonOverlappingTemplate,False,0.350485,0.8,8,10,True,False,True,0.350485,0.9,9,10,True,True
NonOverlappingTemplate,NonOverlappingTemplate,False,0.350485,0.8,8,10,True,False,True,0.534146,0.9,9,10,True,True
NonOverlappingTemplate,NonOverlappingTemplate,False,0.350485,0.8,8,10,True,False,True,0.213309,0.9,9,10,True,True
NonOverlappingTemplate,NonOverlappingTemplate,False,0.350485,0.8,8,10,True,False,True,0.534146,0.9,9,10,True,True
NonOverlappingTemplate,NonOverlappingTemplate,False,0.350485,0.8,8,10,True,False,True,0.213309,0.9,9,10,True,True
NonOverlappingTemplate,NonOverlappingTemplate,False,0.350485,0.8,8,10,True,False,True,0.350485,0.9,9,10,True,True
NonOverlappingTemplate,NonOverlappingTemplate,False,0.350485,0.8,8,10,True,False,True,0.350485,0.9,9,10,True,True
NonOverlappingTemplate,NonOverlappingTemplate,False,0.350485,0.8,8,10,True,False,True,0.350485,0.9,9,10,True,True
NonOverlappingTemplate,NonOverlappingTemplate,False,0.350485,0.8,8,10,True,False,True,0.122325,0.9,9,10,True,True
NonOverlappingTemplate,NonOverlappingTemplate,False,0.350485,0.8,8,10,True,False,True,0.534146,0.9,9,10,True,True
NonOverlappingTemplate,NonOverlappingTemplate,False,0.350485,0.8,8,10,True,False,True,0.739918,0.9,9,10,True,True
NonOverlappingTemplate,NonOverlappingTemplate,False,0.350485,0.8,8,10,True,False,True,0.213309,0.9,9,10,True,True
NonOverlappingTemplate,NonOverlappingTemplate,False,0.350485,0.8,8,10,True,False,False,0.534146,0.8,8,10,True,False
NonOverlappingTemplate,NonOverlappingTemplate,False,0.350485,0.8,8,10,True,False,True,0.122325,0.9,9,10,True,True
NonOverlappingTemplate,NonOverlappingTemplate,False,0.350485,0.8,8,10,True,False,True,0.350485,0.9,9,10,True,True
NonOverlappingTemplate,NonOverlappingTemplate,False,0.350485,0.8,8,10,True,False,True,0.534146,0.9,9,10,True,True
NonOverlappingTemplate,NonOverlappingTemplate,False,0.350485,0.8,8,10,True,False,True,0.911413,0.9,9,10,True,True
NonOverlappingTemplate,NonOverlappingTemplate,False,0.350485,0.8,8,10,True,False,True,0.739918,0.9,9,10,True,True
NonOverlappingTemplate,NonOverlappingTemplate,False,0.350485,0.8,8,10,True,False,True,0.739918,0.9,9,10,True,True
NonOverlappingTemplate,NonOverlappingTemplate,False,0.350485,0.8,8,10,True,False,True,0.534146,0.9,9,10,True,True
NonOverlappingTemplate,NonOverlappingTemplate,False,0.350485,0.8,8,10,True,False,True,0.350485,0.9,9,10,True,True
NonOverlappingTemplate,NonOverlappingTemplate,False,0.350485,0.8,8,10,True,False,True,0.739918,0.9,9,10,True,True
NonOverlappingTemplate,NonOverlappingTemplate,False,0.350485,0.8,8,10,True,False,True,0.122325,0.9,9,10,True,True
NonOverlappingTemplate,NonOverlappingTemplate,False,0.350485,0.8,8,10,True,False,True,0.350485,0.9,9,10,True,True
NonOverlappingTemplate,NonOverlappingTemplate,False,0.350485,0.8,8,10,True,False,True,0.739918,0.9,9,10,True,True
NonOverlappingTemplate,NonOverlappingTemplate,False,0.350485,0.8,8,10,True,False,True,0.350485,0.9,9,10,True,True
NonOverlappingTemplate,NonOverlappingTemplate,False,0.350485,0.8,8,10,True,False,False,0.122325,0.8,8,10,True,False
NonOverlappingTemplate,NonOverlappingTemplate,False,0.350485,0.8,8,10,True,False,False,0.534146,0.8,8,10,True,False
NonOverlappingTemplate,NonOverlappingTemplate,False,0.350485,0.8,8,10,True,False,True,0.739918,0.9,9,10,True,True
NonOverlappingTemplate,NonOverlappingTemplate,False,0.350485,0.8,8,10,True,False,True,0.534146,0.9,9,10,True,True
NonOverlappingTemplate,NonOverlappingTemplate,False,0.350485,0.8,8,10,True,False,True,0.739918,0.9,9,10,True,True
NonOverlappingTemplate,NonOverlappingTemplate,False,0.350485,0.8,8,10,True,False,False,0.122325,0.8,8,10,True,False
NonOverlappingTemplate,NonOverlappingTemplate,False,0.350485,0.8,8,10,True,False,True,0.213309,0.9,9,10,True,True
NonOverlappingTemplate,NonOverlappingTemplate,False,0.350485,0.8,8,10,True,False,True,0.911413,0.9,9,10,True,True
NonOverlappingTemplate,NonOverlappingTemplate,False,0.350485,0.8,8,10,True,False,True,0.739918,0.9,9,10,True,True
NonOverlappingTemplate,NonOverlappingTemplate,False,0.350485,0.8,8,10,True,False,True,0.350485,0.9,9,10,True,True
NonOverlappingTemplate,NonOverlappingTemplate,False,0.350485,0.8,8,10,True,False,True,0.350485,0.9,9,10,True,True
NonOverlappingTemplate,NonOverlappingTemplate,False,0.350485,0.8,8,10,True,False,True,0.534146,0.9,9,10,True,True
NonOverlappingTemplate,NonOverlappingTemplate,False,0.350485,0.8,8,10,True,False,True,0.739918,0.9,9,10,True,True
NonOverlappingTemplate,NonOverlappingTemplate,False,0.350485,0.8,8,10,True,False,True,0.534146,0.9,9,10,True,True
NonOverlappingTemplate,NonOverlappingTemplate,False,0.350485,0.8,8,10,True,False,True,0.991468,0.9,9,10,True,True
NonOverlappingTemplate,NonOverlappingTemplate,False,0.350485,0.8,8,10,True,False,True,0.350485,0.9,9,10,True,True
NonOverlappingTemplate,NonOverlappingTemplate,False,0.350485,0.8,8,10,True,False,True,0.911413,0.9,9,10,True,True
NonOverlappingTemplate,NonOverlappingTemplate,False,0.350485,0.8,8,10,True,False,True,0.350485,0.9,9,10,True,True
NonOverlappingTemplate,NonOverlappingTemplate,False,0.350485,0.8,8,10,True,False,True,0.534146,0.9,9,10,True,True
NonOverlappingTemplate,NonOverlappingTemplate,False,0.350485,0.8,8,10,True,False,True,0.534146,0.9,9,10,True,True
NonOverlappingTemplate,NonOverlappingTemplate,False,0.350485,0.8,8,10,True,False,True,0.350485,0.9,9,10,True,True
NonOverlappingTemplate,NonOverlappingTemplate,False,0.350485,0.8,8,10,True,False,True,0.534146,0.9,9,10,True,True
NonOverlappingTemplate,NonOverlappingTemplate,False,0.350485,0.8,8,10,True,False,True,0.739918,0.9,9,10,True,True
NonOverlappingTemplate,NonOverlappingTemplate,False,0.350485,0.8,8,10,True,False,False,0.911413,0.8,8,10,True,False
NonOverlappingTemplate,NonOverlappingTemplate,False,0.350485,0.8,8,10,True,False,True,0.534146,0.9,9,10,True,True
NonOverlappingTemplate,NonOverlappingTemplate,False,0.350485,0.8,8,10,True,False,True,0.534146,0.9,9,10,True,True
NonOverlappingTemplate,NonOverlappingTemplate,False,0.350485,0.8,8,10,True,False,True,0.122325,0.9,9,10,True,True
NonOverlappingTemplate,NonOverlappingTemplate,False,0.350485,0.8,8,10,True,False,True,0.350485,0.9,9,10,True,True
NonOverlappingTemplate,NonOverlappingTemplate,False,0.350485,0.8,8,10,True,False,True,0.534146,0.9,9,10,True,True
NonOverlappingTemplate,NonOverlappingTemplate,False,0.350485,0.8,8,10,True,False,True,0.122325,0.9,9,10,True,True
NonOverlappingTemplate,NonOverlappingTemplate,False,0.350485,0.8,8,10,True,False,True,0.534146,0.9,9,10,True,True
NonOverlappingTemplate,NonOverlappingTemplate,False,0.350485,0.8,8,10,True,False,True,0.739918,0.9,9,10,True,True
NonOverlappingTemplate,NonOverlappingTemplate,False,0.350485,0.8,8,10,True,False,False,0.350485,0.8,8,10,True,False
NonOverlappingTemplate,NonOverlappingTemplate,False,0.350485,0.8,8,10,True,False,True,0.534146,0.9,9,10,True,True
NonOverlappingTemplate,NonOverlappingTemplate,False,0.350485,0.8,8,10,True,False,True,0.739918,0.9,9,10,True,True
NonOverlappingTemplate,NonOverlappingTemplate,False,0.350485,0.8,8,10,True,False,True,0.534146,0.9,9,10,True,True
NonOverlappingTemplate,NonOverlappingTemplate,False,0.350485,0.8,8,10,True,False,True,0.534146,0.9,9,10,True,True
NonOverlappingTemplate,NonOverlappingTemplate,False,0.350485,0.8,8,10,True,False,True,0.213309,0.9,9,10,True,True
NonOverlappingTemplate,NonOverlappingTemplate,False,0.350485,0.8,8,10,True,False,True,0.534146,0.9,9,10,True,True
NonOverlappingTemplate,NonOverlappingTemplate,False,0.350485,0.8,8,10,True,False,True,0.739918,0.9,9,10,True,True
NonOverlappingTemplate,NonOverlappingTemplate,False,0.350485,0.8,8,10,True,False,True,0.991468,0.9,9,10,True,True
NonOverlappingTemplate,NonOverlappingTemplate,False,0.350485,0.8,8,10,True,False,True,0.739918,0.9,9,10,True,True
NonOverlappingTemplate,NonOverlappingTemplate,False,0.350485,0.8,8,10,True,False,True,0.534146,0.9,9,10,True,True
NonOverlappingTemplate,NonOverlappingTemplate,True,0.911413,0.9,9,10,True,True,False,0.534146,0.8,8,10,True,False
NonOverlappingTemplate,NonOverlappingTemplate,True,0.911413,0.9,9,10,True,True,False,0.534146,0.8,8,10,True,False
NonOverlappingTemplate,NonOverlappingTemplate,True,0.911413,0.9,9,10,True,True,False,0.035174,0.8,8,10,True,False
NonOverlappingTemplate,NonOverlappingTemplate,True,0.911413,0.9,9,10,True,True,False,0.350485,0.8,8,10,True,False
NonOverlappingTemplate,NonOverlappingTemplate,True,0.911413,0.9,9,10,True,True,False,0.350485,0.8,8,10,True,False
NonOverlappingTemplate,NonOverlappingTemplate,True,0.911413,0.9,9,10,True,True,False,0.350485,0.7,7,10,True,False
NonOverlappingTemplate,NonOverlappingTemplate,True,0.911413,0.9,9,10,True,True,False,0.911413,0.8,8,10,True,False
NonOverlappingTemplate,NonOverlappingTemplate,True,0.911413,0.9,9,10,True,True,False,0.350485,0.7,7,10,True,False
NonOverlappingTemplate,NonOverlappingTemplate,True,0.911413,0.9,9,10,True,True,False,0.534146,0.8,8,10,True,False
NonOverlappingTemplate,NonOverlappingTemplate,True,0.911413,0.9,9,10,True,True,False,0.534146,0.8,8,10,True,False
NonOverlappingTemplate,NonOverlappingTemplate,True,0.911413,0.9,9,10,True,True,False,0.122325,0.8,8,10,True,False
NonOverlappingTemplate,NonOverlappingTemplate,True,0.911413,0.9,9,10,True,True,False,0.534146,0.8,8,10,True,False
NonOverlappingTemplate,NonOverlappingTemplate,True,0.911413,0.9,9,10,True,True,False,0.122325,0.8,8,10,True,False
NonOverlappingTemplate,NonOverlappingTemplate,True,0.911413,0.9,9,10,True,True,False,0.911413,0.8,8,10,True,False
NonOverlappingTemplate,NonOverlappingTemplate,True,0.911413,0.9,9,10,True,True,False,0.350485,0.8,8,10,True,False
NonOverlappingTemplate,NonOverlappingTemplate,False,0.534146,0.8,8,10,True,False,True,0.534146,0.9,9,10,True,True
NonOverlappingTemplate,NonOverlappingTemplate,False,0.534146,0.8,8,10,True,False,True,0.350485,0.9,9,10,True,True
NonOverlappingTemplate,NonOverlappingTemplate,False,0.534146,0.8,8,10,True,False,True,0.534146,0.9,9,10,True,True
NonOverlappingTemplate,NonOverlappingTemplate,False,0.534146,0.8,8,10,True,False,True,0.213309,0.9,9,10,True,True
NonOverlappingTemplate,NonOverlappingTemplate,False,0.534146,0.8,8,10,True,False,True,0.534146,0.9,9,10,True,True
NonOverlappingTemplate,NonOverlappingTemplate,False,0.534146,0.8,8,10,True,False,True,0.739918,0.9,9,10,True,True
NonOverlappingTemplate,NonOverlappingTemplate,False,0.534146,0.8,8,10,True,False,True,0.350485,0.9,9,10,True,True
NonOverlappingTemplate,NonOverlappingTemplate,False,0.534146,0.8,8,10,True,False,True,0.534146,0.9,9,10,True,True
NonOverlappingTemplate,NonOverlappingTemplate,False,0.534146,0.8,8,10,True,False,True,0.350485,0.9,9,10,True,True
NonOverlappingTemplate,NonOverlappingTemplate,False,0.534146,0.8,8,10,True,False,True,0.534146,0.9,9,10,True,True
NonOverlappingTemplate,NonOverlappingTemplate,False,0.534146,0.8,8,10,True,False,True,0.122325,0.9,9,10,True,True
NonOverlappingTemplate,NonOverlappingTemplate,False,0.534146,0.8,8,10,True,False,True,0.122325,0.9,9,10,True,True
NonOverlappingTemplate,NonOverlappingTemplate,False,0.534146,0.8,8,10,True,False,False,0.534146,0.8,8,10,True,False
NonOverlappingTemplate,NonOverlappingTemplate,False,0.534146,0.8,8,10,True,False,True,0.122325,0.9,9,10,True,True
NonOverlappingTemplate,NonOverlappingTemplate,False,0.534146,0.8,8,10,True,False,True,0.350485,0.9,9,10,True,True
NonOverlappingTemplate,NonOverlappingTemplate,False,0.534146,0.8,8,10,True,False,True,0.739918,0.9,9,10,True,True
NonOverlappingTemplate,NonOverlappingTemplate,False,0.534146,0.8,8,10,True,False,True,0.739918,0.9,9,10,True,True
NonOverlappingTemplate,NonOverlappingTemplate,False,0.534146,0.8,8,10,True,False,False,0.534146,0.8,8,10,True,False
NonOverlappingTemplate,NonOverlappingTemplate,False,0.534146,0.8,8,10,True,False,True,0.739918,0.9,9,10,True,True
NonOverlappingTemplate,NonOverlappingTemplate,False,0.534146,0.8,8,10,True,False,True,0.350485,0.9,9,10,True,True
NonOverlappingTemplate,NonOverlappingTemplate,False,0.534146,0.8,8,10,True,False,True,0.739918,0.9,9,10,True,True
NonOverlappingTemplate,NonOverlappingTemplate,False,0.534146,0.8,8,10,True,False,True,0.534146,0.9,9,10,True,True
NonOverlappingTemplate,NonOverlappingTemplate,False,0.534146,0.8,8,10,True,False,False,0.035174,0.8,8,10,True,False
NonOverlappingTemplate,NonOverlappingTemplate,False,0.534146,0.8,8,10,True,False,True,0.739918,0.9,9,10,True,True
NonOverlappingTemplate,NonOverlappingTemplate,False,0.534146,0.8,8,10,True,False,True,0.739918,0.9,9,10,True,True
NonOverlappingTemplate,NonOverlappingTemplate,False,0.534146,0.8,8,10,True,False,True,0.739918,0.9,9,10,True,True
NonOverlappingTemplate,NonOverlappingTemplate,False,0.534146,0.8,8,10,True,False,True,0.534146,0.9,9,10,True,True
NonOverlappingTemplate,NonOverlappingTemplate,False,0.534146,0.8,8,10,True,False,False,0.350485,0.8,8,10,True,False
NonOverlappingTemplate,NonOverlappingTemplate,False,0.534146,0.8,8,10,True,False,True,0.213309,0.9,9,10,True,True
NonOverlappingTemplate,NonOverlappingTemplate,False,0.534146,0.8,8,10,True,False,True,0.534146,0.9,9,10,True,True
NonOverlappingTemplate,NonOverlappingTemplate,False,0.534146,0.8,8,10,True,False,True,0.213309,0.9,9,10,True,True
NonOverlappingTemplate,NonOverlappingTemplate,False,0.534146,0.8,8,10,True,False,True,0.739918,0.9,9,10,True,True
NonOverlappingTemplate,NonOverlappingTemplate,False,0.534146,0.8,8,10,True,False,True,0.739918,0.9,9,10,True,True
NonOverlappingTemplate,NonOverlappingTemplate,False,0.534146,0.8,8,10,True,False,True,0.035174,0.9,9,10,True,True
NonOverlappingTemplate,NonOverlappingTemplate,False,0.534146,0.8,8,10,True,False,False,0.350485,0.8,8,10,True,False
NonOverlappingTemplate,NonOverlappingTemplate,False,0.534146,0.8,8,10,True,False,True,0.534146,0.9,9,10,True,True
NonOverlappingTemplate,NonOverlappingTemplate,False,0.534146,0.8,8,10,True,False,True,0.739918,0.9,9,10,True,True
NonOverlappingTemplate,NonOverlappingTemplate,False,0.534146,0.8,8,10,True,False,True,0.534146,0.9,9,10,True,True
NonOverlappingTemplate,NonOverlappingTemplate,False,0.534146,0.8,8,10,True,False,True,0.213309,0.9,9,10,True,True
NonOverlappingTemplate,NonOverlappingTemplate,False,0.534146,0.8,8,10,True,False,True,0.739918,0.9,9,10,True,True
NonOverlappingTemplate,NonOverlappingTemplate,False,0.534146,0.8,8,10,True,False,True,0.739918,0.9,9,10,True,True
NonOverlappingTemplate,NonOverlappingTemplate,False,0.534146,0.8,8,10,True,False,True,0.534146,0.9,9,10,True,True
NonOverlappingTemplate,NonOverlappingTemplate,False,0.534146,0.8,8,10,True,False,True,0.213309,0.9,9,10,True,True
NonOverlappingTemplate,NonOverlappingTemplate,False,0.534146,0.8,8,10,True,False,True,0.534146,0.9,9,10,True,True
NonOverlappingTemplate,NonOverlappingTemplate,False,0.534146,0.8,8,10,True,False,False,0.350485,0.7,7,10,True,False
NonOverlappingTemplate,NonOverlappingTemplate,False,0.534146,0.8,8,10,True,False,True,0.911413,0.9,9,10,True,True
NonOverlappingTemplate,NonOverlappingTemplate,False,0.534146,0.8,8,10,True,False,True,0.534146,0.9,9,10,True,True
NonOverlappingTemplate,NonOverlappingTemplate,False,0.534146,0.8,8,10,True,False,True,0.350485,0.9,9,10,True,True
NonOverlappingTemplate,NonOverlappingTemplate,False,0.534146,0.8,8,10,True,False,False,0.911413,0.8,8,10,True,False
NonOverlappingTemplate,NonOverlappingTemplate,False,0.534146,0.8,8,10,True,False,True,0.350485,0.9,9,10,True,True
NonOverlappingTemplate,NonOverlappingTemplate,False,0.534146,0.8,8,10,True,False,True,0.066882,0.9,9,10,True,True
NonOverlappingTemplate,NonOverlappingTemplate,False,0.534146,0.8,8,10,True,False,True,0.350485,0.9,9,10,True,True
NonOverlappingTemplate,NonOverlappingTemplate,False,0.534146,0.8,8,10,True,False,True,0.534146,0.9,9,10,True,True
NonOverlappingTemplate,NonOverlappingTemplate,False,0.534146,0.8,8,10,True,False,True,0.350485,0.9,9,10,True,True
NonOverlappingTemplate,NonOverlappingTemplate,False,0.534146,0.8,8,10,True,False,True,0.534146,0.9,9,10,True,True
NonOverlappingTemplate,NonOverlappingTemplate,False,0.534146,0.8,8,10,True,False,True,0.122325,0.9,9,10,True,True
NonOverlappingTemplate,NonOverlappingTemplate,False,0.534146,0.8,8,10,True,False,True,0.534146,0.9,9,10,True,True
NonOverlappingTemplate,NonOverlappingTemplate,False,0.534146,0.8,8,10,True,False,True,0.739918,0.9,9,10,True,True
NonOverlappingTemplate,NonOverlappingTemplate,False,0.534146,0.8,8,10,True,False,True,0.534146,0.9,9,10,True,True
NonOverlappingTemplate,NonOverlappingTemplate,False,0.534146,0.8,8,10,True,False,True,0.739918,0.9,9,10,True,True
NonOverlappingTemplate,NonOverlappingTemplate,False,0.534146,0.8,8,10,True,False,True,0.911413,0.9,9,10,True,True
NonOverlappingTemplate,NonOverlappingTemplate,False,0.534146,0.8,8,10,True,False,True,0.350485,0.9,9,10,True,True
NonOverlappingTemplate,NonOverlappingTemplate,False,0.534146,0.8,8,10,True,False,True,0.066882,0.9,9,10,True,True
NonOverlappingTemplate,NonOverlappingTemplate,False,0.534146,0.8,8,10,True,False,True,0.911413,0.9,9,10,True,True
NonOverlappingTemplate,NonOverlappingTemplate,False,0.534146,0.8,8,10,True,False,True,0.911413,0.9,9,10,True,True
NonOverlappingTemplate,NonOverlappingTemplate,False,0.534146,0.8,8,10,True,False,True,0.739918,0.9,9,10,True,True
NonOverlappingTemplate,NonOverlappingTemplate,False,0.534146,0.8,8,10,True,False,True,0.213309,0.9,9,10,True,True
NonOverlappingTemplate,NonOverlappingTemplate,False,0.534146,0.8,8,10,True,False,True,0.213309,0.9,9,10,True,True
NonOverlappingTemplate,NonOverlappingTemplate,False,0.534146,0.8,8,10,True,False,False,0.350485,0.7,7,10,True,False
NonOverlappingTemplate,NonOverlappingTemplate,False,0.534146,0.8,8,10,True,False,True,0.991468,0.9,9,10,True,True
NonOverlappingTemplate,NonOverlappingTemplate,False,0.534146,0.8,8,10,True,False,True,0.739918,0.9,9,10,True,True
NonOverlappingTemplate,NonOverlappingTemplate,False,0.534146,0.8,8,10,True,False,False,0.534146,0.8,8,10,True,False
NonOverlappingTemplate,NonOverlappingTemplate,False,0.534146,0.8,8,10,True,False,True,0.739918,0.9,9,10,True,True
NonOverlappingTemplate,NonOverlappingTemplate,False,0.534146,0.8,8,10,True,False,True,0.534146,0.9,9,10,True,True
NonOverlappingTemplate,NonOverlappingTemplate,False,0.534146,0.8,8,10,True,False,True,0.350485,0.9,9,10,True,True
NonOverlappingTemplate,NonOverlappingTemplate,False,0.534146,0.8,8,10,True,False,True,0.534146,0.9,9,10,True,True
NonOverlappingTemplate,NonOverlappingTemplate,False,0.534146,0.8,8,10,True,False,True,0.534146,0.9,9,10,True,True
NonOverlappingTemplate,NonOverlappingTemplate,False,0.534146,0.8,8,10,True,False,True,0.739918,0.9,9,10,True,True
NonOverlappingTemplate,NonOverlappingTemplate,False,0.534146,0.8,8,10,True,False,True,0.739918,0.9,9,10,True,True
NonOverlappingTemplate,NonOverlappingTemplate,False,0.534146,0.8,8,10,True,False,True,0.350485,0.9,9,10,True,True
NonOverlappingTemplate,NonOverlappingTemplate,False,0.534146,0.8,8,10,True,False,True,0.534146,0.9,9,10,True,True
NonOverlappingTemplate,NonOverlappingTemplate,False,0.534146,0.8,8,10,True,False,True,0.213309,0.9,9,10,True,True
NonOverlappingTemplate,NonOverlappingTemplate,False,0.534146,0.8,8,10,True,False,True,0.534146,0.9,9,10,True,True
NonOverlappingTemplate,NonOverlappingTemplate,False,0.534146,0.8,8,10,True,False,True,0.213309,0.9,9,10,True,True
NonOverlappingTemplate,NonOverlappingTemplate,False,0.534146,0.8,8,10,True,False,True,0.350485,0.9,9,10,True,True
NonOverlappingTemplate,NonOverlappingTemplate,False,0.534146,0.8,8,10,True,False,True,0.350485,0.9,9,10,True,True
NonOverlappingTemplate,NonOverlappingTemplate,False,0.534146,0.8,8,10,True,False,True,0.350485,0.9,9,10,True,True
NonOverlappingTemplate,NonOverlappingTemplate,False,0.534146,0.8,8,10,True,False,True,0.122325,0.9,9,10,True,True
NonOverlappingTemplate,NonOverlappingTemplate,False,0.534146,0.8,8,10,True,False,True,0.534146,0.9,9,10,True,True
NonOverlappingTemplate,NonOverlappingTemplate,False,0.534146,0.8,8,10,True,False,True,0.739918,0.9,9,10,True,True
NonOverlappingTemplate,NonOverlappingTemplate,False,0.534146,0.8,8,10,True,False,True,0.213309,0.9,9,10,True,True
NonOverlappingTemplate,NonOverlappingTemplate,False,0.534146,0.8,8,10,True,False,False,0.534146,0.8,8,10,True,False
NonOverlappingTemplate,NonOverlappingTemplate,False,0.534146,0.8,8,10,True,False,True,0.122325,0.9,9,10,True,True
NonOverlappingTemplate,NonOverlappingTemplate,False,0.534146,0.8,8,10,True,False,True,0.350485,0.9,9,10,True,True
NonOverlappingTemplate,NonOverlappingTemplate,False,0.534146,0.8,8,10,True,False,True,0.534146,0.9,9,10,True,True
NonOverlappingTemplate,NonOverlappingTemplate,False,0.534146,0.8,8,10,True,False,True,0.911413,0.9,9,10,True,True
NonOverlappingTemplate,NonOverlappingTemplate,False,0.534146,0.8,8,10,True,False,True,0.739918,0.9,9,10,True,True
NonOverlappingTemplate,NonOverlappingTemplate,False,0.534146,0.8,8,10,True,False,True,0.739918,0.9,9,10,True,True
NonOverlappingTemplate,NonOverlappingTemplate,False,0.534146,0.8,8,10,True,False,True,0.534146,0.9,9,10,True,True
NonOverlappingTemplate,NonOverlappingTemplate,False,0.534146,0.8,8,10,True,False,True,0.350485,0.9,9,10,True,True
NonOverlappingTemplate,NonOverlappingTemplate,False,0.534146,0.8,8,10,True,False,True,0.739918,0.9,9,10,True,True
NonOverlappingTemplate,NonOverlappingTemplate,False,0.534146,0.8,8,10,True,False,True,0.122325,0.9,9,10,True,True
NonOverlappingTemplate,NonOverlappingTemplate,False,0.534146,0.8,8,10,True,False,True,0.350485,0.9,9,10,True,True
NonOverlappingTemplate,NonOverlappingTemplate,False,0.534146,0.8,8,10,True,False,True,0.739918,0.9,9,10,True,True
NonOverlappingTemplate,NonOverlappingTemplate,False,0.534146,0.8,8,10,True,False,True,0.350485,0.9,9,10,True,True
NonOverlappingTemplate,NonOverlappingTemplate,False,0.534146,0.8,8,10,True,False,False,0.122325,0.8,8,10,True,False
NonOverlappingTemplate,NonOverlappingTemplate,False,0.534146,0.8,8,10,True,False,False,0.534146,0.8,8,10,True,False
NonOverlappingTemplate,NonOverlappingTemplate,False,0.534146,0.8,8,10,True,False,True,0.739918,0.9,9,10,True,True
NonOverlappingTemplate,NonOverlappingTemplate,False,0.534146,0.8,8,10,True,False,True,0.534146,0.9,9,10,True,True
NonOverlappingTemplate,NonOverlappingTemplate,False,0.534146,0.8,8,10,True,False,True,0.739918,0.9,9,10,True,True
NonOverlappingTemplate,NonOverlappingTemplate,False,0.534146,0.8,8,10,True,False,False,0.122325,0.8,8,10,True,False
NonOverlappingTemplate,NonOverlappingTemplate,False,0.534146,0.8,8,10,True,False,True,0.213309,0.9,9,10,True,True
NonOverlappingTemplate,NonOverlappingTemplate,False,0.534146,0.8,8,10,True,False,True,0.911413,0.9,9,10,True,True
NonOverlappingTemplate,NonOverlappingTemplate,False,0.534146,0.8,8,10,True,False,True,0.739918,0.9,9,10,True,True
NonOverlappingTemplate,NonOverlappingTemplate,False,0.534146,0.8,8,10,True,False,True,0.350485,0.9,9,10,True,True
NonOverlappingTemplate,NonOverlappingTemplate,False,0.534146,0.8,8,10,True,False,True,0.350485,0.9,9,10,True,True
NonOverlappingTemplate,NonOverlappingTemplate,False,0.534146,0.8,8,10,True,False,True,0.534146,0.9,9,10,True,True
NonOverlappingTemplate,NonOverlappingTemplate,False,0.534146,0.8,8,10,True,False,True,0.739918,0.9,9,10,True,True
NonOverlappingTemplate,NonOverlappingTemplate,False,0.534146,0.8,8,10,True,False,True,0.534146,0.9,9,10,True,True
NonOverlappingTemplate,NonOverlappingTemplate,False,0.534146,0.8,8,10,True,False,True,0.991468,0.9,9,10,True,True
NonOverlappingTemplate,NonOverlappingTemplate,False,0.534146,0.8,8,10,True,False,True,0.350485,0.9,9,10,True,True
NonOverlappingTemplate,NonOverlappingTemplate,False,0.534146,0.8,8,10,True,False,True,0.911413,0.9,9,10,True,True
NonOverlappingTemplate,NonOverlappingTemplate,False,0.534146,0.8,8,10,True,False,True,0.350485,0.9,9,10,True,True
NonOverlappingTemplate,NonOverlappingTemplate,False,0.534146,0.8,8,10,True,False,True,0.534146,0.9,9,10,True,True
NonOverlappingTemplate,NonOverlappingTemplate,False,0.534146,0.8,8,10,True,False,True,0.534146,0.9,9,10,True,True
NonOverlappingTemplate,NonOverlappingTemplate,False,0.534146,0.8,8,10,True,False,True,0.350485,0.9,9,10,True,True
NonOverlappingTemplate,NonOverlappingTemplate,False,0.534146,0.8,8,10,True,False,True,0.534146,0.9,9,10,True,True
NonOverlappingTemplate,NonOverlappingTemplate,False,0.534146,0.8,8,10,True,False,True,0.739918,0.9,9,10,True,True
NonOverlappingTemplate,NonOverlappingTemplate,False,0.534146,0.8,8,10,True,False,False,0.911413,0.8,8,10,True,False
NonOverlappingTemplate,NonOverlappingTemplate,False,0.534146,0.8,8,10,True,False,True,0.534146,0.9,9,10,True,True
NonOverlappingTemplate,NonOverlappingTemplate,False,0.534146,0.8,8,10,True,False,True,0.534146,0.9,9,10,True,True
NonOverlappingTemplate,NonOverlappingTemplate,False,0.534146,0.8,8,10,True,False,True,0.122325,0.9,9,10,True,True
NonOverlappingTemplate,NonOverlappingTemplate,False,0.534146,0.8,8,10,True,False,True,0.350485,0.9,9,10,True,True
NonOverlappingTemplate,NonOverlappingTemplate,False,0.534146,0.8,8,10,True,False,True,0.534146,0.9,9,10,True,True
NonOverlappingTemplate,NonOverlappingTemplate,False,0.534146,0.8,8,10,True,False,True,0.122325,0.9,9,10,True,True
NonOverlappingTemplate,NonOverlappingTemplate,False,0.534146,0.8,8,10,True,False,True,0.534146,0.9,9,10,True,True
NonOverlappingTemplate,NonOverlappingTemplate,False,0.534146,0.8,8,10,True,False,True,0.739918,0.9,9,10,True,True
NonOverlappingTemplate,NonOverlappingTemplate,False,0.534146,0.8,8,10,True,False,False,0.350485,0.8,8,10,True,False
NonOverlappingTemplate,NonOverlappingTemplate,False,0.534146,0.8,8,10,True,False,True,0.534146,0.9,9,10,True,True
NonOverlappingTemplate,NonOverlappingTemplate,False,0.534146,0.8,8,10,True,False,True,0.739918,0.9,9,10,True,True
NonOverlappingTemplate,NonOverlappingTemplate,False,0.534146,0.8,8,10,True,False,True,0.534146,0.9,9,10,True,True
NonOverlappingTemplate,NonOverlappingTemplate,False,0.534146,0.8,8,10,True,False,True,0.534146,0.9,9,10,True,True
NonOverlappingTemplate,NonOverlappingTemplate,False,0.534146,0.8,8,10,True,False,True,0.213309,0.9,9,10,True,True
NonOverlappingTemplate,NonOverlappingTemplate,False,0.534146,0.8,8,10,True,False,True,0.534146,0.9,9,10,True,True
NonOverlappingTemplate,NonOverlappingTemplate,False,0.534146,0.8,8,10,True,False,True,0.739918,0.9,9,10,True,True
NonOverlappingTemplate,NonOverlappingTemplate,False,0.534146,0.8,8,10,True,False,True,0.991468,0.9,9,10,True,True
NonOverlappingTemplate,NonOverlappingTemplate,False,0.534146,0.8,8,10,True,False,True,0.739918,0.9,9,10,True,True
NonOverlappingTemplate,NonOverlappingTemplate,False,0.534146,0.8,8,10,True,False,True,0.534146,0.9,9,10,True,True
NonOverlappingTemplate,NonOverlappingTemplate,True,0.534146,0.9,9,10,True,True,False,0.534146,0.8,8,10,True,False
NonOverlappingTemplate,NonOverlappingTemplate,True,0.534146,0.9,9,10,True,True,False,0.534146,0.8,8,10,True,False
NonOverlappingTemplate,NonOverlappingTemplate,True,0.534146,0.9,9,10,True,True,False,0.035174,0.8,8,10,True,False
NonOverlappingTemplate,NonOverlappingTemplate,True,0.534146,0.9,9,10,True,True,False,0.350485,0.8,8,10,True,False
NonOverlappingTemplate,NonOverlappingTemplate,True,0.534146,0.9,9,10,True,True,False,0.350485,0.8,8,10,True,False
NonOverlappingTemplate,NonOverlappingTemplate,True,0.534146,0.9,9,10,True,True,False,0.350485,0.7,7,10,True,False
NonOverlappingTemplate,NonOverlappingTemplate,True,0.534146,0.9,9,10,True,True,False,0.911413,0.8,8,10,True,False
NonOverlappingTemplate,NonOverlappingTemplate,True,0.534146,0.9,9,10,True,True,False,0.350485,0.7,7,10,True,False
NonOverlappingTemplate,NonOverlappingTemplate,True,0.534146,0.9,9,10,True,True,False,0.534146,0.8,8,10,True,False
NonOverlappingTemplate,NonOverlappingTemplate,True,0.534146,0.9,9,10,True,True,False,0.534146,0.8,8,10,True,False
NonOverlappingTemplate,NonOverlappingTemplate,True,0.534146,0.9,9,10,True,True,False,0.122325,0.8,8,10,True,False
NonOverlappingTemplate,NonOverlappingTemplate,True,0.534146,0.9,9,10,True,True,False,0.534146,0.8,8,10,True,False
NonOverlappingTemplate,NonOverlappingTemplate,True,0.534146,0.9,9,10,True,True,False,0.122325,0.8,8,10,True,False
NonOverlappingTemplate,NonOverlappingTemplate,True,0.534146,0.9,9,10,True,True,False,0.911413,0.8,8,10,True,False
NonOverlappingTemplate,NonOverlappingTemplate,True,0.534146,0.9,9,10,True,True,False,0.350485,0.8,8,10,True,False
NonOverlappingTemplate,NonOverlappingTemplate,True,0.534146,0.9,9,10,True,True,False,0.534146,0.8,8,10,True,False
NonOverlappingTemplate,NonOverlappingTemplate,True,0.534146,0.9,9,10,True,True,False,0.534146,0.8,8,10,True,False
NonOverlappingTemplate,NonOverlappingTemplate,True,0.534146,0.9,9,10,True,True,False,0.035174,0.8,8,10,True,False
NonOverlappingTemplate,NonOverlappingTemplate,True,0.534146,0.9,9,10,True,True,False,0.350485,0.8,8,10,True,False
NonOverlappingTemplate,NonOverlappingTemplate,True,0.534146,0.9,9,10,True,True,False,0.350485,0.8,8,10,True,False
NonOverlappingTemplate,NonOverlappingTemplate,True,0.534146,0.9,9,10,True,True,False,0.350485,0.7,7,10,True,False
NonOverlappingTemplate,NonOverlappingTemplate,True,0.534146,0.9,9,10,True,True,False,0.911413,0.8,8,10,True,False
NonOverlappingTemplate,NonOverlappingTemplate,True,0.534146,0.9,9,10,True,True,False,0.350485,0.7,7,10,True,False
NonOverlappingTemplate,NonOverlappingTemplate,True,0.534146,0.9,9,10,True,True,False,0.534146,0.8,8,10,True,False
NonOverlappingTemplate,NonOverlappingTemplate,True,0.534146,0.9,9,10,True,True,False,0.534146,0.8,8,10,True,False
NonOverlappingTemplate,NonOverlappingTemplate,True,0.534146,0.9,9,10,True,True,False,0.122325,0.8,8,10,True,False
NonOverlappingTemplate,NonOverlappingTemplate,True,0.534146,0.9,9,10,True,True,False,0.534146,0.8,8,10,True,False
NonOverlappingTemplate,NonOverlappingTemplate,True,0.534146,0.9,9,10,True,True,False,0.122325,0.8,8,10,True,False
NonOverlappingTemplate,NonOverlappingTemplate,True,0.534146,0.9,9,10,True,True,False,0.911413,0.8,8,10,True,False
NonOverlappingTemplate,NonOverlappingTemplate,True,0.534146,0.9,9,10,True,True,False,0.350485,0.8,8,10,True,False
NonOverlappingTemplate,NonOverlappingTemplate,True,0.911413,0.9,9,10,True,True,False,0.534146,0.8,8,10,True,False
NonOverlappingTemplate,NonOverlappingTemplate,True,0.911413,0.9,9,10,True,True,False,0.534146,0.8,8,10,True,False
NonOverlappingTemplate,NonOverlappingTemplate,True,0.911413,0.9,9,10,True,True,False,0.035174,0.8,8,10,True,False
NonOverlappingTemplate,NonOverlappingTemplate,True,0.911413,0.9,9,10,True,True,False,0.350485,0.8,8,10,True,False
NonOverlappingTemplate,NonOverlappingTemplate,True,0.911413,0.9,9,10,True,True,False,0.350485,0.8,8,10,True,False
NonOverlappingTemplate,NonOverlappingTemplate,True,0.911413,0.9,9,10,True,True,False,0.350485,0.7,7,10,True,False
NonOverlappingTemplate,NonOverlappingTemplate,True,0.911413,0.9,9,10,True,True,False,0.911413,0.8,8,10,True,False
NonOverlappingTemplate,NonOverlappingTemplate,True,0.911413,0.9,9,10,True,True,False,0.350485,0.7,7,10,True,False
NonOverlappingTemplate,NonOverlappingTemplate,True,0.911413,0.9,9,10,True,True,False,0.534146,0.8,8,10,True,False
NonOverlappingTemplate,NonOverlappingTemplate,True,0.911413,0.9,9,10,True,True,False,0.534146,0.8,8,10,True,False
NonOverlappingTemplate,NonOverlappingTemplate,True,0.911413,0.9,9,10,True,True,False,0.122325,0.8,8,10,True,False
NonOverlappingTemplate,NonOverlappingTemplate,True,0.911413,0.9,9,10,True,True,False,0.534146,0.8,8,10,True,False
NonOverlappingTemplate,NonOverlappingTemplate,True,0.911413,0.9,9,10,True,True,False,0.122325,0.8,8,10,True,False
NonOverlappingTemplate,NonOverlappingTemplate,True,0.911413,0.9,9,10,True,True,False,0.911413,0.8,8,10,True,False
NonOverlappingTemplate,NonOverlappingTemplate,True,0.911413,0.9,9,10,True,True,False,0.350485,0.8,8,10,True,False
NonOverlappingTemplate,NonOverlappingTemplate,True,0.911413,0.9,9,10,True,True,False,0.534146,0.8,8,10,True,False
NonOverlappingTemplate,NonOverlappingTemplate,True,0.911413,0.9,9,10,True,True,False,0.534146,0.8,8,10,True,False
NonOverlappingTemplate,NonOverlappingTemplate,True,0.911413,0.9,9,10,True,True,False,0.035174,0.8,8,10,True,False
NonOverlappingTemplate,NonOverlappingTemplate,True,0.911413,0.9,9,10,True,True,False,0.350485,0.8,8,10,True,False
NonOverlappingTemplate,NonOverlappingTemplate,True,0.911413,0.9,9,10,True,True,False,0.350485,0.8,8,10,True,False
NonOverlappingTemplate,NonOverlappingTemplate,True,0.911413,0.9,9,10,True,True,False,0.350485,0.7,7,10,True,False
NonOverlappingTemplate,NonOverlappingTemplate,True,0.911413,0.9,9,10,True,True,False,0.911413,0.8,8,10,True,False
NonOverlappingTemplate,NonOverlappingTemplate,True,0.911413,0.9,9,10,True,True,False,0.350485,0.7,7,10,True,False
NonOverlappingTemplate,NonOverlappingTemplate,True,0.911413,0.9,9,10,True,True,False,0.534146,0.8,8,10,True,False
NonOverlappingTemplate,NonOverlappingTemplate,True,0.911413,0.9,9,10,True,True,False,0.534146,0.8,8,10,True,False
NonOverlappingTemplate,NonOverlappingTemplate,True,0.911413,0.9,9,10,True,True,False,0.122325,0.8,8,10,True,False
NonOverlappingTemplate,NonOverlappingTemplate,True,0.911413,0.9,9,10,True,True,False,0.534146,0.8,8,10,True,False
NonOverlappingTemplate,NonOverlappingTemplate,True,0.911413,0.9,9,10,True,True,False,0.122325,0.8,8,10,True,False
NonOverlappingTemplate,NonOverlappingTemplate,True,0.911413,0.9,9,10,True,True,False,0.911413,0.8,8,10,True,False
NonOverlappingTemplate,NonOverlappingTemplate,True,0.911413,0.9,9,10,True,True,False,0.350485,0.8,8,10,True,False
