test,test_family,pass_logistic_raw,p_uniformity_logistic_raw,proportion_logistic_raw,pass_count_logistic_raw,total_logistic_raw,pass_uniformity_logistic_raw,pass_proportion_logistic_raw,pass_logistic_vn,p_uniformity_logistic_vn,proportion_logistic_vn,pass_count_logistic_vn,total_logistic_vn,pass_uniformity_logistic_vn,pass_proportion_logistic_vn
CumulativeSums,CumulativeSums,False,0.0,0.0,0,10,False,False,True,0.534146,1.0,10,10,True,True
CumulativeSums,CumulativeSums,False,0.0,0.0,0,10,False,False,True,0.739918,1.0,10,10,True,True
CumulativeSums,CumulativeSums,False,0.0,0.0,0,10,False,False,True,0.534146,1.0,10,10,True,True
CumulativeSums,CumulativeSums,False,0.0,0.0,0,10,False,False,True,0.739918,1.0,10,10,True,True
Frequency,Frequency,False,0.0,0.0,0,10,False,False,True,0.534146,1.0,10,10,True,True
NonOverlappingTemplate,NonOverlappingTemplate,False,0.0,0.0,0,10,False,False,False,0.000439,0.4,4,10,True,False
NonOverlappingTemplate,NonOverlappingTemplate,False,0.0,0.0,0,10,False,False,False,0.000439,0.4,4,10,True,False
NonOverlappingTemplate,NonOverlappingTemplate,False,0.0,0.0,0,10,False,False,False,0.000199,0.4,4,10,True,False
NonOverlappingTemplate,NonOverlappingTemplate,False,0.0,0.0,0,10,False,False,False,0.000199,0.4,4,10,True,False
NonOverlappingTemplate,NonOverlappingTemplate,False,0.0,0.0,0,10,False,False,False,0.000199,0.4,4,10,True,False
NonOverlappingTemplate,NonOverlappingTemplate,False,0.0,0.0,0,10,False,False,False,0.004301,0.5,5,10,True,False
NonOverlappingTemplate,NonOverlappingTemplate,False,0.0,0.0,0,10,False,False,False,0.000199,0.4,4,10,True,False
NonOverlappingTemplate,NonOverlappingTemplate,False,0.0,0.0,0,10,False,False,False,0.000439,0.4,4,10,True,False
NonOverlappingTemplate,NonOverlappingTemplate,False,0.0,0.0,0,10,False,False,False,0.000439,0.4,4,10,True,False
NonOverlappingTemplate,NonOverlappingTemplate,False,0.0,0.0,0,10,False,False,False,0.000199,0.4,4,10,True,False
NonOverlappingTemplate,NonOverlappingTemplate,False,0.0,0.0,0,10,False,False,False,0.000199,0.4,4,10,True,False
NonOverlappingTemplate,NonOverlappingTemplate,False,0.0,0.0,0,10,False,False,False,0.000199,0.4,4,10,True,False
NonOverlappingTemplate,NonOverlappingTemplate,False,0.0,0.0,0,10,False,False,False,0.004301,0.5,5,10,True,False
NonOverlappingTemplate,NonOverlappingTemplate,False,0.0,0.0,0,10,False,False,False,0.000199,0.4,4,10,True,False
NonOverlappingTemplate,NonOverlappingTemplate,False,0.0,0.0,0,10,False,False,False,0.000439,0.4,4,10,True,False
NonOverlappingTemplate,NonOverlappingTemplate,False,0.0,0.0,0,10,False,False,False,0.000439,0.4,4,10,True,False
NonOverlappingTemplate,NonOverlappingTemplate,False,0.0,0.0,0,10,False,False,False,0.000199,0.4,4,10,True,False
NonOverlappingTemplate,NonOverlappingTemplate,False,0.0,0.0,0,10,False,False,False,0.000199,0.4,4,10,True,False
NonOverlappingTemplate,NonOverlappingTemplate,False,0.0,0.0,0,10,False,False,False,0.000199,0.4,4,10,True,False
NonOverlappingTemplate,NonOverlappingTemplate,False,0.0,0.0,0,10,False,False,False,0.004301,0.5,5,10,True,False
NonOverlappingTemplate,NonOverlappingTemplate,False,0.0,0.0,0,10,False,False,False,0.000199,0.4,4,10,True,False
NonOverlappingTemplate,NonOverlappingTemplate,False,0.0,0.0,0,10,False,False,False,0.000439,0.4,4,10,True,False
NonOverlappingTemplate,NonOverlappingTemplate,False,0.0,0.0,0,10,False,False,False,0.000439,0.4,4,10,True,False
NonOverlappingTemplate,NonOverlappingTemplate,False,0.0,0.0,0,10,False,False,False,0.000199,0.4,4,10,True,False
NonOverlappingTemplate,NonOverlappingTemplate,False,0.0,0.0,0,10,False,False,False,0.000199,0.4,4,10,True,False
NonOverlappingTemplate,NonOverlappingTemplate,False,0.0,0.0,0,10,False,False,False,0.000199,0.4,4,10,True,False
NonOverlappingTemplate,NonOverlappingTemplate,False,0.0,0.0,0,10,False,False,False,0.004301,0.5,5,10,True,False
NonOverlappingTemplate,NonOverlappingTemplate,False,0.0,0.0,0,10,False,False,False,0.000199,0.4,4,10,True,False
NonOverlappingTemplate,NonOverlappingTemplate,False,0.0,0.0,0,10,False,False,False,0.000439,0.4,4,10,True,False
NonOverlappingTemplate,NonOverlappingTemplate,False,0.0,0.0,0,10,False,False,False,0.000439,0.4,4,10,True,False
NonOverlappingTemplate,NonOverlappingTemplate,False,0.0,0.0,0,10,False,False,False,0.000199,0.4,4,10,True,False
NonOverlappingTemplate,NonOverlappingTemplate,False,0.0,0.0,0,10,False,False,False,0.000199,0.4,4,10,True,False
NonOverlappingTemplate,NonOverlappingTemplate,False,0.0,0.0,0,10,False,False,False,0.000199,0.4,4,10,True,False
NonOverlappingTemplate,NonOverlappingTemplate,False,0.0,0.0,0,10,False,False,False,0.004301,0.5,5,10,True,False
NonOverlappingTemplate,NonOverlappingTemplate,False,0.0,0.0,0,10,False,False,False,0.000199,0.4,4,10,True,False
NonOverlappingTemplate,NonOverlappingTemplate,False,0.0,0.0,0,10,False,False,False,0.000439,0.4,4,10,True,False
NonOverlappingTemplate,NonOverlappingTemplate,False,0.0,0.0,0,10,False,False,False,0.000439,0.4,4,10,True,False
NonOverlappingTemplate,NonOverlappingTemplate,False,0.0,0.0,0,10,False,False,False,0.000199,0.4,4,10,True,False
NonOverlappingTemplate,NonOverlappingTemplate,False,0.0,0.0,0,10,False,False,False,0.000199,0.4,4,10,True,False
NonOverlappingTemplate,NonOverlappingTemplate,False,0.0,0.0,0,10,False,False,False,0.000199,0.4,4,10,True,False
NonOverlappingTemplate,NonOverlappingTemplate,False,0.0,0.0,0,10,False,False,False,0.004301,0.5,5,10,True,False
NonOverlappingTemplate,NonOverlappingTemplate,False,0.0,0.0,0,10,False,False,False,0.000199,0.4,4,10,True,False
NonOverlappingTemplate,NonOverlappingTemplate,False,0.0,0.0,0,10,False,False,False,0.000439,0.4,4,10,True,False
NonOverlappingTemplate,NonOverlappingTemplate,False,0.0,0.0,0,10,False,False,False,0.000439,0.4,4,10,True,False
NonOverlappingTemplate,NonOverlappingTemplate,False,0.0,0.0,0,10,False,False,False,0.000199,0.4,4,10,True,False
NonOverlappingTemplate,NonOverlappingTemplate,False,0.0,0.0,0,10,False,False,False,0.000199,0.4,4,10,True,False
NonOverlappingTemplate,NonOverlappingTemplate,False,0.0,0.0,0,10,False,False,False,0.000199,0.4,4,10,True,False
NonOverlappingTemplate,NonOverlappingTemplate,False,0.0,0.0,0,10,False,False,False,0.004301,0.5,5,10,True,False
NonOverlappingTemplate,NonOverlappingTemplate,False,0.0,0.0,0,10,False,False,False,0.000199,0.4,4,10,True,False
NonOverlappingTemplate,NonOverlappingTemplate,False,0.0,0.0,0,10,False,False,False,0.000439,0.4,4,10,True,False
NonOverlappingTemplate,NonOverlappingTemplate,False,0.0,0.0,0,10,False,False,False,0.000439,0.4,4,10,True,False
NonOverlappingTemplate,NonOverlappingTemplate,False,0.0,0.0,0,10,False,False,False,0.000199,0.4,4,10,True,False
NonOverlappingTemplate,NonOverlappingTemplate,False,0.0,0.0,0,10,False,False,False,0.000199,0.4,4,10,True,False
NonOverlappingTemplate,NonOverlappingTemplate,False,0.0,0.0,0,10,False,False,False,0.000199,0.4,4,10,True,False
NonOverlappingTemplate,NonOverlappingTemplate,False,0.0,0.0,0,10,False,False,False,0.004301,0.5,5,10,True,False
NonOverlappingTemplate,NonOverlappingTemplate,False,0.0,0.0,0,10,False,False,False,0.000199,0.4,4,10,True,False
NonOverlappingTemplate,NonOverlappingTemplate,False,0.0,0.0,0,10,False,False,False,0.000439,0.4,4,10,True,False
NonOverlappingTemplate,NonOverlappingTemplate,False,0.0,0.0,0,10,False,False,False,0.000439,0.4,4,10,True,False
NonOverlappingTemplate,NonOverlappingTemplate,False,0.0,0.0,0,10,False,False,False,0.000199,0.4,4,10,True,False
NonOverlappingTemplate,NonOverlappingTemplate,False,0.0,0.0,0,10,False,False,False,0.000199,0.4,4,10,True,False
NonOverlappingTemplate,NonOverlappingTemplate,False,0.0,0.0,0,10,False,False,False,0.000199,0.4,4,10,True,False
NonOverlappingTemplate,NonOverlappingTemplate,False,0.0,0.0,0,10,False,False,False,0.004301,0.5,5,10,True,False
NonOverlappingTemplate,NonOverlappingTemplate,False,0.0,0.0,0,10,False,False,False,0.000199,0.4,4,10,True,False
NonOverlappingTemplate,NonOverlappingTemplate,False,0.0,0.0,0,10,False,False,False,0.000439,0.4,4,10,True,False
NonOverlappingTemplate,NonOverlappingTemplate,False,0.0,0.0,0,10,False,False,False,0.000439,0.4,4,10,True,False
NonOverlappingTemplate,NonOverlappingTemplate,False,0.0,0.0,0,10,False,False,False,0.000199,0.4,4,10,True,False
NonOverlappingTemplate,NonOverlappingTemplate,False,0.0,0.0,0,10,False,False,False,0.000199,0.4,4,10,True,False
NonOverlappingTemplate,NonOverlappingTemplate,False,0.0,0.0,0,10,False,False,False,0.000199,0.4,4,10,True,False
NonOverlappingTemplate,NonOverlappingTemplate,False,0.0,0.0,0,10,False,False,False,0.004301,0.5,5,10,True,False
NonOverlappingTemplate,NonOverlappingTemplate,False,0.0,0.0,0,10,False,False,False,0.000199,0.4,4,10,True,False
NonOverlappingTemplate,NonOverlappingTemplate,False,0.0,0.0,0,10,False,False,False,0.000439,0.4,4,10,True,False
NonOverlappingTemplate,NonOverlappingTemplate,False,0.0,0.0,0,10,False,False,False,0.000439,0.4,4,10,True,False
NonOverlappingTemplate,NonOverlappingTemplate,False,0.0,0.0,0,10,False,False,False,0.000199,0.4,4,10,True,False
NonOverlappingTemplate,NonOverlappingTemplate,False,0.0,0.0,0,10,False,False,False,0.000199,0.4,4,10,True,False
NonOverlappingTemplate,NonOverlappingTemplate,False,0.0,0.0,0,10,False,False,False,0.000199,0.4,4,10,True,False
NonOverlappingTemplate,NonOverlappingTemplate,False,0.0,0.0,0,10,False,False,False,0.004301,0.5,5,10,True,False
NonOverlappingTemplate,NonOverlappingTemplate,False,0.0,0.0,0,10,False,False,False,0.000199,0.4,4,10,True,False
NonOverlappingTemplate,NonOverlappingTemplate,False,0.0,0.0,0,10,False,False,False,0.000439,0.4,4,10,True,False
NonOverlappingTemplate,NonOverlappingTemplate,False,0.0,0.0,0,10,False,False,False,0.000439,0.4,4,10,True,False
NonOverlappingTemplate,NonOverlappingTemplate,False,0.0,0.0,0,10,False,False,False,0.000199,0.4,4,10,True,False
NonOverlappingTemplate,NonOverlappingTemplate,False,0.0,0.0,0,10,False,False,False,0.000199,0.4,4,10,True,False
NonOverlappingTemplate,NonOverlappingTemplate,False,0.0,0.0,0,10,False,False,False,0.000199,0.4,4,10,True,False
NonOverlappingTemplate,NonOverlappingTemplate,False,0.0,0.0,0,10,False,False,False,0.004301,0.5,5,10,True,False
NonOverlappingTemplate,NonOverlappingTemplate,False,0.0,0.0,0,10,False,False,False,0.000199,0.4,4,10,True,False
NonOverlappingTemplate,NonOverlappingTemplate,False,0.0,0.0,0,10,False,False,False,0.000439,0.4,4,10,True,False
NonOverlappingTemplate,NonOverlappingTemplate,False,0.0,0.0,0,10,False,False,False,0.000439,0.4,4,10,True,False
NonOverlappingTemplate,NonOverlappingTemplate,False,0.0,0.0,0,10,False,False,False,0.000199,0.4,4,10,True,False
NonOverlappingTemplate,NonOverlappingTemplate,False,0.0,0.0,0,10,False,False,False,0.000199,0.4,4,10,True,False
NonOverlappingTemplate,NonOverlappingTemplate,False,0.0,0.0,0,10,False,False,False,0.000199,0.4,4,10,True,False
NonOverlappingTemplate,NonOverlappingTemplate,False,0.0,0.0,0,10,False,False,False,0.004301,0.5,5,10,True,False
NonOverlappingTemplate,NonOverlappingTemplate,False,0.0,0.0,0,10,False,False,False,0.000199,0.4,4,10,True,False
NonOverlappingTemplate,NonOverlappingTemplate,False,0.0,0.0,0,10,False,False,False,0.000439,0.4,4,10,True,False
NonOverlappingTemplate,NonOverlappingTemplate,False,0.0,0.0,0,10,False,False,False,0.000439,0.4,4,10,True,False
NonOverlappingTemplate,NonOverlappingTemplate,False,0.0,0.0,0,10,False,False,False,0.000199,0.4,4,10,True,False
NonOverlappingTemplate,NonOverlappingTemplate,False,0.0,0.0,0,10,False,False,False,0.000199,0.4,4,10,True,False
NonOverlappingTemplate,NonOverlappingTemplate,False,0.0,0.0,0,10,False,False,False,0.000199,0.4,4,10,True,False
NonOverlappingTemplate,NonOverlappingTemplate,False,0.0,0.0,0,10,False,False,False,0.004301,0.5,5,10,True,False
NonOverlappingTemplate,NonOverlappingTemplate,False,0.0,0.0,0,10,False,False,False,0.000199,0.4,4,10,True,False
NonOverlappingTemplate,NonOverlappingTemplate,False,0.0,0.0,0,10,False,False,False,0.000439,0.4,4,10,True,False
NonOverlappingTemplate,NonOverlappingTemplate,False,0.0,0.0,0,10,False,False,False,0.000439,0.4,4,10,True,False
NonOverlappingTemplate,NonOverlappingTemplate,False,0.0,0.0,0,10,False,False,False,0.000199,0.4,4,10,True,False
NonOverlappingTemplate,NonOverlappingTemplate,False,0.0,0.0,0,10,False,False,False,0.000199,0.4,4,10,True,False
NonOverlappingTemplate,NonOverlappingTemplate,False,0.0,0.0,0,10,False,False,False,0.000199,0.4,4,10,True,False
NonOverlappingTemplate,NonOverlappingTemplate,False,0.0,0.0,0,10,False,False,False,0.004301,0.5,5,10,True,False
NonOverlappingTemplate,NonOverlappingTemplate,False,0.0,0.0,0,10,False,False,False,0.000199,0.4,4,10,True,False
NonOverlappingTemplate,NonOverlappingTemplate,False,0.0,0.0,0,10,False,False,False,0.000439,0.4,4,10,True,False
NonOverlappingTemplate,NonOverlappingTemplate,False,0.0,0.0,0,10,False,False,False,0.000439,0.4,4,10,True,False
NonOverlappingTemplate,NonOverlappingTemplate,False,0.0,0.0,0,10,False,False,False,0.000199,0.4,4,10,True,False
NonOverlappingTemplate,NonOverlappingTemplate,False,0.0,0.0,0,10,False,False,False,0.000199,0.4,4,10,True,False
NonOverlappingTemplate,NonOverlappingTemplate,False,0.0,0.0,0,10,False,False,False,0.000199,0.4,4,10,True,False
NonOverlappingTemplate,NonOverlappingTemplate,False,0.0,0.0,0,10,False,False,False,0.004301,0.5,5,10,True,False
NonOverlappingTemplate,NonOverlappingTemplate,False,0.0,0.0,0,10,False,False,False,0.000199,0.4,4,10,True,False
NonOverlappingTemplate,NonOverlappingTemplate,False,0.0,0.0,0,10,False,False,False,0.000439,0.4,4,10,True,False
NonOverlappingTemplate,NonOverlappingTemplate,False,0.0,0.0,0,10,False,False,False,0.000439,0.4,4,10,True,False
NonOverlappingTemplate,NonOverlappingTemplate,False,0.0,0.0,0,10,False,False,False,0.000199,0.4,4,10,True,False
NonOverlappingTemplate,NonOverlappingTemplate,False,0.0,0.0,0,10,False,False,False,0.000199,0.4,4,10,True,False
NonOverlappingTemplate,NonOverlappingTemplate,False,0.0,0.0,0,10,False,False,False,0.000199,0.4,4,10,True,False
NonOverlappingTemplate,NonOverlappingTemplate,False,0.0,0.0,0,10,False,False,False,0.004301,0.5,5,10,True,False
NonOverlappingTemplate,NonOverlappingTemplate,False,0.0,0.0,0,10,False,False,False,0.000199,0.4,4,10,True,False
NonOverlappingTemplate,NonOverlappingTemplate,False,0.0,0.1,1,10,False,False,False,0.000439,0.4,4,10,True,False
NonOverlappingTemplate,NonOverlappingTemplate,False,0.0,0.1,1,10,False,False,False,0.000439,0.4,4,10,True,False
NonOverlappingTemplate,NonOverlappingTemplate,False,0.0,0.1,1,10,False,False,False,0.000199,0.4,4,10,True,False
NonOverlappingTemplate,NonOverlappingTemplate,False,0.0,0.1,1,10,False,False,False,0.000199,0.4,4,10,True,False
NonOverlappingTemplate,NonOverlappingTemplate,False,0.0,0.1,1,10,False,False,False,0.000199,0.4,4,10,True,False
NonOverlappingTemplate,NonOverlappingTemplate,False,0.0,0.1,1,10,False,False,False,0.004301,0.5,5,10,True,False
NonOverlappingTemplate,NonOverlappingTemplate,False,0.0,0.1,1,10,False,False,False,0.000199,0.4,4,10,True,False
NonOverlappingTemplate,NonOverlappingTemplate,False,0.0,0.1,1,10,False,False,False,0.000439,0.4,4,10,True,False
NonOverlappingTemplate,NonOverlappingTemplate,False,0.0,0.1,1,10,False,False,False,0.000439,0.4,4,10,True,False
NonOverlappingTemplate,NonOverlappingTemplate,False,0.0,0.1,1,10,False,False,False,0.000199,0.4,4,10,True,False
NonOverlappingTemplate,NonOverlappingTemplate,False,0.0,0.1,1,10,False,False,False,0.000199,0.4,4,10,True,False
NonOverlappingTemplate,NonOverlappingTemplate,False,0.0,0.1,1,10,False,False,False,0.000199,0.4,4,10,True,False
NonOverlappingTemplate,NonOverlappingTemplate,False,0.0,0.1,1,10,False,False,False,0.004301,0.5,5,10,True,False
NonOverlappingTemplate,NonOverlappingTemplate,False,0.0,0.1,1,10,False,False,False,0.000199,0.4,4,10,True,False
NonOverlappingTemplate,NonOverlappingTemplate,False,0.0,0.0,0,10,False,False,False,0.000439,0.4,4,10,True,False
NonOverlappingTemplate,NonOverlappingTemplate,False,0.0,0.0,0,10,False,False,False,0.000439,0.4,4,10,True,False
NonOverlappingTemplate,NonOverlappingTemplate,False,0.0,0.0,0,10,False,False,False,0.000199,0.4,4,10,True,False
NonOverlappingTemplate,NonOverlappingTemplate,False,0.0,0.0,0,10,False,False,False,0.000199,0.4,4,10,True,False
NonOverlappingTemplate,NonOverlappingTemplate,False,0.0,0.0,0,10,False,False,False,0.000199,0.4,4,10,True,False
NonOverlappingTemplate,NonOverlappingTemplate,False,0.0,0.0,0,10,False,False,False,0.004301,0.5,5,10,True,False
NonOverlappingTemplate,NonOverlappingTemplate,False,0.0,0.0,0,10,False,False,False,0.000199,0.4,4,10,True,False
NonOverlappingTemplate,NonOverlappingTemplate,False,0.0,0.1,1,10,False,False,False,0.000439,0.4,4,10,True,False
NonOverlappingTemplate,NonOverlappingTemplate,False,0.0,0.1,1,10,False,False,False,0.000439,0.4,4,10,True,False
NonOverlappingTemplate,NonOverlappingTemplate,False,0.0,0.1,1,10,False,False,False,0.000199,0.4,4,10,True,False
NonOverlappingTemplate,NonOverlappingTemplate,False,0.0,0.1,1,10,False,False,False,0.000199,0.4,4,10,True,False
NonOverlappingTemplate,NonOverlappingTemplate,False,0.0,0.1,1,10,False,False,False,0.000199,0.4,4,10,True,False
NonOverlappingTemplate,NonOverlappingTemplate,False,0.0,0.1,1,10,False,False,False,0.004301,0.5,5,10,True,False
NonOverlappingTemplate,NonOverlappingTemplate,False,0.0,0.1,1,10,False,False,False,0.000199,0.4,4,10,True,False
NonOverlappingTemplate,NonOverlappingTemplate,False,0.0,0.1,1,10,False,False,False,0.000439,0.4,4,10,True,False
NonOverlappingTemplate,NonOverlappingTemplate,False,0.0,0.1,1,10,False,False,False,0.000439,0.4,4,10,True,False
NonOverlappingTemplate,NonOverlappingTemplate,False,0.0,0.1,1,10,False,False,False,0.000199,0.4,4,10,True,False
NonOverlappingTemplate,NonOverlappingTemplate,False,0.0,0.1,1,10,False,False,False,0.000199,0.4,4,10,True,False
NonOverlappingTemplate,NonOverlappingTemplate,False,0.0,0.1,1,10,False,False,False,0.000199,0.4,4,10,True,False
NonOverlappingTemplate,NonOverlappingTemplate,False,0.0,0.1,1,10,False,False,False,0.004301,0.5,5,10,True,False
NonOverlappingTemplate,NonOverlappingTemplate,False,0.0,0.1,1,10,False,False,False,0.000199,0.4,4,10,True,False
NonOverlappingTemplate,NonOverlappingTemplate,False,0.0,0.1,1,10,False,False,False,0.000439,0.4,4,10,True,False
NonOverlappingTemplate,NonOverlappingTemplate,False,0.0,0.1,1,10,False,False,False,0.000439,0.4,4,10,True,False
NonOverlappingTemplate,NonOverlappingTemplate,False,0.0,0.1,1,10,False,False,False,0.000199,0.4,4,10,True,False
NonOverlappingTemplate,NonOverlappingTemplate,False,0.0,0.1,1,10,False,False,False,0.000199,0.4,4,10,True,False
NonOverlappingTemplate,NonOverlappingTemplate,False,0.0,0.1,1,10,False,False,False,0.000199,0.4,4,10,True,False
NonOverlappingTemplate,NonOverlappingTemplate,False,0.0,0.1,1,10,False,False,False,0.004301,0.5,5,10,True,False
NonOverlappingTemplate,NonOverlappingTemplate,False,0.0,0.1,1,10,False,False,False,0.000199,0.4,4,10,True,False
NonOverlappingTemplate,NonOverlappingTemplate,False,0.0,0.0,0,10,False,False,False,0.000439,0.4,4,10,True,False
NonOverlappingTemplate,NonOverlappingTemplate,False,0.0,0.0,0,10,False,False,False,0.000439,0.4,4,10,True,False
NonOverlappingTemplate,NonOverlappingTemplate,False,0.0,0.0,0,10,False,False,False,0.000199,0.4,4,10,True,False
NonOverlappingTemplate,NonOverlappingTemplate,False,0.0,0.0,0,10,False,False,False,0.000199,0.4,4,10,True,False
NonOverlappingTemplate,NonOverlappingTemplate,False,0.0,0.0,0,10,False,False,False,0.000199,0.4,4,10,True,False
NonOverlappingTemplate,NonOverlappingTemplate,False,0.0,0.0,0,10,False,False,False,0.004301,0.5,5,10,True,False
NonOverlappingTemplate,NonOverlappingTemplate,False,0.0,0.0,0,10,False,False,False,0.000199,0.4,4,10,True,False
NonOverlappingTemplate,NonOverlappingTemplate,False,0.0,0.0,0,10,False,False,False,0.000439,0.4,4,10,True,False
NonOverlappingTemplate,NonOverlappingTemplate,False,0.0,0.0,0,10,False,False,False,0.000439,0.4,4,10,True,False
NonOverlappingTemplate,NonOverlappingTemplate,False,0.0,0.0,0,10,False,False,False,0.000199,0.4,4,10,True,False
NonOverlappingTemplate,NonOverlappingTemplate,False,0.0,0.0,0,10,False,False,False,0.000199,0.4,4,10,True,False
NonOverlappingTemplate,NonOverlappingTemplate,False,0.0,0.0,0,10,False,False,False,0.000199,0.4,4,10,True,False
NonOverlappingTemplate,NonOverlappingTemplate,False,0.0,0.0,0,10,False,False,False,0.004301,0.5,5,10,True,False
NonOverlappingTemplate,NonOverlappingTemplate,False,0.0,0.0,0,10,False,False,False,0.000199,0.4,4,10,True,False
NonOverlappingTemplate,NonOverlappingTemplate,False,0.0,0.0,0,10,False,False,False,0.000439,0.4,4,10,True,False
NonOverlappingTemplate,NonOverlappingTemplate,False,0.0,0.0,0,10,False,False,False,0.000439,0.4,4,10,True,False
NonOverlappingTemplate,NonOverlappingTemplate,False,0.0,0.0,0,10,False,False,False,0.000199,0.4,4,10,True,False
NonOverlappingTemplate,NonOverlappingTemplate,False,0.0,0.0,0,10,False,False,False,0.000199,0.4,4,10,True,False
NonOverlappingTemplate,NonOverlappingTemplate,False,0.0,0.0,0,10,False,False,False,0.000199,0.4,4,10,True,False
NonOverlappingTemplate,NonOverlappingTemplate,False,0.0,0.0,0,10,False,False,False,0.004301,0.5,5,10,True,False
NonOverlappingTemplate,NonOverlappingTemplate,False,0.0,0.0,0,10,False,False,False,0.000199,0.4,4,10,True,False
NonOverlappingTemplate,NonOverlappingTemplate,False,0.0,0.0,0,10,False,False,False,0.000439,0.4,4,10,True,False
NonOverlappingTemplate,NonOverlappingTemplate,False,0.0,0.0,0,10,False,False,False,0.000439,0.4,4,10,True,False
NonOverlappingTemplate,NonOverlappingTemplate,False,0.0,0.0,0,10,False,False,False,0.000199,0.4,4,10,True,False
NonOverlappingTemplate,NonOverlappingTemplate,False,0.0,0.0,0,10,False,False,False,0.000199,0.4,4,10,True,False
NonOverlappingTemplate,NonOverlappingTemplate,False,0.0,0.0,0,10,False,False,False,0.000199,0.4,4,10,True,False
NonOverlappingTemplate,NonOverlappingTemplate,False,0.0,0.0,0,10,False,False,False,0.004301,0.5,5,10,True,False
NonOverlappingTemplate,NonOverlappingTemplate,False,0.0,0.0,0,10,False,False,False,0.000199,0.4,4,10,True,False
NonOverlappingTemplate,NonOverlappingTemplate,False,0.0,0.0,0,10,False,False,False,0.000439,0.4,4,10,True,False
NonOverlappingTemplate,NonOverlappingTemplate,False,0.0,0.0,0,10,False,False,False,0.000439,0.4,4,10,True,False
NonOverlappingTemplate,NonOverlappingTemplate,False,0.0,0.0,0,10,False,False,False,0.000199,0.4,4,10,True,False
NonOverlappingTemplate,NonOverlappingTemplate,False,0.0,0.0,0,10,False,False,False,0.000199,0.4,4,10,True,False
NonOverlappingTemplate,NonOverlappingTemplate,False,0.0,0.0,0,10,False,False,False,0.000199,0.4,4,10,True,False
NonOverlappingTemplate,NonOverlappingTemplate,False,0.0,0.0,0,10,False,False,False,0.004301,0.5,5,10,True,False
NonOverlappingTemplate,NonOverlappingTemplate,False,0.0,0.0,0,10,False,False,False,0.000199,0.4,4,10,True,False
NonOverlappingTemplate,NonOverlappingTemplate,False,0.0,0.0,0,10,False,False,False,0.000439,0.4,4,10,True,False
NonOverlappingTemplate,NonOverlappingTemplate,False,0.0,0.0,0,10,False,False,False,0.000439,0.4,4,10,True,False
NonOverlappingTemplate,NonOverlappingTemplate,False,0.0,0.0,0,10,False,False,False,0.000199,0.4,4,10,True,False
NonOverlappingTemplate,NonOverlappingTemplate,False,0.0,0.0,0,10,False,False,False,0.000199,0.4,4,10,True,False
NonOverlappingTemplate,NonOverlappingTemplate,False,0.0,0.0,0,10,False,False,False,0.000199,0.4,4,10,True,False
NonOverlappingTemplate,NonOverlappingTemplate,False,0.0,0.0,0,10,False,False,False,0.004301,0.5,5,10,True,False
NonOverlappingTemplate,NonOverlappingTemplate,False,0.0,0.0,0,10,False,False,False,0.000199,0.4,4,10,True,False
NonOverlappingTemplate,NonOverlappingTemplate,False,0.0,0.1,1,10,False,False,False,0.000439,0.4,4,10,True,False
NonOverlappingTemplate,NonOverlappingTemplate,False,0.0,0.1,1,10,False,False,False,0.000439,0.4,4,10,True,False
NonOverlappingTemplate,NonOverlappingTemplate,False,0.0,0.1,1,10,False,False,False,0.000199,0.4,4,10,True,False
NonOverlappingTemplate,NonOverlappingTemplate,False,0.0,0.1,1,10,False,False,False,0.000199,0.4,4,10,True,False
NonOverlappingTemplate,NonOverlappingTemplate,False,0.0,0.1,1,10,False,False,False,0.000199,0.4,4,10,True,False
NonOverlappingTemplate,NonOverlappingTemplate,False,0.0,0.1,1,10,False,False,False,0.004301,0.5,5,10,True,False
NonOverlappingTemplate,NonOverlappingTemplate,False,0.0,0.1,1,10,False,False,False,0.000199,0.4,4,10,True,False
NonOverlappingTemplate,NonOverlappingTemplate,False,0.0,0.0,0,10,False,False,False,0.000439,0.4,4,10,True,False
NonOverlappingTemplate,NonOverlappingTemplate,False,0.0,0.0,0,10,False,False,False,0.000439,0.4,4,10,True,False
NonOverlappingTemplate,NonOverlappingTemplate,False,0.0,0.0,0,10,False,False,False,0.000199,0.4,4,10,True,False
NonOverlappingTemplate,NonOverlappingTemplate,False,0.0,0.0,0,10,False,False,False,0.000199,0.4,4,10,True,False
NonOverlappingTemplate,NonOverlappingTemplate,False,0.0,0.0,0,10,False,False,False,0.000199,0.4,4,10,True,False
NonOverlappingTemplate,NonOverlappingTemplate,False,0.0,0.0,0,10,False,False,False,0.004301,0.5,5,10,True,False
NonOverlappingTemplate,NonOverlappingTemplate,False,0.0,0.0,0,10,False,False,False,0.000199,0.4,4,10,True,False
NonOverlappingTemplate,NonOverlappingTemplate,False,0.0,0.0,0,10,False,False,False,0.000439,0.4,4,10,True,False
NonOverlappingTemplate,NonOverlappingTemplate,False,0.0,0.0,0,10,False,False,False,0.000439,0.4,4,10,True,False
NonOverlappingTemplate,NonOverlappingTemplate,False,0.0,0.0,0,10,False,False,False,0.000199,0.4,4,10,True,False
NonOverlappingTemplate,NonOverlappingTemplate,False,0.0,0.0,0,10,False,False,False,0.000199,0.4,4,10,True,False
NonOverlappingTemplate,NonOverlappingTemplate,False,0.0,0.0,0,10,False,False,False,0.000199,0.4,4,10,True,False
NonOverlappingTemplate,NonOverlappingTemplate,False,0.0,0.0,0,10,False,False,False,0.004301,0.5,5,10,True,False
NonOverlappingTemplate,NonOverlappingTemplate,False,0.0,0.0,0,10,False,False,False,0.000199,0.4,4,10,True,False
NonOverlappingTemplate,NonOverlappingTemplate,False,0.0,0.0,0,10,False,False,False,0.000439,0.4,4,10,True,False
NonOverlappingTemplate,NonOverlappingTemplate,False,0.0,0.0,0,10,False,False,False,0.000439,0.4,4,10,True,False
NonOverlappingTemplate,NonOverlappingTemplate,False,0.0,0.0,0,10,False,False,False,0.000199,0.4,4,10,True,False
NonOverlappingTemplate,NonOverlappingTemplate,False,0.0,0.0,0,10,False,False,False,0.000199,0.4,4,10,True,False
NonOverlappingTemplate,NonOverlappingTemplate,False,0.0,0.0,0,10,False,False,False,0.000199,0.4,4,10,True,False
NonOverlappingTemplate,NonOverlappingTemplate,False,0.0,0.0,0,10,False,False,False,0.004301,0.5,5,10,True,False
NonOverlappingTemplate,NonOverlappingTemplate,False,0.0,0.0,0,10,False,False,False,0.000199,0.4,4,10,True,False
NonOverlappingTemplate,NonOverlappingTemplate,False,0.0,0.2,2,10,False,False,False,0.000439,0.4,4,10,True,False
NonOverlappingTemplate,NonOverlappingTemplate,False,0.0,0.2,2,10,False,False,False,0.000439,0.4,4,10,True,False
NonOverlappingTemplate,NonOverlappingTemplate,False,0.0,0.2,2,10,False,False,False,0.000199,0.4,4,10,True,False
NonOverlappingTemplate,NonOverlappingTemplate,False,0.0,0.2,2,10,False,False,False,0.000199,0.4,4,10,True,False
NonOverlappingTemplate,NonOverlappingTemplate,False,0.0,0.2,2,10,False,False,False,0.000199,0.4,4,10,True,False
NonOverlappingTemplate,NonOverlappingTemplate,False,0.0,0.2,2,10,False,False,False,0.004301,0.5,5,10,True,False
NonOverlappingTemplate,NonOverlappingTemplate,False,0.0,0.2,2,10,False,False,False,0.000199,0.4,4,10,True,False
NonOverlappingTemplate,NonOverlappingTemplate,False,0.0,0.1,1,10,False,False,False,0.000439,0.4,4,10,True,False
NonOverlappingTemplate,NonOverlappingTemplate,False,0.0,0.1,1,10,False,False,False,0.000439,0.4,4,10,True,False
NonOverlappingTemplate,NonOverlappingTemplate,False,0.0,0.1,1,10,False,False,False,0.000199,0.4,4,10,True,False
NonOverlappingTemplate,NonOverlappingTemplate,False,0.0,0.1,1,10,False,False,False,0.000199,0.4,4,10,True,False
NonOverlappingTemplate,NonOverlappingTemplate,False,0.0,0.1,1,10,False,False,False,0.000199,0.4,4,10,True,False
NonOverlappingTemplate,NonOverlappingTemplate,False,0.0,0.1,1,10,False,False,False,0.004301,0.5,5,10,True,False
NonOverlappingTemplate,NonOverlappingTemplate,False,0.0,0.1,1,10,False,False,False,0.000199,0.4,4,10,True,False
NonOverlappingTemplate,NonOverlappingTemplate,False,0.0,0.3,3,10,False,False,False,0.000439,0.4,4,10,True,False
NonOverlappingTemplate,NonOverlappingTemplate,False,0.0,0.3,3,10,False,False,False,0.000439,0.4,4,10,True,False
NonOverlappingTemplate,NonOverlappingTemplate,False,0.0,0.3,3,10,False,False,False,0.000199,0.4,4,10,True,False
NonOverlappingTemplate,NonOverlappingTemplate,False,0.0,0.3,3,10,False,False,False,0.000199,0.4,4,10,True,False
NonOverlappingTemplate,NonOverlappingTemplate,False,0.0,0.3,3,10,False,False,False,0.000199,0.4,4,10,True,False
NonOverlappingTemplate,NonOverlappingTemplate,False,0.0,0.3,3,10,False,False,False,0.004301,0.5,5,10,True,False
NonOverlappingTemplate,NonOverlappingTemplate,False,0.0,0.3,3,10,False,False,False,0.000199,0.4,4,10,True,False
NonOverlappingTemplate,NonOverlappingTemplate,False,0.0,0.1,1,10,False,False,False,0.000439,0.4,4,10,True,False
NonOverlappingTemplate,NonOverlappingTemplate,False,0.0,0.1,1,10,False,False,False,0.000439,0.4,4,10,True,False
NonOverlappingTemplate,NonOverlappingTemplate,False,0.0,0.1,1,10,False,False,False,0.000199,0.4,4,10,True,False
NonOverlappingTemplate,NonOverlappingTemplate,False,0.0,0.1,1,10,False,False,False,0.000199,0.4,4,10,True,False
NonOverlappingTemplate,NonOverlappingTemplate,False,0.0,0.1,1,10,False,False,False,0.000199,0.4,4,10,True,False
NonOverlappingTemplate,NonOverlappingTemplate,False,0.0,0.1,1,10,False,False,False,0.004301,0.5,5,10,True,False
NonOverlappingTemplate,NonOverlappingTemplate,False,0.0,0.1,1,10,False,False,False,0.000199,0.4,4,10,True,False
NonOverlappingTemplate,NonOverlappingTemplate,False,0.0,0.2,2,10,False,False,False,0.000439,0.4,4,10,True,False
NonOverlappingTemplate,NonOverlappingTemplate,False,0.0,0.2,2,10,False,False,False,0.000439,0.4,4,10,True,False
NonOverlappingTemplate,NonOverlappingTemplate,False,0.0,0.2,2,10,False,False,False,0.000199,0.4,4,10,True,False
NonOverlappingTemplate,NonOverlappingTemplate,False,0.0,0.2,2,10,False,False,False,0.000199,0.4,4,10,True,False
NonOverlappingTemplate,NonOverlappingTemplate,False,0.0,0.2,2,10,False,False,False,0.000199,0.4,4,10,True,False
NonOverlappingTemplate,NonOverlappingTemplate,False,0.0,0.2,2,10,False,False,False,0.004301,0.5,5,10,True,False
NonOverlappingTemplate,NonOverlappingTemplate,False,0.0,0.2,2,10,False,False,False,0.000199,0.4,4,10,True,False
NonOverlappingTemplate,NonOverlappingTemplate,False,0.0,0.1,1,10,False,False,False,0.000439,0.4,4,10,True,False
NonOverlappingTemplate,NonOverlappingTemplate,False,0.0,0.1,1,10,False,False,False,0.000439,0.4,4,10,True,False
NonOverlappingTemplate,NonOverlappingTemplate,False,0.0,0.1,1,10,False,False,False,0.000199,0.4,4,10,True,False
NonOverlappingTemplate,NonOverlappingTemplate,False,0.0,0.1,1,10,False,False,False,0.000199,0.4,4,10,True,False
NonOverlappingTemplate,NonOverlappingTemplate,False,0.0,0.1,1,10,False,False,False,0.000199,0.4,4,10,True,False
NonOverlappingTemplate,NonOverlappingTemplate,False,0.0,0.1,1,10,False,False,False,0.004301,0.5,5,10,True,False
NonOverlappingTemplate,NonOverlappingTemplate,False,0.0,0.1,1,10,False,False,False,0.000199,0.4,4,10,True,False
NonOverlappingTemplate,NonOverlappingTemplate,False,0.0,0.1,1,10,False,False,False,0.000439,0.4,4,10,True,False
NonOverlappingTemplate,NonOverlappingTemplate,False,0.0,0.1,1,10,False,False,False,0.000439,0.4,4,10,True,False
NonOverlappingTemplate,NonOverlappingTemplate,False,0.0,0.1,1,10,False,False,False,0.000199,0.4,4,10,True,False
NonOverlappingTemplate,NonOverlappingTemplate,False,0.0,0.1,1,10,False,False,False,0.000199,0.4,4,10,True,False
NonOverlappingTemplate,NonOverlappingTemplate,False,0.0,0.1,1,10,False,False,False,0.000199,0.4,4,10,True,False
NonOverlappingTemplate,NonOverlappingTemplate,False,0.0,0.1,1,10,False,False,False,0.004301,0.5,5,10,True,False
NonOverlappingTemplate,NonOverlappingTemplate,False,0.0,0.1,1,10,False,False,False,0.000199,0.4,4,10,True,False
NonOverlappingTemplate,NonOverlappingTemplate,False,0.0,0.1,1,10,False,False,False,0.000439,0.4,4,10,True,False
NonOverlappingTemplate,NonOverlappingTemplate,False,0.0,0.1,1,10,False,False,False,0.000439,0.4,4,10,True,False
NonOverlappingTemplate,NonOverlappingTemplate,False,0.0,0.1,1,10,False,False,False,0.000199,0.4,4,10,True,False
NonOverlappingTemplate,NonOverlappingTemplate,False,0.0,0.1,1,10,False,False,False,0.000199,0.4,4,10,True,False
NonOverlappingTemplate,NonOverlappingTemplate,False,0.0,0.1,1,10,False,False,False,0.000199,0.4,4,10,True,False
NonOverlappingTemplate,NonOverlappingTemplate,False,0.0,0.1,1,10,False,False,False,0.004301,0.5,5,10,True,False
NonOverlappingTemplate,NonOverlappingTemplate,False,0.0,0.1,1,10,False,False,False,0.000199,0.4,4,10,True,False
NonOverlappingTemplate,NonOverlappingTemplate,False,0.0,0.3,3,10,False,False,False,0.000439,0.4,4,10,True,False
NonOverlappingTemplate,NonOverlappingTemplate,False,0.0,0.3,3,10,False,False,False,0.000439,0.4,4,10,True,False
NonOverlappingTemplate,NonOverlappingTemplate,False,0.0,0.3,3,10,False,False,False,0.000199,0.4,4,10,True,False
NonOverlappingTemplate,NonOverlappingTemplate,False,0.0,0.3,3,10,False,False,False,0.000199,0.4,4,10,True,False
NonOverlappingTemplate,NonOverlappingTemplate,False,0.0,0.3,3,10,False,False,False,0.000199,0.4,4,10,True,False
NonOverlappingTemplate,NonOverlappingTemplate,False,0.0,0.3,3,10,False,False,False,0.004301,0.5,5,10,True,False
NonOverlappingTemplate,NonOverlappingTemplate,False,0.0,0.3,3,10,False,False,False,0.000199,0.4,4,10,True,False
NonOverlappingTemplate,NonOverlappingTemplate,False,0.0,0.0,0,10,False,False,False,0.000439,0.4,4,10,True,False
NonOverlappingTemplate,NonOverlappingTemplate,False,0.0,0.0,0,10,False,False,False,0.000439,0.4,4,10,True,False
NonOverlappingTemplate,NonOverlappingTemplate,False,0.0,0.0,0,10,False,False,False,0.000199,0.4,4,10,True,False
NonOverlappingTemplate,NonOverlappingTemplate,False,0.0,0.0,0,10,False,False,False,0.000199,0.4,4,10,True,False
NonOverlappingTemplate,NonOverlappingTemplate,False,0.0,0.0,0,10,False,False,False,0.000199,0.4,4,10,True,False
NonOverlappingTemplate,NonOverlappingTemplate,False,0.0,0.0,0,10,False,False,False,0.004301,0.5,5,10,True,False
NonOverlappingTemplate,NonOverlappingTemplate,False,0.0,0.0,0,10,False,False,False,0.000199,0.4,4,10,True,False
NonOverlappingTemplate,NonOverlappingTemplate,False,0.0,0.0,0,10,False,False,False,0.000439,0.4,4,10,True,False
NonOverlappingTemplate,NonOverlappingTemplate,False,0.0,0.0,0,10,False,False,False,0.000439,0.4,4,10,True,False
NonOverlappingTemplate,NonOverlappingTemplate,False,0.0,0.0,0,10,False,False,False,0.000199,0.4,4,10,True,False
NonOverlappingTemplate,NonOverlappingTemplate,False,0.0,0.0,0,10,False,False,False,0.000199,0.4,4,10,True,False
NonOverlappingTemplate,NonOverlappingTemplate,False,0.0,0.0,0,10,False,False,False,0.000199,0.4,4,10,True,False
NonOverlappingTemplate,NonOverlappingTemplate,False,0.0,0.0,0,10,False,False,False,0.004301,0.5,5,10,True,False
NonOverlappingTemplate,NonOverlappingTemplate,False,0.0,0.0,0,10,False,False,False,0.000199,0.4,4,10,True,False
NonOverlappingTemplate,NonOverlappingTemplate,False,0.0,0.1,1,10,False,False,False,0.000439,0.4,4,10,True,False
NonOverlappingTemplate,NonOverlappingTemplate,False,0.0,0.1,1,10,False,False,False,0.000439,0.4,4,10,True,False
NonOverlappingTemplate,NonOverlappingTemplate,False,0.0,0.1,1,10,False,False,False,0.000199,0.4,4,10,True,False
NonOverlappingTemplate,NonOverlappingTemplate,False,0.0,0.1,1,10,False,False,False,0.000199,0.4,4,10,True,False
NonOverlappingTemplate,NonOverlappingTemplate,False,0.0,0.1,1,10,False,False,False,0.000199,0.4,4,10,True,False
NonOverlappingTemplate,NonOverlappingTemplate,False,0.0,0.1,1,10,False,False,False,0.004301,0.5,5,10,True,False
NonOverlappingTemplate,NonOverlappingTemplate,False,0.0,0.1,1,10,False,False,False,0.000199,0.4,4,10,True,False
NonOverlappingTemplate,NonOverlappingTemplate,False,0.0,0.0,0,10,False,False,False,0.000439,0.4,4,10,True,False
NonOverlappingTemplate,NonOverlappingTemplate,False,0.0,0.0,0,10,False,False,False,0.000439,0.4,4,10,True,False
NonOverlappingTemplate,NonOverlappingTemplate,False,0.0,0.0,0,10,False,False,False,0.000199,0.4,4,10,True,False
NonOverlappingTemplate,NonOverlappingTemplate,False,0.0,0.0,0,10,False,False,False,0.000199,0.4,4,10,True,False
NonOverlappingTemplate,NonOverlappingTemplate,False,0.0,0.0,0,10,False,False,False,0.000199,0.4,4,10,True,False
NonOverlappingTemplate,NonOverlappingTemplate,False,0.0,0.0,0,10,False,False,False,0.004301,0.5,5,10,True,False
NonOverlappingTemplate,NonOverlappingTemplate,False,0.0,0.0,0,10,False,False,False,0.000199,0.4,4,10,True,False
NonOverlappingTemplate,NonOverlappingTemplate,False,0.0,0.1,1,10,False,False,False,0.000439,0.4,4,10,True,False
NonOverlappingTemplate,NonOverlappingTemplate,False,0.0,0.1,1,10,False,False,False,0.000439,0.4,4,10,True,False
NonOverlappingTemplate,NonOverlappingTemplate,False,0.0,0.1,1,10,False,False,False,0.000199,0.4,4,10,True,False
NonOverlappingTemplate,NonOverlappingTemplate,False,0.0,0.1,1,10,False,False,False,0.000199,0.4,4,10,True,False
NonOverlappingTemplate,NonOverlappingTemplate,False,0.0,0.1,1,10,False,False,False,0.000199,0.4,4,10,True,False
NonOverlappingTemplate,NonOverlappingTemplate,False,0.0,0.1,1,10,False,False,False,0.004301,0.5,5,10,True,False
NonOverlappingTemplate,NonOverlappingTemplate,False,0.0,0.1,1,10,False,False,False,0.000199,0.4,4,10,True,False
NonOverlappingTemplate,NonOverlappingTemplate,False,0.0,0.1,1,10,False,False,False,0.000439,0.4,4,10,True,False
NonOverlappingTemplate,NonOverlappingTemplate,False,0.0,0.1,1,10,False,False,False,0.000439,0.4,4,10,True,False
NonOverlappingTemplate,NonOverlappingTemplate,False,0.0,0.1,1,10,False,False,False,0.000199,0.4,4,10,True,False
NonOverlappingTemplate,NonOverlappingTemplate,False,0.0,0.1,1,10,False,False,False,0.000199,0.4,4,10,True,False
NonOverlappingTemplate,NonOverlappingTemplate,False,0.0,0.1,1,10,False,False,False,0.000199,0.4,4,10,True,False
NonOverlappingTemplate,NonOverlappingTemplate,False,0.0,0.1,1,10,False,False,False,0.004301,0.5,5,10,True,False
NonOverlappingTemplate,NonOverlappingTemplate,False,0.0,0.1,1,10,False,False,False,0.000199,0.4,4,10,True,False
NonOverlappingTemplate,NonOverlappingTemplate,False,0.0,0.1,1,10,False,False,False,0.000439,0.4,4,10,True,False
NonOverlappingTemplate,NonOverlappingTemplate,False,0.0,0.1,1,10,False,False,False,0.000439,0.4,4,10,True,False
NonOverlappingTemplate,NonOverlappingTemplate,False,0.0,0.1,1,10,False,False,False,0.000199,0.4,4,10,True,False
NonOverlappingTemplate,NonOverlappingTemplate,False,0.0,0.1,1,10,False,False,False,0.000199,0.4,4,10,True,False
NonOverlappingTemplate,NonOverlappingTemplate,False,0.0,0.1,1,10,False,False,False,0.000199,0.4,4,10,True,False
NonOverlappingTemplate,NonOverlappingTemplate,False,0.0,0.1,1,10,False,False,False,0.004301,0.5,5,10,True,False
NonOverlappingTemplate,NonOverlappingTemplate,False,0.0,0.1,1,10,False,False,False,0.000199,0.4,4,10,True,False
NonOverlappingTemplate,NonOverlappingTemplate,False,0.0,0.1,1,10,False,False,False,0.000439,0.4,4,10,True,False
NonOverlappingTemplate,NonOverlappingTemplate,False,0.0,0.1,1,10,False,False,False,0.000439,0.4,4,10,True,False
NonOverlappingTemplate,NonOverlappingTemplate,False,0.0,0.1,1,10,False,False,False,0.000199,0.4,4,10,True,False
NonOverlappingTemplate,NonOverlappingTemplate,False,0.0,0.1,1,10,False,False,False,0.000199,0.4,4,10,True,False
NonOverlappingTemplate,NonOverlappingTemplate,False,0.0,0.1,1,10,False,False,False,0.000199,0.4,4,10,True,False
NonOverlappingTemplate,NonOverlappingTemplate,False,0.0,0.1,1,10,False,False,False,0.004301,0.5,5,10,True,False
NonOverlappingTemplate,NonOverlappingTemplate,False,0.0,0.1,1,10,False,False,False,0.000199,0.4,4,10,True,False
NonOverlappingTemplate,NonOverlappingTemplate,False,0.0,0.2,2,10,False,False,False,0.000439,0.4,4,10,True,False
NonOverlappingTemplate,NonOverlappingTemplate,False,0.0,0.2,2,10,False,False,False,0.000439,0.4,4,10,True,False
NonOverlappingTemplate,NonOverlappingTemplate,False,0.0,0.2,2,10,False,False,False,0.000199,0.4,4,10,True,False
NonOverlappingTemplate,NonOverlappingTemplate,False,0.0,0.2,2,10,False,False,False,0.000199,0.4,4,10,True,False
NonOverlappingTemplate,NonOverlappingTemplate,False,0.0,0.2,2,10,False,False,False,0.000199,0.4,4,10,True,False
NonOverlappingTemplate,NonOverlappingTemplate,False,0.0,0.2,2,10,False,False,False,0.004301,0.5,5,10,True,False
NonOverlappingTemplate,NonOverlappingTemplate,False,0.0,0.2,2,10,False,False,False,0.000199,0.4,4,10,True,False
NonOverlappingTemplate,NonOverlappingTemplate,False,3e-06,0.3,3,10,False,False,False,0.000439,0.4,4,10,True,False
NonOverlappingTemplate,NonOverlappingTemplate,False,3e-06,0.3,3,10,False,False,False,0.000439,0.4,4,10,True,False
NonOverlappingTemplate,NonOverlappingTemplate,False,3e-06,0.3,3,10,False,False,False,0.000199,0.4,4,10,True,False
NonOverlappingTemplate,NonOverlappingTemplate,False,3e-06,0.3,3,10,False,False,False,0.000199,0.4,4,10,True,False
NonOverlappingTemplate,NonOverlappingTemplate,False,3e-06,0.3,3,10,False,False,False,0.000199,0.4,4,10,True,False
NonOverlappingTemplate,NonOverlappingTemplate,False,3e-06,0.3,3,10,False,False,False,0.004301,0.5,5,10,True,False
NonOverlappingTemplate,NonOverlappingTemplate,False,3e-06,0.3,3,10,False,False,False,0.000199,0.4,4,10,True,False
NonOverlappingTemplate,NonOverlappingTemplate,False,0.0,0.0,0,10,False,False,False,0.000439,0.4,4,10,True,False
NonOverlappingTemplate,NonOverlappingTemplate,False,0.0,0.0,0,10,False,False,False,0.000439,0.4,4,10,True,False
NonOverlappingTemplate,NonOverlappingTemplate,False,0.0,0.0,0,10,False,False,False,0.000199,0.4,4,10,True,False
NonOverlappingTemplate,NonOverlappingTemplate,False,0.0,0.0,0,10,False,False,False,0.000199,0.4,4,10,True,False
NonOverlappingTemplate,NonOverlappingTemplate,False,0.0,0.0,0,10,False,False,False,0.000199,0.4,4,10,True,False
NonOverlappingTemplate,NonOverlappingTemplate,False,0.0,0.0,0,10,False,False,False,0.004301,0.5,5,10,True,False
NonOverlappingTemplate,NonOverlappingTemplate,False,0.0,0.0,0,10,False,False,False,0.000199,0.4,4,10,True,False
NonOverlappingTemplate,NonOverlappingTemplate,False,0.0,0.0,0,10,False,False,False,0.000439,0.4,4,10,True,False
NonOverlappingTemplate,NonOverlappingTemplate,False,0.0,0.0,0,10,False,False,False,0.000439,0.4,4,10,True,False
NonOverlappingTemplate,NonOverlappingTemplate,False,0.0,0.0,0,10,False,False,False,0.000199,0.4,4,10,True,False
NonOverlappingTemplate,NonOverlappingTemplate,False,0.0,0.0,0,10,False,False,False,0.000199,0.4,4,10,True,False
NonOverlappingTemplate,NonOverlappingTemplate,False,0.0,0.0,0,10,False,False,False,0.000199,0.4,4,10,True,False
NonOverlappingTemplate,NonOverlappingTemplate,False,0.0,0.0,0,10,False,False,False,0.004301,0.5,5,10,True,False
NonOverlappingTemplate,NonOverlappingTemplate,False,0.0,0.0,0,10,False,False,False,0.000199,0.4,4,10,True,False
NonOverlappingTemplate,NonOverlappingTemplate,False,0.0,0.0,0,10,False,False,False,0.000439,0.4,4,10,True,False
NonOverlappingTemplate,NonOverlappingTemplate,False,0.0,0.0,0,10,False,False,False,0.000439,0.4,4,10,True,False
NonOverlappingTemplate,NonOverlappingTemplate,False,0.0,0.0,0,10,False,False,False,0.000199,0.4,4,10,True,False
NonOverlappingTemplate,NonOverlappingTemplate,False,0.0,0.0,0,10,False,False,False,0.000199,0.4,4,10,True,False
NonOverlappingTemplate,NonOverlappingTemplate,False,0.0,0.0,0,10,False,False,False,0.000199,0.4,4,10,True,False
NonOverlappingTemplate,NonOverlappingTemplate,False,0.0,0.0,0,10,False,False,False,0.004301,0.5,5,10,True,False
NonOverlappingTemplate,NonOverlappingTemplate,False,0.0,0.0,0,10,False,False,False,0.000199,0.4,4,10,True,False
NonOverlappingTemplate,NonOverlappingTemplate,False,0.0,0.0,0,10,False,False,False,0.000439,0.4,4,10,True,False
NonOverlappingTemplate,NonOverlappingTemplate,False,0.0,0.0,0,10,False,False,False,0.000439,0.4,4,10,True,False
NonOverlappingTemplate,NonOverlappingTemplate,False,0.0,0.0,0,10,False,False,False,0.000199,0.4,4,10,True,False
NonOverlappingTemplate,NonOverlappingTemplate,False,0.0,0.0,0,10,False,False,False,0.000199,0.4,4,10,True,False
NonOverlappingTemplate,NonOverlappingTemplate,False,0.0,0.0,0,10,False,False,False,0.000199,0.4,4,10,True,False
NonOverlappingTemplate,NonOverlappingTemplate,False,0.0,0.0,0,10,False,False,False,0.004301,0.5,5,10,True,False
NonOverlappingTemplate,NonOverlappingTemplate,False,0.0,0.0,0,10,False,False,False,0.000199,0.4,4,10,True,False
NonOverlappingTemplate,NonOverlappingTemplate,False,0.0,0.0,0,10,False,False,False,0.000439,0.4,4,10,True,False
NonOverlappingTemplate,NonOverlappingTemplate,False,0.0,0.0,0,10,False,False,False,0.000439,0.4,4,10,True,False
NonOverlappingTemplate,NonOverlappingTemplate,False,0.0,0.0,0,10,False,False,False,0.000199,0.4,4,10,True,False
NonOverlappingTemplate,NonOverlappingTemplate,False,0.0,0.0,0,10,False,False,False,0.000199,0.4,4,10,True,False
NonOverlappingTemplate,NonOverlappingTemplate,False,0.0,0.0,0,10,False,False,False,0.000199,0.4,4,10,True,False
NonOverlappingTemplate,NonOverlappingTemplate,False,0.0,0.0,0,10,False,False,False,0.004301,0.5,5,10,True,False
NonOverlappingTemplate,NonOverlappingTemplate,False,0.0,0.0,0,10,False,False,False,0.000199,0.4,4,10,True,False
NonOverlappingTemplate,NonOverlappingTemplate,False,0.0,0.2,2,10,False,False,False,0.000439,0.4,4,10,True,False
NonOverlappingTemplate,NonOverlappingTemplate,False,0.0,0.2,2,10,False,False,False,0.000439,0.4,4,10,True,False
NonOverlappingTemplate,NonOverlappingTemplate,False,0.0,0.2,2,10,False,False,False,0.000199,0.4,4,10,True,False
NonOverlappingTemplate,NonOverlappingTemplate,False,0.0,0.2,2,10,False,False,False,0.000199,0.4,4,10,True,False
NonOverlappingTemplate,NonOverlappingTemplate,False,0.0,0.2,2,10,False,False,False,0.000199,0.4,4,10,True,False
NonOverlappingTemplate,NonOverlappingTemplate,False,0.0,0.2,2,10,False,False,False,0.004301,0.5,5,10,True,False
NonOverlappingTemplate,NonOverlappingTemplate,False,0.0,0.2,2,10,False,False,False,0.000199,0.4,4,10,True,False
NonOverlappingTemplate,NonOverlappingTemplate,False,0.0,0.0,0,10,False,False,False,0.000439,0.4,4,10,True,False
NonOverlappingTemplate,NonOverlappingTemplate,False,0.0,0.0,0,10,False,False,False,0.000439,0.4,4,10,True,False
NonOverlappingTemplate,NonOverlappingTemplate,False,0.0,0.0,0,10,False,False,False,0.000199,0.4,4,10,True,False
NonOverlappingTemplate,NonOverlappingTemplate,False,0.0,0.0,0,10,False,False,False,0.000199,0.4,4,10,True,False
NonOverlappingTemplate,NonOverlappingTemplate,False,0.0,0.0,0,10,False,False,False,0.000199,0.4,4,10,True,False
NonOverlappingTemplate,NonOverlappingTemplate,False,0.0,0.0,0,10,False,False,False,0.004301,0.5,5,10,True,False
NonOverlappingTemplate,NonOverlappingTemplate,False,0.0,0.0,0,10,False,False,False,0.000199,0.4,4,10,True,False
NonOverlappingTemplate,NonOverlappingTemplate,False,0.0,0.1,1,10,False,False,False,0.000439,0.4,4,10,True,False
NonOverlappingTemplate,NonOverlappingTemplate,False,0.0,0.1,1,10,False,False,False,0.000439,0.4,4,10,True,False
NonOverlappingTemplate,NonOverlappingTemplate,False,0.0,0.1,1,10,False,False,False,0.000199,0.4,4,10,True,False
NonOverlappingTemplate,NonOverlappingTemplate,False,0.0,0.1,1,10,False,False,False,0.000199,0.4,4,10,True,False
NonOverlappingTemplate,NonOverlappingTemplate,False,0.0,0.1,1,10,False,False,False,0.000199,0.4,4,10,True,False
NonOverlappingTemplate,NonOverlappingTemplate,False,0.0,0.1,1,10,False,False,False,0.004301,0.5,5,10,True,False
NonOverlappingTemplate,NonOverlappingTemplate,False,0.0,0.1,1,10,False,False,False,0.000199,0.4,4,10,True,False
NonOverlappingTemplate,NonOverlappingTemplate,False,0.0,0.0,0,10,False,False,False,0.000439,0.4,4,10,True,False
NonOverlappingTemplate,NonOverlappingTemplate,False,0.0,0.0,0,10,False,False,False,0.000439,0.4,4,10,True,False
NonOverlappingTemplate,NonOverlappingTemplate,False,0.0,0.0,0,10,False,False,False,0.000199,0.4,4,10,True,False
NonOverlappingTemplate,NonOverlappingTemplate,False,0.0,0.0,0,10,False,False,False,0.000199,0.4,4,10,True,False
NonOverlappingTemplate,NonOverlappingTemplate,False,0.0,0.0,0,10,False,False,False,0.000199,0.4,4,10,True,False
NonOverlappingTemplate,NonOverlappingTemplate,False,0.0,0.0,0,10,False,False,False,0.004301,0.5,5,10,True,False
NonOverlappingTemplate,NonOverlappingTemplate,False,0.0,0.0,0,10,False,False,False,0.000199,0.4,4,10,True,False
NonOverlappingTemplate,NonOverlappingTemplate,False,0.0,0.0,0,10,False,False,False,0.000439,0.4,4,10,True,False
NonOverlappingTemplate,NonOverlappingTemplate,False,0.0,0.0,0,10,False,False,False,0.000439,0.4,4,10,True,False
NonOverlappingTemplate,NonOverlappingTemplate,False,0.0,0.0,0,10,False,False,False,0.000199,0.4,4,10,True,False
NonOverlappingTemplate,NonOverlappingTemplate,False,0.0,0.0,0,10,False,False,False,0.000199,0.4,4,10,True,False
NonOverlappingTemplate,NonOverlappingTemplate,False,0.0,0.0,0,10,False,False,False,0.000199,0.4,4,10,True,False
NonOverlappingTemplate,NonOverlappingTemplate,False,0.0,0.0,0,10,False,False,False,0.004301,0.5,5,10,True,False
NonOverlappingTemplate,NonOverlappingTemplate,False,0.0,0.0,0,10,False,False,False,0.000199,0.4,4,10,True,False
NonOverlappingTemplate,NonOverlappingTemplate,False,0.0,0.4,4,10,False,False,False,0.000439,0.4,4,10,True,False
NonOverlappingTemplate,NonOverlappingTemplate,False,0.0,0.4,4,10,False,False,False,0.000439,0.4,4,10,True,False
NonOverlappingTemplate,NonOverlappingTemplate,False,0.0,0.4,4,10,False,False,False,0.000199,0.4,4,10,True,False
NonOverlappingTemplate,NonOverlappingTemplate,False,0.0,0.4,4,10,False,False,False,0.000199,0.4,4,10,True,False
NonOverlappingTemplate,NonOverlappingTemplate,False,0.0,0.4,4,10,False,False,False,0.000199,0.4,4,10,True,False
NonOverlappingTemplate,NonOverlappingTemplate,False,0.0,0.4,4,10,False,False,False,0.004301,0.5,5,10,True,False
NonOverlappingTemplate,NonOverlappingTemplate,False,0.0,0.4,4,10,False,False,False,0.000199,0.4,4,10,True,False
NonOverlappingTemplate,NonOverlappingTemplate,False,0.0,0.2,2,10,False,False,False,0.000439,0.4,4,10,True,False
NonOverlappingTemplate,NonOverlappingTemplate,False,0.0,0.2,2,10,False,False,False,0.000439,0.4,4,10,True,False
NonOverlappingTemplate,NonOverlappingTemplate,False,0.0,0.2,2,10,False,False,False,0.000199,0.4,4,10,True,False
NonOverlappingTemplate,NonOverlappingTemplate,False,0.0,0.2,2,10,False,False,False,0.000199,0.4,4,10,True,False
NonOverlappingTemplate,NonOverlappingTemplate,False,0.0,0.2,2,10,False,False,False,0.000199,0.4,4,10,True,False
NonOverlappingTemplate,NonOverlappingTemplate,False,0.0,0.2,2,10,False,False,False,0.004301,0.5,5,10,True,False
NonOverlappingTemplate,NonOverlappingTemplate,False,0.0,0.2,2,10,False,False,False,0.000199,0.4,4,10,True,False
NonOverlappingTemplate,NonOverlappingTemplate,False,0.0,0.0,0,10,False,False,False,0.000439,0.4,4,10,True,False
NonOverlappingTemplate,NonOverlappingTemplate,False,0.0,0.0,0,10,False,False,False,0.000439,0.4,4,10,True,False
NonOverlappingTemplate,NonOverlappingTemplate,False,0.0,0.0,0,10,False,False,False,0.000199,0.4,4,10,True,False
NonOverlappingTemplate,NonOverlappingTemplate,False,0.0,0.0,0,10,False,False,False,0.000199,0.4,4,10,True,False
NonOverlappingTemplate,NonOverlappingTemplate,False,0.0,0.0,0,10,False,False,False,0.000199,0.4,4,10,True,False
NonOverlappingTemplate,NonOverlappingTemplate,False,0.0,0.0,0,10,False,False,False,0.004301,0.5,5,10,True,False
NonOverlappingTemplate,NonOverlappingTemplate,False,0.0,0.0,0,10,False,False,False,0.000199,0.4,4,10,True,False
NonOverlappingTemplate,NonOverlappingTemplate,False,0.0,0.2,2,10,False,False,False,0.000439,0.4,4,10,True,False
NonOverlappingTemplate,NonOverlappingTemplate,False,0.0,0.2,2,10,False,False,False,0.000439,0.4,4,10,True,False
NonOverlappingTemplate,NonOverlappingTemplate,False,0.0,0.2,2,10,False,False,False,0.000199,0.4,4,10,True,False
NonOverlappingTemplate,NonOverlappingTemplate,False,0.0,0.2,2,10,False,False,False,0.000199,0.4,4,10,True,False
NonOverlappingTemplate,NonOverlappingTemplate,False,0.0,0.2,2,10,False,False,False,0.000199,0.4,4,10,True,False
NonOverlappingTemplate,NonOverlappingTemplate,False,0.0,0.2,2,10,False,False,False,0.004301,0.5,5,10,True,False
NonOverlappingTemplate,NonOverlappingTemplate,False,0.0,0.2,2,10,False,False,False,0.000199,0.4,4,10,True,False
NonOverlappingTemplate,NonOverlappingTemplate,False,0.0,0.4,4,10,False,False,False,0.000439,0.4,4,10,True,False
NonOverlappingTemplate,NonOverlappingTemplate,False,0.0,0.4,4,10,False,False,False,0.000439,0.4,4,10,True,False
NonOverlappingTemplate,NonOverlappingTemplate,False,0.0,0.4,4,10,False,False,False,0.000199,0.4,4,10,True,False
NonOverlappingTemplate,NonOverlappingTemplate,False,0.0,0.4,4,10,False,False,False,0.000199,0.4,4,10,True,False
NonOverlappingTemplate,NonOverlappingTemplate,False,0.0,0.4,4,10,False,False,False,0.000199,0.4,4,10,True,False
NonOverlappingTemplate,NonOverlappingTemplate,False,0.0,0.4,4,10,False,False,False,0.004301,0.5,5,10,True,False
NonOverlappingTemplate,NonOverlappingTemplate,False,0.0,0.4,4,10,False,False,False,0.000199,0.4,4,10,True,False
NonOverlappingTemplate,NonOverlappingTemplate,False,3e-06,0.4,4,10,False,False,False,0.000439,0.4,4,10,True,False
NonOverlappingTemplate,NonOverlappingTemplate,False,3e-06,0.4,4,10,False,False,False,0.000439,0.4,4,10,True,False
NonOverlappingTemplate,NonOverlappingTemplate,False,3e-06,0.4,4,10,False,False,False,0.000199,0.4,4,10,True,False
NonOverlappingTemplate,NonOverlappingTemplate,False,3e-06,0.4,4,10,False,False,False,0.000199,0.4,4,10,True,False
NonOverlappingTemplate,NonOverlappingTemplate,False,3e-06,0.4,4,10,False,False,False,0.000199,0.4,4,10,True,False
NonOverlappingTemplate,NonOverlappingTemplate,False,3e-06,0.4,4,10,False,False,False,0.004301,0.5,5,10,True,False
NonOverlappingTemplate,NonOverlappingTemplate,False,3e-06,0.4,4,10,False,False,False,0.000199,0.4,4,10,True,False
NonOverlappingTemplate,NonOverlappingTemplate,False,0.0,0.0,0,10,False,False,False,0.000439,0.4,4,10,True,False
NonOverlappingTemplate,NonOverlappingTemplate,False,0.0,0.0,0,10,False,False,False,0.000439,0.4,4,10,True,False
NonOverlappingTemplate,NonOverlappingTemplate,False,0.0,0.0,0,10,False,False,False,0.000199,0.4,4,10,True,False
NonOverlappingTemplate,NonOverlappingTemplate,False,0.0,0.0,0,10,False,False,False,0.000199,0.4,4,10,True,False
NonOverlappingTemplate,NonOverlappingTemplate,False,0.0,0.0,0,10,False,False,False,0.000199,0.4,4,10,True,False
NonOverlappingTemplate,NonOverlappingTemplate,False,0.0,0.0,0,10,False,False,False,0.004301,0.5,5,10,True,False
NonOverlappingTemplate,NonOverlappingTemplate,False,0.0,0.0,0,10,False,False,False,0.000199,0.4,4,10,True,False
NonOverlappingTemplate,NonOverlappingTemplate,False,0.0,0.1,1,10,False,False,False,0.000439,0.4,4,10,True,False
NonOverlappingTemplate,NonOverlappingTemplate,False,0.0,0.1,1,10,False,False,False,0.000439,0.4,4,10,True,False
NonOverlappingTemplate,NonOverlappingTemplate,False,0.0,0.1,1,10,False,False,False,0.000199,0.4,4,10,True,False
NonOverlappingTemplate,NonOverlappingTemplate,False,0.0,0.1,1,10,False,False,False,0.000199,0.4,4,10,True,False
NonOverlappingTemplate,NonOverlappingTemplate,False,0.0,0.1,1,10,False,False,False,0.000199,0.4,4,10,True,False
NonOverlappingTemplate,NonOverlappingTemplate,False,0.0,0.1,1,10,False,False,False,0.004301,0.5,5,10,True,False
NonOverlappingTemplate,NonOverlappingTemplate,False,0.0,0.1,1,10,False,False,False,0.000199,0.4,4,10,True,False
NonOverlappingTemplate,NonOverlappingTemplate,False,0.0,0.1,1,10,False,False,False,0.000439,0.4,4,10,True,False
NonOverlappingTemplate,NonOverlappingTemplate,False,0.0,0.1,1,10,False,False,False,0.000439,0.4,4,10,True,False
NonOverlappingTemplate,NonOverlappingTemplate,False,0.0,0.1,1,10,False,False,False,0.000199,0.4,4,10,True,False
NonOverlappingTemplate,NonOverlappingTemplate,False,0.0,0.1,1,10,False,False,False,0.000199,0.4,4,10,True,False
NonOverlappingTemplate,NonOverlappingTemplate,False,0.0,0.1,1,10,False,False,False,0.000199,0.4,4,10,True,False
NonOverlappingTemplate,NonOverlappingTemplate,False,0.0,0.1,1,10,False,False,False,0.004301,0.5,5,10,True,False
NonOverlappingTemplate,NonOverlappingTemplate,False,0.0,0.1,1,10,False,False,False,0.000199,0.4,4,10,True,False
NonOverlappingTemplate,NonOverlappingTemplate,False,0.0,0.1,1,10,False,False,False,0.000439,0.4,4,10,True,False
NonOverlappingTemplate,NonOverlappingTemplate,False,0.0,0.1,1,10,False,False,False,0.000439,0.4,4,10,True,False
NonOverlappingTemplate,NonOverlappingTemplate,False,0.0,0.1,1,10,False,False,False,0.000199,0.4,4,10,True,False
NonOverlappingTemplate,NonOverlappingTemplate,False,0.0,0.1,1,10,False,False,False,0.000199,0.4,4,10,True,False
NonOverlappingTemplate,NonOverlappingTemplate,False,0.0,0.1,1,10,False,False,False,0.000199,0.4,4,10,True,False
NonOverlappingTemplate,NonOverlappingTemplate,False,0.0,0.1,1,10,False,False,False,0.004301,0.5,5,10,True,False
NonOverlappingTemplate,NonOverlappingTemplate,False,0.0,0.1,1,10,False,False,False,0.000199,0.4,4,10,True,False
NonOverlappingTemplate,NonOverlappingTemplate,False,1e-06,0.4,4,10,False,False,False,0.000439,0.4,4,10,True,False
NonOverlappingTemplate,NonOverlappingTemplate,False,1e-06,0.4,4,10,False,False,False,0.000439,0.4,4,10,True,False
NonOverlappingTemplate,NonOverlappingTemplate,False,1e-06,0.4,4,10,False,False,False,0.000199,0.4,4,10,True,False
NonOverlappingTemplate,NonOverlappingTemplate,False,1e-06,0.4,4,10,False,False,False,0.000199,0.4,4,10,True,False
NonOverlappingTemplate,NonOverlappingTemplate,False,1e-06,0.4,4,10,False,False,False,0.000199,0.4,4,10,True,False
NonOverlappingTemplate,NonOverlappingTemplate,False,1e-06,0.4,4,10,False,False,False,0.004301,0.5,5,10,True,False
NonOverlappingTemplate,NonOverlappingTemplate,False,1e-06,0.4,4,10,False,False,False,0.000199,0.4,4,10,True,False
NonOverlappingTemplate,NonOverlappingTemplate,False,0.0,0.3,3,10,False,False,False,0.000439,0.4,4,10,True,False
NonOverlappingTemplate,NonOverlappingTemplate,False,0.0,0.3,3,10,False,False,False,0.000439,0.4,4,10,True,False
NonOverlappingTemplate,NonOverlappingTemplate,False,0.0,0.3,3,10,False,False,False,0.000199,0.4,4,10,True,False
NonOverlappingTemplate,NonOverlappingTemplate,False,0.0,0.3,3,10,False,False,False,0.000199,0.4,4,10,True,False
NonOverlappingTemplate,NonOverlappingTemplate,False,0.0,0.3,3,10,False,False,False,0.000199,0.4,4,10,True,False
NonOverlappingTemplate,NonOverlappingTemplate,False,0.0,0.3,3,10,False,False,False,0.004301,0.5,5,10,True,False
NonOverlappingTemplate,NonOverlappingTemplate,False,0.0,0.3,3,10,False,False,False,0.000199,0.4,4,10,True,False
NonOverlappingTemplate,NonOverlappingTemplate,False,0.0,0.0,0,10,False,False,False,0.000439,0.4,4,10,True,False
NonOverlappingTemplate,NonOverlappingTemplate,False,0.0,0.0,0,10,False,False,False,0.000439,0.4,4,10,True,False
NonOverlappingTemplate,NonOverlappingTemplate,False,0.0,0.0,0,10,False,False,False,0.000199,0.4,4,10,True,False
NonOverlappingTemplate,NonOverlappingTemplate,False,0.0,0.0,0,10,False,False,False,0.000199,0.4,4,10,True,False
NonOverlappingTemplate,NonOverlappingTemplate,False,0.0,0.0,0,10,False,False,False,0.000199,0.4,4,10,True,False
NonOverlappingTemplate,NonOverlappingTemplate,False,0.0,0.0,0,10,False,False,False,0.004301,0.5,5,10,True,False
NonOverlappingTemplate,NonOverlappingTemplate,False,0.0,0.0,0,10,False,False,False,0.000199,0.4,4,10,True,False
NonOverlappingTemplate,NonOverlappingTemplate,False,0.0,0.0,0,10,False,False,False,0.000439,0.4,4,10,True,False
NonOverlappingTemplate,NonOverlappingTemplate,False,0.0,0.0,0,10,False,False,False,0.000439,0.4,4,10,True,False
NonOverlappingTemplate,NonOverlappingTemplate,False,0.0,0.0,0,10,False,False,False,0.000199,0.4,4,10,True,False
NonOverlappingTemplate,NonOverlappingTemplate,False,0.0,0.0,0,10,False,False,False,0.000199,0.4,4,10,True,False
NonOverlappingTemplate,NonOverlappingTemplate,False,0.0,0.0,0,10,False,False,False,0.000199,0.4,4,10,True,False
NonOverlappingTemplate,NonOverlappingTemplate,False,0.0,0.0,0,10,False,False,False,0.004301,0.5,5,10,True,False
NonOverlappingTemplate,NonOverlappingTemplate,False,0.0,0.0,0,10,False,False,False,0.000199,0.4,4,10,True,False
NonOverlappingTemplate,NonOverlappingTemplate,False,0.0,0.0,0,10,False,False,False,0.000439,0.4,4,10,True,False
NonOverlappingTemplate,NonOverlappingTemplate,False,0.0,0.0,0,10,False,False,False,0.000439,0.4,4,10,True,False
NonOverlappingTemplate,NonOverlappingTemplate,False,0.0,0.0,0,10,False,False,False,0.000199,0.4,4,10,True,False
NonOverlappingTemplate,NonOverlappingTemplate,False,0.0,0.0,0,10,False,False,False,0.000199,0.4,4,10,True,False
NonOverlappingTemplate,NonOverlappingTemplate,False,0.0,0.0,0,10,False,False,False,0.000199,0.4,4,10,True,False
NonOverlappingTemplate,NonOverlappingTemplate,False,0.0,0.0,0,10,False,False,False,0.004301,0.5,5,10,True,False
NonOverlappingTemplate,NonOverlappingTemplate,False,0.0,0.0,0,10,False,False,False,0.000199,0.4,4,10,True,False
NonOverlappingTemplate,NonOverlappingTemplate,False,0.0,0.2,2,10,False,False,False,0.000439,0.4,4,10,True,False
NonOverlappingTemplate,NonOverlappingTemplate,False,0.0,0.2,2,10,False,False,False,0.000439,0.4,4,10,True,False
NonOverlappingTemplate,NonOverlappingTemplate,False,0.0,0.2,2,10,False,False,False,0.000199,0.4,4,10,True,False
NonOverlappingTemplate,NonOverlappingTemplate,False,0.0,0.2,2,10,False,False,False,0.000199,0.4,4,10,True,False
NonOverlappingTemplate,NonOverlappingTemplate,False,0.0,0.2,2,10,False,False,False,0.000199,0.4,4,10,True,False
NonOverlappingTemplate,NonOverlappingTemplate,False,0.0,0.2,2,10,False,False,False,0.004301,0.5,5,10,True,False
NonOverlappingTemplate,NonOverlappingTemplate,False,0.0,0.2,2,10,False,False,False,0.000199,0.4,4,10,True,False
NonOverlappingTemplate,NonOverlappingTemplate,False,0.0,0.0,0,10,False,False,False,0.000439,0.4,4,10,True,False
NonOverlappingTemplate,NonOverlappingTemplate,False,0.0,0.0,0,10,False,False,False,0.000439,0.4,4,10,True,False
NonOverlappingTemplate,NonOverlappingTemplate,False,0.0,0.0,0,10,False,False,False,0.000199,0.4,4,10,True,False
NonOverlappingTemplate,NonOverlappingTemplate,False,0.0,0.0,0,10,False,False,False,0.000199,0.4,4,10,True,False
NonOverlappingTemplate,NonOverlappingTemplate,False,0.0,0.0,0,10,False,False,False,0.000199,0.4,4,10,True,False
NonOverlappingTemplate,NonOverlappingTemplate,False,0.0,0.0,0,10,False,False,False,0.004301,0.5,5,10,True,False
NonOverlappingTemplate,NonOverlappingTemplate,False,0.0,0.0,0,10,False,False,False,0.000199,0.4,4,10,True,False
NonOverlappingTemplate,NonOverlappingTemplate,False,0.0,0.1,1,10,False,False,False,0.000439,0.4,4,10,True,False
NonOverlappingTemplate,NonOverlappingTemplate,False,0.0,0.1,1,10,False,False,False,0.000439,0.4,4,10,True,False
NonOverlappingTemplate,NonOverlappingTemplate,False,0.0,0.1,1,10,False,False,False,0.000199,0.4,4,10,True,False
NonOverlappingTemplate,NonOverlappingTemplate,False,0.0,0.1,1,10,False,False,False,0.000199,0.4,4,10,True,False
NonOverlappingTemplate,NonOverlappingTemplate,False,0.0,0.1,1,10,False,False,False,0.000199,0.4,4,10,True,False
NonOverlappingTemplate,NonOverlappingTemplate,False,0.0,0.1,1,10,False,False,False,0.004301,0.5,5,10,True,False
NonOverlappingTemplate,NonOverlappingTemplate,False,0.0,0.1,1,10,False,False,False,0.000199,0.4,4,10,True,False
NonOverlappingTemplate,NonOverlappingTemplate,False,0.0,0.0,0,10,False,False,False,0.000439,0.4,4,10,True,False
NonOverlappingTemplate,NonOverlappingTemplate,False,0.0,0.0,0,10,False,False,False,0.000439,0.4,4,10,True,False
NonOverlappingTemplate,NonOverlappingTemplate,False,0.0,0.0,0,10,False,False,False,0.000199,0.4,4,10,True,False
NonOverlappingTemplate,NonOverlappingTemplate,False,0.0,0.0,0,10,False,False,False,0.000199,0.4,4,10,True,False
NonOverlappingTemplate,NonOverlappingTemplate,False,0.0,0.0,0,10,False,False,False,0.000199,0.4,4,10,True,False
NonOverlappingTemplate,NonOverlappingTemplate,False,0.0,0.0,0,10,False,False,False,0.004301,0.5,5,10,True,False
NonOverlappingTemplate,NonOverlappingTemplate,False,0.0,0.0,0,10,False,False,False,0.000199,0.4,4,10,True,False
NonOverlappingTemplate,NonOverlappingTemplate,False,0.0,0.0,0,10,False,False,False,0.000439,0.4,4,10,True,False
NonOverlappingTemplate,NonOverlappingTemplate,False,0.0,0.0,0,10,False,False,False,0.000439,0.4,4,10,True,False
NonOverlappingTemplate,NonOverlappingTemplate,False,0.0,0.0,0,10,False,False,False,0.000199,0.4,4,10,True,False
NonOverlappingTemplate,NonOverlappingTemplate,False,0.0,0.0,0,10,False,False,False,0.000199,0.4,4,10,True,False
NonOverlappingTemplate,NonOverlappingTemplate,False,0.0,0.0,0,10,False,False,False,0.000199,0.4,4,10,True,False
NonOverlappingTemplate,NonOverlappingTemplate,False,0.0,0.0,0,10,False,False,False,0.004301,0.5,5,10,True,False
NonOverlappingTemplate,NonOverlappingTemplate,False,0.0,0.0,0,10,False,False,False,0.000199,0.4,4,10,True,False
NonOverlappingTemplate,NonOverlappingTemplate,False,0.0,0.1,1,10,False,False,False,0.000439,0.4,4,10,True,False
NonOverlappingTemplate,NonOverlappingTemplate,False,0.0,0.1,1,10,False,False,False,0.000439,0.4,4,10,True,False
NonOverlappingTemplate,NonOverlappingTemplate,False,0.0,0.1,1,10,False,False,False,0.000199,0.4,4,10,True,False
NonOverlappingTemplate,NonOverlappingTemplate,False,0.0,0.1,1,10,False,False,False,0.000199,0.4,4,10,True,False
NonOverlappingTemplate,NonOverlappingTemplate,False,0.0,0.1,1,10,False,False,False,0.000199,0.4,4,10,True,False
NonOverlappingTemplate,NonOverlappingTemplate,False,0.0,0.1,1,10,False,False,False,0.004301,0.5,5,10,True,False
NonOverlappingTemplate,NonOverlappingTemplate,False,0.0,0.1,1,10,False,False,False,0.000199,0.4,4,10,True,False
NonOverlappingTemplate,NonOverlappingTemplate,False,0.0,0.0,0,10,False,False,False,0.000439,0.4,4,10,True,False
NonOverlappingTemplate,NonOverlappingTemplate,False,0.0,0.0,0,10,False,False,False,0.000439,0.4,4,10,True,False
NonOverlappingTemplate,NonOverlappingTemplate,False,0.0,0.0,0,10,False,False,False,0.000199,0.4,4,10,True,False
NonOverlappingTemplate,NonOverlappingTemplate,False,0.0,0.0,0,10,False,False,False,0.000199,0.4,4,10,True,False
NonOverlappingTemplate,NonOverlappingTemplate,False,0.0,0.0,0,10,False,False,False,0.000199,0.4,4,10,True,False
NonOverlappingTemplate,NonOverlappingTemplate,False,0.0,0.0,0,10,False,False,False,0.004301,0.5,5,10,True,False
NonOverlappingTemplate,NonOverlappingTemplate,False,0.0,0.0,0,10,False,False,False,0.000199,0.4,4,10,True,False
NonOverlappingTemplate,NonOverlappingTemplate,False,0.0,0.0,0,10,False,False,False,0.000439,0.4,4,10,True,False
NonOverlappingTemplate,NonOverlappingTemplate,False,0.0,0.0,0,10,False,False,False,0.000439,0.4,4,10,True,False
NonOverlappingTemplate,NonOverlappingTemplate,False,0.0,0.0,0,10,False,False,False,0.000199,0.4,4,10,True,False
NonOverlappingTemplate,NonOverlappingTemplate,False,0.0,0.0,0,10,False,False,False,0.000199,0.4,4,10,True,False
NonOverlappingTemplate,NonOverlappingTemplate,False,0.0,0.0,0,10,False,False,False,0.000199,0.4,4,10,True,False
NonOverlappingTemplate,NonOverlappingTemplate,False,0.0,0.0,0,10,False,False,False,0.004301,0.5,5,10,True,False
NonOverlappingTemplate,NonOverlappingTemplate,False,0.0,0.0,0,10,False,False,False,0.000199,0.4,4,10,True,False
NonOverlappingTemplate,NonOverlappingTemplate,False,0.0,0.4,4,10,False,False,False,0.000439,0.4,4,10,True,False
NonOverlappingTemplate,NonOverlappingTemplate,False,0.0,0.4,4,10,False,False,False,0.000439,0.4,4,10,True,False
NonOverlappingTemplate,NonOverlappingTemplate,False,0.0,0.4,4,10,False,False,False,0.000199,0.4,4,10,True,False
NonOverlappingTemplate,NonOverlappingTemplate,False,0.0,0.4,4,10,False,False,False,0.000199,0.4,4,10,True,False
NonOverlappingTemplate,NonOverlappingTemplate,False,0.0,0.4,4,10,False,False,False,0.000199,0.4,4,10,True,False
NonOverlappingTemplate,NonOverlappingTemplate,False,0.0,0.4,4,10,False,False,False,0.004301,0.5,5,10,True,False
NonOverlappingTemplate,NonOverlappingTemplate,False,0.0,0.4,4,10,False,False,False,0.000199,0.4,4,10,True,False
NonOverlappingTemplate,NonOverlappingTemplate,False,0.0,0.0,0,10,False,False,False,0.000439,0.4,4,10,True,False
NonOverlappingTemplate,NonOverlappingTemplate,False,0.0,0.0,0,10,False,False,False,0.000439,0.4,4,10,True,False
NonOverlappingTemplate,NonOverlappingTemplate,False,0.0,0.0,0,10,False,False,False,0.000199,0.4,4,10,True,False
NonOverlappingTemplate,NonOverlappingTemplate,False,0.0,0.0,0,10,False,False,False,0.000199,0.4,4,10,True,False
NonOverlappingTemplate,NonOverlappingTemplate,False,0.0,0.0,0,10,False,False,False,0.000199,0.4,4,10,True,False
NonOverlappingTemplate,NonOverlappingTemplate,False,0.0,0.0,0,10,False,False,False,0.004301,0.5,5,10,True,False
NonOverlappingTemplate,NonOverlappingTemplate,False,0.0,0.0,0,10,False,False,False,0.000199,0.4,4,10,True,False
NonOverlappingTemplate,NonOverlappingTemplate,False,0.0,0.5,5,10,False,False,False,0.000439,0.4,4,10,True,False
NonOverlappingTemplate,NonOverlappingTemplate,False,0.0,0.5,5,10,False,False,False,0.000439,0.4,4,10,True,False
NonOverlappingTemplate,NonOverlappingTemplate,False,0.0,0.5,5,10,False,False,False,0.000199,0.4,4,10,True,False
NonOverlappingTemplate,NonOverlappingTemplate,False,0.0,0.5,5,10,False,False,False,0.000199,0.4,4,10,True,False
NonOverlappingTemplate,NonOverlappingTemplate,False,0.0,0.5,5,10,False,False,False,0.000199,0.4,4,10,True,False
NonOverlappingTemplate,NonOverlappingTemplate,False,0.0,0.5,5,10,False,False,False,0.004301,0.5,5,10,True,False
NonOverlappingTemplate,NonOverlappingTemplate,False,0.0,0.5,5,10,False,False,False,0.000199,0.4,4,10,True,False
NonOverlappingTemplate,NonOverlappingTemplate,False,0.0,0.0,0,10,False,False,False,0.000439,0.4,4,10,True,False
NonOverlappingTemplate,NonOverlappingTemplate,False,0.0,0.0,0,10,False,False,False,0.000439,0.4,4,10,True,False
NonOverlappingTemplate,NonOverlappingTemplate,False,0.0,0.0,0,10,False,False,False,0.000199,0.4,4,10,True,False
NonOverlappingTemplate,NonOverlappingTemplate,False,0.0,0.0,0,10,False,False,False,0.000199,0.4,4,10,True,False
NonOverlappingTemplate,NonOverlappingTemplate,False,0.0,0.0,0,10,False,False,False,0.000199,0.4,4,10,True,False
NonOverlappingTemplate,NonOverlappingTemplate,False,0.0,0.0,0,10,False,False,False,0.004301,0.5,5,10,True,False
NonOverlappingTemplate,NonOverlappingTemplate,False,0.0,0.0,0,10,False,False,False,0.000199,0.4,4,10,True,False
NonOverlappingTemplate,NonOverlappingTemplate,False,0.0,0.0,0,10,False,False,False,0.000439,0.4,4,10,True,False
NonOverlappingTemplate,NonOverlappingTemplate,False,0.0,0.0,0,10,False,False,False,0.000439,0.4,4,10,True,False
NonOverlappingTemplate,NonOverlappingTemplate,False,0.0,0.0,0,10,False,False,False,0.000199,0.4,4,10,True,False
NonOverlappingTemplate,NonOverlappingTemplate,False,0.0,0.0,0,10,False,False,False,0.000199,0.4,4,10,True,False
NonOverlappingTemplate,NonOverlappingTemplate,False,0.0,0.0,0,10,False,False,False,0.000199,0.4,4,10,True,False
NonOverlappingTemplate,NonOverlappingTemplate,False,0.0,0.0,0,10,False,False,False,0.004301,0.5,5,10,True,False
NonOverlappingTemplate,NonOverlappingTemplate,False,0.0,0.0,0,10,False,False,False,0.000199,0.4,4,10,True,False
NonOverlappingTemplate,NonOverlappingTemplate,False,0.0,0.1,1,10,False,False,False,0.000439,0.4,4,10,True,False
NonOverlappingTemplate,NonOverlappingTemplate,False,0.0,0.1,1,10,False,False,False,0.000439,0.4,4,10,True,False
NonOverlappingTemplate,NonOverlappingTemplate,False,0.0,0.1,1,10,False,False,False,0.000199,0.4,4,10,True,False
NonOverlappingTemplate,NonOverlappingTemplate,False,0.0,0.1,1,10,False,False,False,0.000199,0.4,4,10,True,False
NonOverlappingTemplate,NonOverlappingTemplate,False,0.0,0.1,1,10,False,False,False,0.000199,0.4,4,10,True,False
NonOverlappingTemplate,NonOverlappingTemplate,False,0.0,0.1,1,10,False,False,False,0.004301,0.5,5,10,True,False
NonOverlappingTemplate,NonOverlappingTemplate,False,0.0,0.1,1,10,False,False,False,0.000199,0.4,4,10,True,False
NonOverlappingTemplate,NonOverlappingTemplate,False,0.0,0.2,2,10,False,False,False,0.000439,0.4,4,10,True,False
NonOverlappingTemplate,NonOverlappingTemplate,False,0.0,0.2,2,10,False,False,False,0.000439,0.4,4,10,True,False
NonOverlappingTemplate,NonOverlappingTemplate,False,0.0,0.2,2,10,False,False,False,0.000199,0.4,4,10,True,False
NonOverlappingTemplate,NonOverlappingTemplate,False,0.0,0.2,2,10,False,False,False,0.000199,0.4,4,10,True,False
NonOverlappingTemplate,NonOverlappingTemplate,False,0.0,0.2,2,10,False,False,False,0.000199,0.4,4,10,True,False
NonOverlappingTemplate,NonOverlappingTemplate,False,0.0,0.2,2,10,False,False,False,0.004301,0.5,5,10,True,False
NonOverlappingTemplate,NonOverlappingTemplate,False,0.0,0.2,2,10,False,False,False,0.000199,0.4,4,10,True,False
NonOverlappingTemplate,NonOverlappingTemplate,False,0.0,0.0,0,10,False,False,False,0.000439,0.4,4,10,True,False
NonOverlappingTemplate,NonOverlappingTemplate,False,0.0,0.0,0,10,False,False,False,0.000439,0.4,4,10,True,False
NonOverlappingTemplate,NonOverlappingTemplate,False,0.0,0.0,0,10,False,False,False,0.000199,0.4,4,10,True,False
NonOverlappingTemplate,NonOverlappingTemplate,False,0.0,0.0,0,10,False,False,False,0.000199,0.4,4,10,True,False
NonOverlappingTemplate,NonOverlappingTemplate,False,0.0,0.0,0,10,False,False,False,0.000199,0.4,4,10,True,False
NonOverlappingTemplate,NonOverlappingTemplate,False,0.0,0.0,0,10,False,False,False,0.004301,0.5,5,10,True,False
NonOverlappingTemplate,NonOverlappingTemplate,False,0.0,0.0,0,10,False,False,False,0.000199,0.4,4,10,True,False
NonOverlappingTemplate,NonOverlappingTemplate,False,3e-06,0.5,5,10,False,False,False,0.000439,0.4,4,10,True,False
NonOverlappingTemplate,NonOverlappingTemplate,False,3e-06,0.5,5,10,False,False,False,0.000439,0.4,4,10,True,False
NonOverlappingTemplate,NonOverlappingTemplate,False,3e-06,0.5,5,10,False,False,False,0.000199,0.4,4,10,True,False
NonOverlappingTemplate,NonOverlappingTemplate,False,3e-06,0.5,5,10,False,False,False,0.000199,0.4,4,10,True,False
NonOverlappingTemplate,NonOverlappingTemplate,False,3e-06,0.5,5,10,False,False,False,0.000199,0.4,4,10,True,False
NonOverlappingTemplate,NonOverlappingTemplate,False,3e-06,0.5,5,10,False,False,False,0.004301,0.5,5,10,True,False
NonOverlappingTemplate,NonOverlappingTemplate,False,3e-06,0.5,5,10,False,False,False,0.000199,0.4,4,10,True,False
NonOverlappingTemplate,NonOverlappingTemplate,False,0.0,0.1,1,10,False,False,False,0.000439,0.4,4,10,True,False
NonOverlappingTemplate,NonOverlappingTemplate,False,0.0,0.1,1,10,False,False,False,0.000439,0.4,4,10,True,False
NonOverlappingTemplate,NonOverlappingTemplate,False,0.0,0.1,1,10,False,False,False,0.000199,0.4,4,10,True,False
NonOverlappingTemplate,NonOverlappingTemplate,False,0.0,0.1,1,10,False,False,False,0.000199,0.4,4,10,True,False
NonOverlappingTemplate,NonOverlappingTemplate,False,0.0,0.1,1,10,False,False,False,0.000199,0.4,4,10,True,False
NonOverlappingTemplate,NonOverlappingTemplate,False,0.0,0.1,1,10,False,False,False,0.004301,0.5,5,10,True,False
NonOverlappingTemplate,NonOverlappingTemplate,False,0.0,0.1,1,10,False,False,False,0.000199,0.4,4,10,True,False
NonOverlappingTemplate,NonOverlappingTemplate,False,1e-06,0.4,4,10,False,False,False,0.000439,0.4,4,10,True,False
NonOverlappingTemplate,NonOverlappingTemplate,False,1e-06,0.4,4,10,False,False,False,0.000439,0.4,4,10,True,False
NonOverlappingTemplate,NonOverlappingTemplate,False,1e-06,0.4,4,10,False,False,False,0.000199,0.4,4,10,True,False
NonOverlappingTemplate,NonOverlappingTemplate,False,1e-06,0.4,4,10,False,False,False,0.000199,0.4,4,10,True,False
NonOverlappingTemplate,NonOverlappingTemplate,False,1e-06,0.4,4,10,False,False,False,0.000199,0.4,4,10,True,False
NonOverlappingTemplate,NonOverlappingTemplate,False,1e-06,0.4,4,10,False,False,False,0.004301,0.5,5,10,True,False
NonOverlappingTemplate,NonOverlappingTemplate,False,1e-06,0.4,4,10,False,False,False,0.000199,0.4,4,10,True,False
NonOverlappingTemplate,NonOverlappingTemplate,False,0.0,0.0,0,10,False,False,False,0.000439,0.4,4,10,True,False
NonOverlappingTemplate,NonOverlappingTemplate,False,0.0,0.0,0,10,False,False,False,0.000439,0.4,4,10,True,False
NonOverlappingTemplate,NonOverlappingTemplate,False,0.0,0.0,0,10,False,False,False,0.000199,0.4,4,10,True,False
NonOverlappingTemplate,NonOverlappingTemplate,False,0.0,0.0,0,10,False,False,False,0.000199,0.4,4,10,True,False
NonOverlappingTemplate,NonOverlappingTemplate,False,0.0,0.0,0,10,False,False,False,0.000199,0.4,4,10,True,False
NonOverlappingTemplate,NonOverlappingTemplate,False,0.0,0.0,0,10,False,False,False,0.004301,0.5,5,10,True,False
NonOverlappingTemplate,NonOverlappingTemplate,False,0.0,0.0,0,10,False,False,False,0.000199,0.4,4,10,True,False
NonOverlappingTemplate,NonOverlappingTemplate,False,0.0,0.0,0,10,False,False,False,0.000439,0.4,4,10,True,False
NonOverlappingTemplate,NonOverlappingTemplate,False,0.0,0.0,0,10,False,False,False,0.000439,0.4,4,10,True,False
NonOverlappingTemplate,NonOverlappingTemplate,False,0.0,0.0,0,10,False,False,False,0.000199,0.4,4,10,True,False
NonOverlappingTemplate,NonOverlappingTemplate,False,0.0,0.0,0,10,False,False,False,0.000199,0.4,4,10,True,False
NonOverlappingTemplate,NonOverlappingTemplate,False,0.0,0.0,0,10,False,False,False,0.000199,0.4,4,10,True,False
NonOverlappingTemplate,NonOverlappingTemplate,False,0.0,0.0,0,10,False,False,False,0.004301,0.5,5,10,True,False
NonOverlappingTemplate,NonOverlappingTemplate,False,0.0,0.0,0,10,False,False,False,0.000199,0.4,4,10,True,False
NonOverlappingTemplate,NonOverlappingTemplate,False,0.0,0.0,0,10,False,False,False,0.000439,0.4,4,10,True,False
NonOverlappingTemplate,NonOverlappingTemplate,False,0.0,0.0,0,10,False,False,False,0.000439,0.4,4,10,True,False
NonOverlappingTemplate,NonOverlappingTemplate,False,0.0,0.0,0,10,False,False,False,0.000199,0.4,4,10,True,False
NonOverlappingTemplate,NonOverlappingTemplate,False,0.0,0.0,0,10,False,False,False,0.000199,0.4,4,10,True,False
NonOverlappingTemplate,NonOverlappingTemplate,False,0.0,0.0,0,10,False,False,False,0.000199,0.4,4,10,True,False
NonOverlappingTemplate,NonOverlappingTemplate,False,0.0,0.0,0,10,False,False,False,0.004301,0.5,5,10,True,False
NonOverlappingTemplate,NonOverlappingTemplate,False,0.0,0.0,0,10,False,False,False,0.000199,0.4,4,10,True,False
NonOverlappingTemplate,NonOverlappingTemplate,False,0.0,0.1,1,10,False,False,False,0.000439,0.4,4,10,True,False
NonOverlappingTemplate,NonOverlappingTemplate,False,0.0,0.1,1,10,False,False,False,0.000439,0.4,4,10,True,False
NonOverlappingTemplate,NonOverlappingTemplate,False,0.0,0.1,1,10,False,False,False,0.000199,0.4,4,10,True,False
NonOverlappingTemplate,NonOverlappingTemplate,False,0.0,0.1,1,10,False,False,False,0.000199,0.4,4,10,True,False
NonOverlappingTemplate,NonOverlappingTemplate,False,0.0,0.1,1,10,False,False,False,0.000199,0.4,4,10,True,False
NonOverlappingTemplate,NonOverlappingTemplate,False,0.0,0.1,1,10,False,False,False,0.004301,0.5,5,10,True,False
NonOverlappingTemplate,NonOverlappingTemplate,False,0.0,0.1,1,10,False,False,False,0.000199,0.4,4,10,True,False
NonOverlappingTemplate,NonOverlappingTemplate,False,0.0,0.0,0,10,False,False,False,0.000439,0.4,4,10,True,False
NonOverlappingTemplate,NonOverlappingTemplate,False,0.0,0.0,0,10,False,False,False,0.000439,0.4,4,10,True,False
NonOverlappingTemplate,NonOverlappingTemplate,False,0.0,0.0,0,10,False,False,False,0.000199,0.4,4,10,True,False
NonOverlappingTemplate,NonOverlappingTemplate,False,0.0,0.0,0,10,False,False,False,0.000199,0.4,4,10,True,False
NonOverlappingTemplate,NonOverlappingTemplate,False,0.0,0.0,0,10,False,False,False,0.000199,0.4,4,10,True,False
NonOverlappingTemplate,NonOverlappingTemplate,False,0.0,0.0,0,10,False,False,False,0.004301,0.5,5,10,True,False
NonOverlappingTemplate,NonOverlappingTemplate,False,0.0,0.0,0,10,False,False,False,0.000199,0.4,4,10,True,False
NonOverlappingTemplate,NonOverlappingTemplate,False,0.0,0.0,0,10,False,False,False,0.000439,0.4,4,10,True,False
NonOverlappingTemplate,NonOverlappingTemplate,False,0.0,0.0,0,10,False,False,False,0.000439,0.4,4,10,True,False
NonOverlappingTemplate,NonOverlappingTemplate,False,0.0,0.0,0,10,False,False,False,0.000199,0.4,4,10,True,False
NonOverlappingTemplate,NonOverlappingTemplate,False,0.0,0.0,0,10,False,False,False,0.000199,0.4,4,10,True,False
NonOverlappingTemplate,NonOverlappingTemplate,False,0.0,0.0,0,10,False,False,False,0.000199,0.4,4,10,True,False
NonOverlappingTemplate,NonOverlappingTemplate,False,0.0,0.0,0,10,False,False,False,0.004301,0.5,5,10,True,False
NonOverlappingTemplate,NonOverlappingTemplate,False,0.0,0.0,0,10,False,False,False,0.000199,0.4,4,10,True,False
NonOverlappingTemplate,NonOverlappingTemplate,False,0.0,0.0,0,10,False,False,False,0.000439,0.4,4,10,True,False
NonOverlappingTemplate,NonOverlappingTemplate,False,0.0,0.0,0,10,False,False,False,0.000439,0.4,4,10,True,False
NonOverlappingTemplate,NonOverlappingTemplate,False,0.0,0.0,0,10,False,False,False,0.000199,0.4,4,10,True,False
NonOverlappingTemplate,NonOverlappingTemplate,False,0.0,0.0,0,10,False,False,False,0.000199,0.4,4,10,True,False
NonOverlappingTemplate,NonOverlappingTemplate,False,0.0,0.0,0,10,False,False,False,0.000199,0.4,4,10,True,False
NonOverlappingTemplate,NonOverlappingTemplate,False,0.0,0.0,0,10,False,False,False,0.004301,0.5,5,10,True,False
NonOverlappingTemplate,NonOverlappingTemplate,False,0.0,0.0,0,10,False,False,False,0.000199,0.4,4,10,True,False
NonOverlappingTemplate,NonOverlappingTemplate,False,0.0,0.1,1,10,False,False,False,0.000439,0.4,4,10,True,False
NonOverlappingTemplate,NonOverlappingTemplate,False,0.0,0.1,1,10,False,False,False,0.000439,0.4,4,10,True,False
NonOverlappingTemplate,NonOverlappingTemplate,False,0.0,0.1,1,10,False,False,False,0.000199,0.4,4,10,True,False
NonOverlappingTemplate,NonOverlappingTemplate,False,0.0,0.1,1,10,False,False,False,0.000199,0.4,4,10,True,False
NonOverlappingTemplate,NonOverlappingTemplate,False,0.0,0.1,1,10,False,False,False,0.000199,0.4,4,10,True,False
NonOverlappingTemplate,NonOverlappingTemplate,False,0.0,0.1,1,10,False,False,False,0.004301,0.5,5,10,True,False
NonOverlappingTemplate,NonOverlappingTemplate,False,0.0,0.1,1,10,False,False,False,0.000199,0.4,4,10,True,False
NonOverlappingTemplate,NonOverlappingTemplate,False,0.0,0.1,1,10,False,False,False,0.000439,0.4,4,10,True,False
NonOverlappingTemplate,NonOverlappingTemplate,False,0.0,0.1,1,10,False,False,False,0.000439,0.4,4,10,True,False
NonOverlappingTemplate,NonOverlappingTemplate,False,0.0,0.1,1,10,False,False,False,0.000199,0.4,4,10,True,False
NonOverlappingTemplate,NonOverlappingTemplate,False,0.0,0.1,1,10,False,False,False,0.000199,0.4,4,10,True,False
NonOverlappingTemplate,NonOverlappingTemplate,False,0.0,0.1,1,10,False,False,False,0.000199,0.4,4,10,True,False
NonOverlappingTemplate,NonOverlappingTemplate,False,0.0,0.1,1,10,False,False,False,0.004301,0.5,5,10,True,False
NonOverlappingTemplate,NonOverlappingTemplate,False,0.0,0.1,1,10,False,False,False,0.000199,0.4,4,10,True,False
NonOverlappingTemplate,NonOverlappingTemplate,False,0.0,0.0,0,10,False,False,False,0.000439,0.4,4,10,True,False
NonOverlappingTemplate,NonOverlappingTemplate,False,0.0,0.0,0,10,False,False,False,0.000439,0.4,4,10,True,False
NonOverlappingTemplate,NonOverlappingTemplate,False,0.0,0.0,0,10,False,False,False,0.000199,0.4,4,10,True,False
NonOverlappingTemplate,NonOverlappingTemplate,False,0.0,0.0,0,10,False,False,False,0.000199,0.4,4,10,True,False
NonOverlappingTemplate,NonOverlappingTemplate,False,0.0,0.0,0,10,False,False,False,0.000199,0.4,4,10,True,False
NonOverlappingTemplate,NonOverlappingTemplate,False,0.0,0.0,0,10,False,False,False,0.004301,0.5,5,10,True,False
NonOverlappingTemplate,NonOverlappingTemplate,False,0.0,0.0,0,10,False,False,False,0.000199,0.4,4,10,True,False
NonOverlappingTemplate,NonOverlappingTemplate,False,0.0,0.0,0,10,False,False,False,0.000439,0.4,4,10,True,False
NonOverlappingTemplate,NonOverlappingTemplate,False,0.0,0.0,0,10,False,False,False,0.000439,0.4,4,10,True,False
NonOverlappingTemplate,NonOverlappingTemplate,False,0.0,0.0,0,10,False,False,False,0.000199,0.4,4,10,True,False
NonOverlappingTemplate,NonOverlappingTemplate,False,0.0,0.0,0,10,False,False,False,0.000199,0.4,4,10,True,False
NonOverlappingTemplate,NonOverlappingTemplate,False,0.0,0.0,0,10,False,False,False,0.000199,0.4,4,10,True,False
NonOverlappingTemplate,NonOverlappingTemplate,False,0.0,0.0,0,10,False,False,False,0.004301,0.5,5,10,True,False
NonOverlappingTemplate,NonOverlappingTemplate,False,0.0,0.0,0,10,False,False,False,0.000199,0.4,4,10,True,False
NonOverlappingTemplate,NonOverlappingTemplate,False,0.0,0.0,0,10,False,False,False,0.000439,0.4,4,10,True,False
NonOverlappingTemplate,NonOverlappingTemplate,False,0.0,0.0,0,10,False,False,False,0.000439,0.4,4,10,True,False
NonOverlappingTemplate,NonOverlappingTemplate,False,0.0,0.0,0,10,False,False,False,0.000199,0.4,4,10,True,False
NonOverlappingTemplate,NonOverlappingTemplate,False,0.0,0.0,0,10,False,False,False,0.000199,0.4,4,10,True,False
NonOverlappingTemplate,NonOverlappingTemplate,False,0.0,0.0,0,10,False,False,False,0.000199,0.4,4,10,True,False
NonOverlappingTemplate,NonOverlappingTemplate,False,0.0,0.0,0,10,False,False,False,0.004301,0.5,5,10,True,False
NonOverlappingTemplate,NonOverlappingTemplate,False,0.0,0.0,0,10,False,False,False,0.000199,0.4,4,10,True,False
NonOverlappingTemplate,NonOverlappingTemplate,False,0.0,0.3,3,10,False,False,False,0.000439,0.4,4,10,True,False
NonOverlappingTemplate,NonOverlappingTemplate,False,0.0,0.3,3,10,False,False,False,0.000439,0.4,4,10,True,False
NonOverlappingTemplate,NonOverlappingTemplate,False,0.0,0.3,3,10,False,False,False,0.000199,0.4,4,10,True,False
NonOverlappingTemplate,NonOverlappingTemplate,False,0.0,0.3,3,10,False,False,False,0.000199,0.4,4,10,True,False
NonOverlappingTemplate,NonOverlappingTemplate,False,0.0,0.3,3,10,False,False,False,0.000199,0.4,4,10,True,False
NonOverlappingTemplate,NonOverlappingTemplate,False,0.0,0.3,3,10,False,False,False,0.004301,0.5,5,10,True,False
NonOverlappingTemplate,NonOverlappingTemplate,False,0.0,0.3,3,10,False,False,False,0.000199,0.4,4,10,True,False
NonOverlappingTemplate,NonOverlappingTemplate,False,0.0,0.1,1,10,False,False,False,0.000439,0.4,4,10,True,False
NonOverlappingTemplate,NonOverlappingTemplate,False,0.0,0.1,1,10,False,False,False,0.000439,0.4,4,10,True,False
NonOverlappingTemplate,NonOverlappingTemplate,False,0.0,0.1,1,10,False,False,False,0.000199,0.4,4,10,True,False
NonOverlappingTemplate,NonOverlappingTemplate,False,0.0,0.1,1,10,False,False,False,0.000199,0.4,4,10,True,False
NonOverlappingTemplate,NonOverlappingTemplate,False,0.0,0.1,1,10,False,False,False,0.000199,0.4,4,10,True,False
NonOverlappingTemplate,NonOverlappingTemplate,False,0.0,0.1,1,10,False,False,False,0.004301,0.5,5,10,True,False
NonOverlappingTemplate,NonOverlappingTemplate,False,0.0,0.1,1,10,False,False,False,0.000199,0.4,4,10,True,False
NonOverlappingTemplate,NonOverlappingTemplate,False,0.0,0.2,2,10,False,False,False,0.000439,0.4,4,10,True,False
NonOverlappingTemplate,NonOverlappingTemplate,False,0.0,0.2,2,10,False,False,False,0.000439,0.4,4,10,True,False
NonOverlappingTemplate,NonOverlappingTemplate,False,0.0,0.2,2,10,False,False,False,0.000199,0.4,4,10,True,False
NonOverlappingTemplate,NonOverlappingTemplate,False,0.0,0.2,2,10,False,False,False,0.000199,0.4,4,10,True,False
NonOverlappingTemplate,NonOverlappingTemplate,False,0.0,0.2,2,10,False,False,False,0.000199,0.4,4,10,True,False
NonOverlappingTemplate,NonOverlappingTemplate,False,0.0,0.2,2,10,False,False,False,0.004301,0.5,5,10,True,False
NonOverlappingTemplate,NonOverlappingTemplate,False,0.0,0.2,2,10,False,False,False,0.000199,0.4,4,10,True,False
NonOverlappingTemplate,NonOverlappingTemplate,False,0.0,0.1,1,10,False,False,False,0.000439,0.4,4,10,True,False
NonOverlappingTemplate,NonOverlappingTemplate,False,0.0,0.1,1,10,False,False,False,0.000439,0.4,4,10,True,False
NonOverlappingTemplate,NonOverlappingTemplate,False,0.0,0.1,1,10,False,False,False,0.000199,0.4,4,10,True,False
NonOverlappingTemplate,NonOverlappingTemplate,False,0.0,0.1,1,10,False,False,False,0.000199,0.4,4,10,True,False
NonOverlappingTemplate,NonOverlappingTemplate,False,0.0,0.1,1,10,False,False,False,0.000199,0.4,4,10,True,False
NonOverlappingTemplate,NonOverlappingTemplate,False,0.0,0.1,1,10,False,False,False,0.004301,0.5,5,10,True,False
NonOverlappingTemplate,NonOverlappingTemplate,False,0.0,0.1,1,10,False,False,False,0.000199,0.4,4,10,True,False
NonOverlappingTemplate,NonOverlappingTemplate,False,0.0,0.0,0,10,False,False,False,0.000439,0.4,4,10,True,False
NonOverlappingTemplate,NonOverlappingTemplate,False,0.0,0.0,0,10,False,False,False,0.000439,0.4,4,10,True,False
NonOverlappingTemplate,NonOverlappingTemplate,False,0.0,0.0,0,10,False,False,False,0.000199,0.4,4,10,True,False
NonOverlappingTemplate,NonOverlappingTemplate,False,0.0,0.0,0,10,False,False,False,0.000199,0.4,4,10,True,False
NonOverlappingTemplate,NonOverlappingTemplate,False,0.0,0.0,0,10,False,False,False,0.000199,0.4,4,10,True,False
NonOverlappingTemplate,NonOverlappingTemplate,False,0.0,0.0,0,10,False,False,False,0.004301,0.5,5,10,True,False
NonOverlappingTemplate,NonOverlappingTemplate,False,0.0,0.0,0,10,False,False,False,0.000199,0.4,4,10,True,False
NonOverlappingTemplate,NonOverlappingTemplate,False,0.0,0.0,0,10,False,False,False,0.000439,0.4,4,10,True,False
NonOverlappingTemplate,NonOverlappingTemplate,False,0.0,0.0,0,10,False,False,False,0.000439,0.4,4,10,True,False
NonOverlappingTemplate,NonOverlappingTemplate,False,0.0,0.0,0,10,False,False,False,0.000199,0.4,4,10,True,False
NonOverlappingTemplate,NonOverlappingTemplate,False,0.0,0.0,0,10,False,False,False,0.000199,0.4,4,10,True,False
NonOverlappingTemplate,NonOverlappingTemplate,False,0.0,0.0,0,10,False,False,False,0.000199,0.4,4,10,True,False
NonOverlappingTemplate,NonOverlappingTemplate,False,0.0,0.0,0,10,False,False,False,0.004301,0.5,5,10,True,False
NonOverlappingTemplate,NonOverlappingTemplate,False,0.0,0.0,0,10,False,False,False,0.000199,0.4,4,10,True,False
NonOverlappingTemplate,NonOverlappingTemplate,False,0.0,0.3,3,10,False,False,False,0.000439,0.4,4,10,True,False
NonOverlappingTemplate,NonOverlappingTemplate,False,0.0,0.3,3,10,False,False,False,0.000439,0.4,4,10,True,False
NonOverlappingTemplate,NonOverlappingTemplate,False,0.0,0.3,3,10,False,False,False,0.000199,0.4,4,10,True,False
NonOverlappingTemplate,NonOverlappingTemplate,False,0.0,0.3,3,10,False,False,False,0.000199,0.4,4,10,True,False
NonOverlappingTemplate,NonOverlappingTemplate,False,0.0,0.3,3,10,False,False,False,0.000199,0.4,4,10,True,False
NonOverlappingTemplate,NonOverlappingTemplate,False,0.0,0.3,3,10,False,False,False,0.004301,0.5,5,10,True,False
NonOverlappingTemplate,NonOverlappingTemplate,False,0.0,0.3,3,10,False,False,False,0.000199,0.4,4,10,True,False
NonOverlappingTemplate,NonOverlappingTemplate,False,0.0,0.1,1,10,False,False,False,0.000439,0.4,4,10,True,False
NonOverlappingTemplate,NonOverlappingTemplate,False,0.0,0.1,1,10,False,False,False,0.000439,0.4,4,10,True,False
NonOverlappingTemplate,NonOverlappingTemplate,False,0.0,0.1,1,10,False,False,False,0.000199,0.4,4,10,True,False
NonOverlappingTemplate,NonOverlappingTemplate,False,0.0,0.1,1,10,False,False,False,0.000199,0.4,4,10,True,False
NonOverlappingTemplate,NonOverlappingTemplate,False,0.0,0.1,1,10,False,False,False,0.000199,0.4,4,10,True,False
NonOverlappingTemplate,NonOverlappingTemplate,False,0.0,0.1,1,10,False,False,False,0.004301,0.5,5,10,True,False
NonOverlappingTemplate,NonOverlappingTemplate,False,0.0,0.1,1,10,False,False,False,0.000199,0.4,4,10,True,False
NonOverlappingTemplate,NonOverlappingTemplate,False,0.0,0.0,0,10,False,False,False,0.000439,0.4,4,10,True,False
NonOverlappingTemplate,NonOverlappingTemplate,False,0.0,0.0,0,10,False,False,False,0.000439,0.4,4,10,True,False
NonOverlappingTemplate,NonOverlappingTemplate,False,0.0,0.0,0,10,False,False,False,0.000199,0.4,4,10,True,False
NonOverlappingTemplate,NonOverlappingTemplate,False,0.0,0.0,0,10,False,False,False,0.000199,0.4,4,10,True,False
NonOverlappingTemplate,NonOverlappingTemplate,False,0.0,0.0,0,10,False,False,False,0.000199,0.4,4,10,True,False
NonOverlappingTemplate,NonOverlappingTemplate,False,0.0,0.0,0,10,False,False,False,0.004301,0.5,5,10,True,False
NonOverlappingTemplate,NonOverlappingTemplate,False,0.0,0.0,0,10,False,False,False,0.000199,0.4,4,10,True,False
NonOverlappingTemplate,NonOverlappingTemplate,False,0.000199,0.4,4,10,True,False,False,0.0,0.1,1,10,False,False
NonOverlappingTemplate,NonOverlappingTemplate,False,0.000199,0.4,4,10,True,False,False,0.0,0.1,1,10,False,False
NonOverlappingTemplate,NonOverlappingTemplate,False,0.000199,0.4,4,10,True,False,False,0.0,0.2,2,10,False,False
NonOverlappingTemplate,NonOverlappingTemplate,False,0.000199,0.4,4,10,True,False,False,0.0,0.1,1,10,False,False
NonOverlappingTemplate,NonOverlappingTemplate,False,0.000199,0.4,4,10,True,False,False,0.0,0.2,2,10,False,False
NonOverlappingTemplate,NonOverlappingTemplate,False,0.000199,0.4,4,10,True,False,False,0.0,0.2,2,10,False,False
NonOverlappingTemplate,NonOverlappingTemplate,False,0.000199,0.4,4,10,True,False,False,3e-06,0.4,4,10,False,False
NonOverlappingTemplate,NonOverlappingTemplate,False,0.000199,0.4,4,10,True,False,False,0.0,0.2,2,10,False,False
NonOverlappingTemplate,NonOverlappingTemplate,False,0.000199,0.4,4,10,True,False,False,0.0,0.2,2,10,False,False
NonOverlappingTemplate,NonOverlappingTemplate,False,0.000199,0.4,4,10,True,False,False,0.0,0.3,3,10,False,False
NonOverlappingTemplate,NonOverlappingTemplate,False,0.000199,0.4,4,10,True,False,False,0.0,0.1,1,10,False,False
NonOverlappingTemplate,NonOverlappingTemplate,False,0.000199,0.4,4,10,True,False,False,0.0,0.1,1,10,False,False
NonOverlappingTemplate,NonOverlappingTemplate,False,0.000199,0.4,4,10,True,False,False,0.0,0.3,3,10,False,False
NonOverlappingTemplate,NonOverlappingTemplate,False,0.000199,0.4,4,10,True,False,False,0.0,0.3,3,10,False,False
NonOverlappingTemplate,NonOverlappingTemplate,False,0.000199,0.4,4,10,True,False,False,0.0,0.3,3,10,False,False
NonOverlappingTemplate,NonOverlappingTemplate,False,0.000199,0.4,4,10,True,False,False,0.0,0.1,1,10,False,False
NonOverlappingTemplate,NonOverlappingTemplate,False,0.000199,0.4,4,10,True,False,False,3e-06,0.4,4,10,False,False
NonOverlappingTemplate,NonOverlappingTemplate,False,0.000199,0.4,4,10,True,False,False,0.0,0.2,2,10,False,False
NonOverlappingTemplate,NonOverlappingTemplate,False,0.000199,0.4,4,10,True,False,False,0.0,0.2,2,10,False,False
NonOverlappingTemplate,NonOverlappingTemplate,False,0.000199,0.4,4,10,True,False,False,0.0,0.3,3,10,False,False
NonOverlappingTemplate,NonOverlappingTemplate,False,0.000199,0.4,4,10,True,False,False,0.0,0.1,1,10,False,False
NonOverlappingTemplate,NonOverlappingTemplate,False,0.000199,0.4,4,10,True,False,False,0.0,0.1,1,10,False,False
NonOverlappingTemplate,NonOverlappingTemplate,False,0.000199,0.4,4,10,True,False,False,0.0,0.1,1,10,False,False
NonOverlappingTemplate,NonOverlappingTemplate,False,0.000199,0.4,4,10,True,False,False,0.0,0.2,2,10,False,False
NonOverlappingTemplate,NonOverlappingTemplate,False,0.000199,0.4,4,10,True,False,False,0.0,0.2,2,10,False,False
NonOverlappingTemplate,NonOverlappingTemplate,False,0.000199,0.4,4,10,True,False,False,3e-06,0.4,4,10,False,False
NonOverlappingTemplate,NonOverlappingTemplate,False,0.000199,0.4,4,10,True,False,False,0.0,0.1,1,10,False,False
NonOverlappingTemplate,NonOverlappingTemplate,False,0.000199,0.4,4,10,True,False,False,3e-06,0.3,3,10,False,False
NonOverlappingTemplate,NonOverlappingTemplate,False,0.000199,0.4,4,10,True,False,False,0.0,0.1,1,10,False,False
NonOverlappingTemplate,NonOverlappingTemplate,False,0.000199,0.4,4,10,True,False,False,0.0,0.1,1,10,False,False
NonOverlappingTemplate,NonOverlappingTemplate,False,0.000199,0.4,4,10,True,False,False,0.0,0.4,4,10,False,False
NonOverlappingTemplate,NonOverlappingTemplate,False,0.000199,0.4,4,10,True,False,False,0.0,0.2,2,10,False,False
NonOverlappingTemplate,NonOverlappingTemplate,False,0.000199,0.4,4,10,True,False,False,0.000439,0.4,4,10,True,False
NonOverlappingTemplate,NonOverlappingTemplate,False,0.000199,0.4,4,10,True,False,False,0.0,0.2,2,10,False,False
NonOverlappingTemplate,NonOverlappingTemplate,False,0.000199,0.4,4,10,True,False,False,0.0,0.4,4,10,False,False
NonOverlappingTemplate,NonOverlappingTemplate,False,0.000199,0.4,4,10,True,False,False,0.0,0.1,1,10,False,False
NonOverlappingTemplate,NonOverlappingTemplate,False,0.000199,0.4,4,10,True,False,False,0.0,0.2,2,10,False,False
NonOverlappingTemplate,NonOverlappingTemplate,False,0.000199,0.4,4,10,True,False,False,0.0,0.3,3,10,False,False
NonOverlappingTemplate,NonOverlappingTemplate,False,0.000199,0.4,4,10,True,False,False,0.0,0.2,2,10,False,False
NonOverlappingTemplate,NonOverlappingTemplate,False,0.000199,0.4,4,10,True,False,False,0.0,0.0,0,10,False,False
NonOverlappingTemplate,NonOverlappingTemplate,False,0.000199,0.4,4,10,True,False,False,0.0,0.3,3,10,False,False
NonOverlappingTemplate,NonOverlappingTemplate,False,0.000199,0.4,4,10,True,False,False,0.0,0.1,1,10,False,False
NonOverlappingTemplate,NonOverlappingTemplate,False,0.000199,0.4,4,10,True,False,False,0.0,0.3,3,10,False,False
NonOverlappingTemplate,NonOverlappingTemplate,False,0.000199,0.4,4,10,True,False,False,0.0,0.2,2,10,False,False
NonOverlappingTemplate,NonOverlappingTemplate,False,0.000199,0.4,4,10,True,False,False,0.0,0.4,4,10,False,False
NonOverlappingTemplate,NonOverlappingTemplate,False,0.000199,0.4,4,10,True,False,False,0.0,0.1,1,10,False,False
NonOverlappingTemplate,NonOverlappingTemplate,False,0.000199,0.4,4,10,True,False,False,0.0,0.3,3,10,False,False
NonOverlappingTemplate,NonOverlappingTemplate,False,0.000199,0.4,4,10,True,False,False,0.0,0.4,4,10,False,False
NonOverlappingTemplate,NonOverlappingTemplate,False,0.000199,0.4,4,10,True,False,False,0.0,0.2,2,10,False,False
NonOverlappingTemplate,NonOverlappingTemplate,False,0.000199,0.4,4,10,True,False,False,0.0,0.1,1,10,False,False
NonOverlappingTemplate,NonOverlappingTemplate,False,0.000199,0.4,4,10,True,False,False,0.0,0.1,1,10,False,False
NonOverlappingTemplate,NonOverlappingTemplate,False,0.000199,0.4,4,10,True,False,False,0.0,0.1,1,10,False,False
NonOverlappingTemplate,NonOverlappingTemplate,False,0.000199,0.4,4,10,True,False,False,0.000439,0.4,4,10,True,False
NonOverlappingTemplate,NonOverlappingTemplate,False,0.000199,0.4,4,10,True,False,False,1e-06,0.3,3,10,False,False
NonOverlappingTemplate,NonOverlappingTemplate,False,0.000199,0.4,4,10,True,False,False,0.000199,0.4,4,10,True,False
NonOverlappingTemplate,NonOverlappingTemplate,False,0.000199,0.4,4,10,True,False,False,0.0,0.2,2,10,False,False
NonOverlappingTemplate,NonOverlappingTemplate,False,0.000199,0.4,4,10,True,False,False,0.0,0.2,2,10,False,False
NonOverlappingTemplate,NonOverlappingTemplate,False,0.000199,0.4,4,10,True,False,False,1e-06,0.4,4,10,False,False
NonOverlappingTemplate,NonOverlappingTemplate,False,0.000199,0.4,4,10,True,False,False,0.0,0.1,1,10,False,False
NonOverlappingTemplate,NonOverlappingTemplate,False,0.000199,0.4,4,10,True,False,False,0.0,0.1,1,10,False,False
NonOverlappingTemplate,NonOverlappingTemplate,False,0.000199,0.4,4,10,True,False,False,0.0,0.2,2,10,False,False
NonOverlappingTemplate,NonOverlappingTemplate,False,0.000199,0.4,4,10,True,False,False,0.0,0.2,2,10,False,False
NonOverlappingTemplate,NonOverlappingTemplate,False,0.000199,0.4,4,10,True,False,False,0.0,0.3,3,10,False,False
NonOverlappingTemplate,NonOverlappingTemplate,False,0.000199,0.4,4,10,True,False,False,0.0,0.1,1,10,False,False
NonOverlappingTemplate,NonOverlappingTemplate,False,0.000199,0.4,4,10,True,False,False,0.0,0.3,3,10,False,False
NonOverlappingTemplate,NonOverlappingTemplate,False,0.000199,0.4,4,10,True,False,False,3e-06,0.4,4,10,False,False
NonOverlappingTemplate,NonOverlappingTemplate,False,0.000199,0.4,4,10,True,False,False,0.000199,0.4,4,10,True,False
NonOverlappingTemplate,NonOverlappingTemplate,False,0.000199,0.4,4,10,True,False,False,0.0,0.1,1,10,False,False
NonOverlappingTemplate,NonOverlappingTemplate,False,0.000199,0.4,4,10,True,False,False,0.0,0.2,2,10,False,False
NonOverlappingTemplate,NonOverlappingTemplate,False,0.000199,0.4,4,10,True,False,False,0.0,0.3,3,10,False,False
NonOverlappingTemplate,NonOverlappingTemplate,False,0.000199,0.4,4,10,True,False,False,0.000199,0.4,4,10,True,False
NonOverlappingTemplate,NonOverlappingTemplate,False,0.000199,0.4,4,10,True,False,False,0.0,0.3,3,10,False,False
NonOverlappingTemplate,NonOverlappingTemplate,False,0.000199,0.4,4,10,True,False,False,0.0,0.2,2,10,False,False
NonOverlappingTemplate,NonOverlappingTemplate,False,0.000199,0.4,4,10,True,False,False,0.0,0.1,1,10,False,False
NonOverlappingTemplate,NonOverlappingTemplate,False,0.000199,0.4,4,10,True,False,False,0.0,0.1,1,10,False,False
NonOverlappingTemplate,NonOverlappingTemplate,False,0.000199,0.4,4,10,True,False,False,0.0,0.3,3,10,False,False
NonOverlappingTemplate,NonOverlappingTemplate,False,0.000199,0.4,4,10,True,False,False,0.0,0.3,3,10,False,False
NonOverlappingTemplate,NonOverlappingTemplate,False,0.000199,0.4,4,10,True,False,False,1e-06,0.4,4,10,False,False
NonOverlappingTemplate,NonOverlappingTemplate,False,0.000199,0.4,4,10,True,False,False,0.0,0.2,2,10,False,False
NonOverlappingTemplate,NonOverlappingTemplate,False,0.000199,0.4,4,10,True,False,False,0.0,0.3,3,10,False,False
NonOverlappingTemplate,NonOverlappingTemplate,False,0.000199,0.4,4,10,True,False,False,0.0,0.2,2,10,False,False
NonOverlappingTemplate,NonOverlappingTemplate,False,0.000199,0.4,4,10,True,False,False,0.0,0.4,4,10,False,False
NonOverlappingTemplate,NonOverlappingTemplate,False,0.000199,0.4,4,10,True,False,False,0.0,0.1,1,10,False,False
NonOverlappingTemplate,NonOverlappingTemplate,False,0.000199,0.4,4,10,True,False,False,0.0,0.2,2,10,False,False
NonOverlappingTemplate,NonOverlappingTemplate,False,0.000199,0.4,4,10,True,False,False,0.0,0.1,1,10,False,False
NonOverlappingTemplate,NonOverlappingTemplate,False,0.000199,0.4,4,10,True,False,False,0.0,0.1,1,10,False,False
NonOverlappingTemplate,NonOverlappingTemplate,False,0.000199,0.4,4,10,True,False,False,0.0,0.2,2,10,False,False
NonOverlappingTemplate,NonOverlappingTemplate,False,0.000199,0.4,4,10,True,False,False,0.0,0.2,2,10,False,False
NonOverlappingTemplate,NonOverlappingTemplate,False,0.000199,0.4,4,10,True,False,False,0.0,0.2,2,10,False,False
NonOverlappingTemplate,NonOverlappingTemplate,False,0.000199,0.4,4,10,True,False,False,0.0,0.1,1,10,False,False
NonOverlappingTemplate,NonOverlappingTemplate,False,0.000199,0.4,4,10,True,False,False,0.0,0.3,3,10,False,False
NonOverlappingTemplate,NonOverlappingTemplate,False,0.000199,0.4,4,10,True,False,False,0.0,0.2,2,10,False,False
NonOverlappingTemplate,NonOverlappingTemplate,False,0.000199,0.4,4,10,True,False,False,0.0,0.2,2,10,False,False
NonOverlappingTemplate,NonOverlappingTemplate,False,0.000199,0.4,4,10,True,False,False,1e-06,0.4,4,10,False,False
NonOverlappingTemplate,NonOverlappingTemplate,False,0.000199,0.4,4,10,True,False,False,0.0,0.2,2,10,False,False
NonOverlappingTemplate,NonOverlappingTemplate,False,0.000199,0.4,4,10,True,False,False,0.0,0.2,2,10,False,False
NonOverlappingTemplate,NonOverlappingTemplate,False,0.000199,0.4,4,10,True,False,False,0.0,0.1,1,10,False,False
NonOverlappingTemplate,NonOverlappingTemplate,False,0.000199,0.4,4,10,True,False,False,3e-06,0.3,3,10,False,False
NonOverlappingTemplate,NonOverlappingTemplate,False,0.000199,0.4,4,10,True,False,False,4e-05,0.4,4,10,False,False
NonOverlappingTemplate,NonOverlappingTemplate,False,0.000199,0.4,4,10,True,False,False,0.0,0.3,3,10,False,False
NonOverlappingTemplate,NonOverlappingTemplate,False,0.000199,0.4,4,10,True,False,False,0.004301,0.5,5,10,True,False
NonOverlappingTemplate,NonOverlappingTemplate,False,0.000199,0.4,4,10,True,False,False,3e-06,0.4,4,10,False,False
NonOverlappingTemplate,NonOverlappingTemplate,False,0.000199,0.4,4,10,True,False,False,3e-06,0.4,4,10,False,False
NonOverlappingTemplate,NonOverlappingTemplate,False,0.000199,0.4,4,10,True,False,False,3e-06,0.4,4,10,False,False
NonOverlappingTemplate,NonOverlappingTemplate,False,0.000199,0.4,4,10,True,False,False,0.0,0.2,2,10,False,False
NonOverlappingTemplate,NonOverlappingTemplate,False,0.000199,0.4,4,10,True,False,False,0.0,0.2,2,10,False,False
NonOverlappingTemplate,NonOverlappingTemplate,False,0.000199,0.4,4,10,True,False,False,3e-06,0.4,4,10,False,False
NonOverlappingTemplate,NonOverlappingTemplate,False,0.000199,0.4,4,10,True,False,False,0.0,0.2,2,10,False,False
NonOverlappingTemplate,NonOverlappingTemplate,False,0.000199,0.4,4,10,True,False,False,0.0,0.1,1,10,False,False
NonOverlappingTemplate,NonOverlappingTemplate,False,0.000199,0.4,4,10,True,False,False,1e-06,0.3,3,10,False,False
NonOverlappingTemplate,NonOverlappingTemplate,False,0.000199,0.4,4,10,True,False,False,0.0,0.2,2,10,False,False
NonOverlappingTemplate,NonOverlappingTemplate,False,0.000199,0.4,4,10,True,False,False,0.0,0.2,2,10,False,False
NonOverlappingTemplate,NonOverlappingTemplate,False,0.000199,0.4,4,10,True,False,False,3e-06,0.3,3,10,False,False
NonOverlappingTemplate,NonOverlappingTemplate,False,0.000199,0.4,4,10,True,False,False,0.0,0.2,2,10,False,False
NonOverlappingTemplate,NonOverlappingTemplate,False,0.000199,0.4,4,10,True,False,False,0.0,0.1,1,10,False,False
NonOverlappingTemplate,NonOverlappingTemplate,False,0.000199,0.4,4,10,True,False,False,3e-06,0.4,4,10,False,False
NonOverlappingTemplate,NonOverlappingTemplate,False,0.000199,0.4,4,10,True,False,False,0.0,0.3,3,10,False,False
NonOverlappingTemplate,NonOverlappingTemplate,False,0.000199,0.4,4,10,True,False,False,0.0,0.2,2,10,False,False
NonOverlappingTemplate,NonOverlappingTemplate,False,0.000199,0.4,4,10,True,False,False,0.0,0.1,1,10,False,False
NonOverlappingTemplate,NonOverlappingTemplate,False,0.000199,0.4,4,10,True,False,False,0.0,0.2,2,10,False,False
NonOverlappingTemplate,NonOverlappingTemplate,False,0.000199,0.4,4,10,True,False,False,0.0,0.1,1,10,False,False
NonOverlappingTemplate,NonOverlappingTemplate,False,0.000199,0.4,4,10,True,False,False,0.0,0.1,1,10,False,False
NonOverlappingTemplate,NonOverlappingTemplate,False,0.000199,0.4,4,10,True,False,False,0.0,0.2,2,10,False,False
NonOverlappingTemplate,NonOverlappingTemplate,False,0.000199,0.4,4,10,True,False,False,1e-06,0.4,4,10,False,False
NonOverlappingTemplate,NonOverlappingTemplate,False,0.000199,0.4,4,10,True,False,False,0.0,0.3,3,10,False,False
NonOverlappingTemplate,NonOverlappingTemplate,False,0.000199,0.4,4,10,True,False,False,0.0,0.2,2,10,False,False
NonOverlappingTemplate,NonOverlappingTemplate,False,0.000199,0.4,4,10,True,False,False,0.0,0.2,2,10,False,False
NonOverlappingTemplate,NonOverlappingTemplate,False,0.000199,0.4,4,10,True,False,False,0.0,0.2,2,10,False,False
NonOverlappingTemplate,NonOverlappingTemplate,False,0.000199,0.4,4,10,True,False,False,0.0,0.1,1,10,False,False
NonOverlappingTemplate,NonOverlappingTemplate,False,0.000199,0.4,4,10,True,False,False,3e-06,0.3,3,10,False,False
NonOverlappingTemplate,NonOverlappingTemplate,False,0.000199,0.4,4,10,True,False,False,0.0,0.3,3,10,False,False
NonOverlappingTemplate,NonOverlappingTemplate,False,0.000199,0.4,4,10,True,False,False,3e-06,0.3,3,10,False,False
NonOverlappingTemplate,NonOverlappingTemplate,False,0.000199,0.4,4,10,True,False,False,0.0,0.1,1,10,False,False
NonOverlappingTemplate,NonOverlappingTemplate,False,0.000199,0.4,4,10,True,False,False,0.0,0.1,1,10,False,False
NonOverlappingTemplate,NonOverlappingTemplate,False,0.000199,0.4,4,10,True,False,False,0.0,0.1,1,10,False,False
NonOverlappingTemplate,NonOverlappingTemplate,False,0.000199,0.4,4,10,True,False,False,0.0,0.1,1,10,False,False
NonOverlappingTemplate,NonOverlappingTemplate,False,0.000199,0.4,4,10,True,False,False,0.0,0.2,2,10,False,False
NonOverlappingTemplate,NonOverlappingTemplate,False,0.000199,0.4,4,10,True,False,False,0.0,0.1,1,10,False,False
NonOverlappingTemplate,NonOverlappingTemplate,False,0.000199,0.4,4,10,True,False,False,0.000199,0.4,4,10,True,False
NonOverlappingTemplate,NonOverlappingTemplate,False,0.000199,0.4,4,10,True,False,False,0.0,0.2,2,10,False,False
NonOverlappingTemplate,NonOverlappingTemplate,False,0.000199,0.4,4,10,True,False,False,0.0,0.1,1,10,False,False
NonOverlappingTemplate,NonOverlappingTemplate,False,0.000199,0.4,4,10,True,False,False,1e-06,0.3,3,10,False,False
NonOverlappingTemplate,NonOverlappingTemplate,False,0.000199,0.4,4,10,True,False,False,0.0,0.2,2,10,False,False
NonOverlappingTemplate,NonOverlappingTemplate,False,0.000199,0.4,4,10,True,False,False,0.0,0.3,3,10,False,False
NonOverlappingTemplate,NonOverlappingTemplate,False,0.000199,0.4,4,10,True,False,False,0.0,0.1,1,10,False,False
NonOverlappingTemplate,NonOverlappingTemplate,False,0.000199,0.4,4,10,True,False,False,0.0,0.1,1,10,False,False
NonOverlappingTemplate,NonOverlappingTemplate,False,0.000199,0.4,4,10,True,False,False,0.0,0.1,1,10,False,False
NonOverlappingTemplate,NonOverlappingTemplate,False,0.000199,0.4,4,10,True,False,False,0.0,0.1,1,10,False,False
NonOverlappingTemplate,NonOverlappingTemplate,False,0.0,0.0,0,10,False,False,False,0.000439,0.4,4,10,True,False
NonOverlappingTemplate,NonOverlappingTemplate,False,0.0,0.0,0,10,False,False,False,0.000439,0.4,4,10,True,False
NonOverlappingTemplate,NonOverlappingTemplate,False,0.0,0.0,0,10,False,False,False,0.000199,0.4,4,10,True,False
NonOverlappingTemplate,NonOverlappingTemplate,False,0.0,0.0,0,10,False,False,False,0.000199,0.4,4,10,True,False
NonOverlappingTemplate,NonOverlappingTemplate,False,0.0,0.0,0,10,False,False,False,0.000199,0.4,4,10,True,False
NonOverlappingTemplate,NonOverlappingTemplate,False,0.0,0.0,0,10,False,False,False,0.004301,0.5,5,10,True,False
NonOverlappingTemplate,NonOverlappingTemplate,False,0.0,0.0,0,10,False,False,False,0.000199,0.4,4,10,True,False
NonOverlappingTemplate,NonOverlappingTemplate,False,0.0,0.0,0,10,False,False,False,0.000439,0.4,4,10,True,False
NonOverlappingTemplate,NonOverlappingTemplate,False,0.0,0.0,0,10,False,False,False,0.000439,0.4,4,10,True,False
NonOverlappingTemplate,NonOverlappingTemplate,False,0.0,0.0,0,10,False,False,False,0.000199,0.4,4,10,True,False
NonOverlappingTemplate,NonOverlappingTemplate,False,0.0,0.0,0,10,False,False,False,0.000199,0.4,4,10,True,False
NonOverlappingTemplate,NonOverlappingTemplate,False,0.0,0.0,0,10,False,False,False,0.000199,0.4,4,10,True,False
NonOverlappingTemplate,NonOverlappingTemplate,False,0.0,0.0,0,10,False,False,False,0.004301,0.5,5,10,True,False
NonOverlappingTemplate,NonOverlappingTemplate,False,0.0,0.0,0,10,False,False,False,0.000199,0.4,4,10,True,False
NonOverlappingTemplate,NonOverlappingTemplate,False,0.0,0.0,0,10,False,False,False,0.000439,0.4,4,10,True,False
NonOverlappingTemplate,NonOverlappingTemplate,False,0.0,0.0,0,10,False,False,False,0.000439,0.4,4,10,True,False
NonOverlappingTemplate,NonOverlappingTemplate,False,0.0,0.0,0,10,False,False,False,0.000199,0.4,4,10,True,False
NonOverlappingTemplate,NonOverlappingTemplate,False,0.0,0.0,0,10,False,False,False,0.000199,0.4,4,10,True,False
NonOverlappingTemplate,NonOverlappingTemplate,False,0.0,0.0,0,10,False,False,False,0.000199,0.4,4,10,True,False
NonOverlappingTemplate,NonOverlappingTemplate,False,0.0,0.0,0,10,False,False,False,0.004301,0.5,5,10,True,False
NonOverlappingTemplate,NonOverlappingTemplate,False,0.0,0.0,0,10,False,False,False,0.000199,0.4,4,10,True,False
NonOverlappingTemplate,NonOverlappingTemplate,False,0.0,0.0,0,10,False,False,False,0.000439,0.4,4,10,True,False
NonOverlappingTemplate,NonOverlappingTemplate,False,0.0,0.0,0,10,False,False,False,0.000439,0.4,4,10,True,False
NonOverlappingTemplate,NonOverlappingTemplate,False,0.0,0.0,0,10,False,False,False,0.000199,0.4,4,10,True,False
NonOverlappingTemplate,NonOverlappingTemplate,False,0.0,0.0,0,10,False,False,False,0.000199,0.4,4,10,True,False
NonOverlappingTemplate,NonOverlappingTemplate,False,0.0,0.0,0,10,False,False,False,0.000199,0.4,4,10,True,False
NonOverlappingTemplate,NonOverlappingTemplate,False,0.0,0.0,0,10,False,False,False,0.004301,0.5,5,10,True,False
NonOverlappingTemplate,NonOverlappingTemplate,False,0.0,0.0,0,10,False,False,False,0.000199,0.4,4,10,True,False
NonOverlappingTemplate,NonOverlappingTemplate,False,0.0,0.3,3,10,False,False,False,0.000439,0.4,4,10,True,False
NonOverlappingTemplate,NonOverlappingTemplate,False,0.0,0.3,3,10,False,False,False,0.000439,0.4,4,10,True,False
NonOverlappingTemplate,NonOverlappingTemplate,False,0.0,0.3,3,10,False,False,False,0.000199,0.4,4,10,True,False
NonOverlappingTemplate,NonOverlappingTemplate,False,0.0,0.3,3,10,False,False,False,0.000199,0.4,4,10,True,False
NonOverlappingTemplate,NonOverlappingTemplate,False,0.0,0.3,3,10,False,False,False,0.000199,0.4,4,10,True,False
NonOverlappingTemplate,NonOverlappingTemplate,False,0.0,0.3,3,10,False,False,False,0.004301,0.5,5,10,True,False
NonOverlappingTemplate,NonOverlappingTemplate,False,0.0,0.3,3,10,False,False,False,0.000199,0.4,4,10,True,False
NonOverlappingTemplate,NonOverlappingTemplate,False,0.0,0.0,0,10,False,False,False,0.000439,0.4,4,10,True,False
NonOverlappingTemplate,NonOverlappingTemplate,False,0.0,0.0,0,10,False,False,False,0.000439,0.4,4,10,True,False
NonOverlappingTemplate,NonOverlappingTemplate,False,0.0,0.0,0,10,False,False,False,0.000199,0.4,4,10,True,False
NonOverlappingTemplate,NonOverlappingTemplate,False,0.0,0.0,0,10,False,False,False,0.000199,0.4,4,10,True,False
NonOverlappingTemplate,NonOverlappingTemplate,False,0.0,0.0,0,10,False,False,False,0.000199,0.4,4,10,True,False
NonOverlappingTemplate,NonOverlappingTemplate,False,0.0,0.0,0,10,False,False,False,0.004301,0.5,5,10,True,False
NonOverlappingTemplate,NonOverlappingTemplate,False,0.0,0.0,0,10,False,False,False,0.000199,0.4,4,10,True,False
NonOverlappingTemplate,NonOverlappingTemplate,False,0.0,0.0,0,10,False,False,False,0.000439,0.4,4,10,True,False
NonOverlappingTemplate,NonOverlappingTemplate,False,0.0,0.0,0,10,False,False,False,0.000439,0.4,4,10,True,False
NonOverlappingTemplate,NonOverlappingTemplate,False,0.0,0.0,0,10,False,False,False,0.000199,0.4,4,10,True,False
NonOverlappingTemplate,NonOverlappingTemplate,False,0.0,0.0,0,10,False,False,False,0.000199,0.4,4,10,True,False
NonOverlappingTemplate,NonOverlappingTemplate,False,0.0,0.0,0,10,False,False,False,0.000199,0.4,4,10,True,False
NonOverlappingTemplate,NonOverlappingTemplate,False,0.0,0.0,0,10,False,False,False,0.004301,0.5,5,10,True,False
NonOverlappingTemplate,NonOverlappingTemplate,False,0.0,0.0,0,10,False,False,False,0.000199,0.4,4,10,True,False
NonOverlappingTemplate,NonOverlappingTemplate,False,0.0,0.0,0,10,False,False,False,0.000439,0.4,4,10,True,False
NonOverlappingTemplate,NonOverlappingTemplate,False,0.0,0.0,0,10,False,False,False,0.000439,0.4,4,10,True,False
NonOverlappingTemplate,NonOverlappingTemplate,False,0.0,0.0,0,10,False,False,False,0.000199,0.4,4,10,True,False
NonOverlappingTemplate,NonOverlappingTemplate,False,0.0,0.0,0,10,False,False,False,0.000199,0.4,4,10,True,False
NonOverlappingTemplate,NonOverlappingTemplate,False,0.0,0.0,0,10,False,False,False,0.000199,0.4,4,10,True,False
NonOverlappingTemplate,NonOverlappingTemplate,False,0.0,0.0,0,10,False,False,False,0.004301,0.5,5,10,True,False
NonOverlappingTemplate,NonOverlappingTemplate,False,0.0,0.0,0,10,False,False,False,0.000199,0.4,4,10,True,False
NonOverlappingTemplate,NonOverlappingTemplate,False,0.0,0.1,1,10,False,False,False,0.000439,0.4,4,10,True,False
NonOverlappingTemplate,NonOverlappingTemplate,False,0.0,0.1,1,10,False,False,False,0.000439,0.4,4,10,True,False
NonOverlappingTemplate,NonOverlappingTemplate,False,0.0,0.1,1,10,False,False,False,0.000199,0.4,4,10,True,False
NonOverlappingTemplate,NonOverlappingTemplate,False,0.0,0.1,1,10,False,False,False,0.000199,0.4,4,10,True,False
NonOverlappingTemplate,NonOverlappingTemplate,False,0.0,0.1,1,10,False,False,False,0.000199,0.4,4,10,True,False
NonOverlappingTemplate,NonOverlappingTemplate,False,0.0,0.1,1,10,False,False,False,0.004301,0.5,5,10,True,False
NonOverlappingTemplate,NonOverlappingTemplate,False,0.0,0.1,1,10,False,False,False,0.000199,0.4,4,10,True,False
NonOverlappingTemplate,NonOverlappingTemplate,False,0.0,0.3,3,10,False,False,False,0.000439,0.4,4,10,True,False
NonOverlappingTemplate,NonOverlappingTemplate,False,0.0,0.3,3,10,False,False,False,0.000439,0.4,4,10,True,False
NonOverlappingTemplate,NonOverlappingTemplate,False,0.0,0.3,3,10,False,False,False,0.000199,0.4,4,10,True,False
NonOverlappingTemplate,NonOverlappingTemplate,False,0.0,0.3,3,10,False,False,False,0.000199,0.4,4,10,True,False
NonOverlappingTemplate,NonOverlappingTemplate,False,0.0,0.3,3,10,False,False,False,0.000199,0.4,4,10,True,False
NonOverlappingTemplate,NonOverlappingTemplate,False,0.0,0.3,3,10,False,False,False,0.004301,0.5,5,10,True,False
NonOverlappingTemplate,NonOverlappingTemplate,False,0.0,0.3,3,10,False,False,False,0.000199,0.4,4,10,True,False
NonOverlappingTemplate,NonOverlappingTemplate,False,0.0,0.3,3,10,False,False,False,0.000439,0.4,4,10,True,False
NonOverlappingTemplate,NonOverlappingTemplate,False,0.0,0.3,3,10,False,False,False,0.000439,0.4,4,10,True,False
NonOverlappingTemplate,NonOverlappingTemplate,False,0.0,0.3,3,10,False,False,False,0.000199,0.4,4,10,True,False
NonOverlappingTemplate,NonOverlappingTemplate,False,0.0,0.3,3,10,False,False,False,0.000199,0.4,4,10,True,False
NonOverlappingTemplate,NonOverlappingTemplate,False,0.0,0.3,3,10,False,False,False,0.000199,0.4,4,10,True,False
NonOverlappingTemplate,NonOverlappingTemplate,False,0.0,0.3,3,10,False,False,False,0.004301,0.5,5,10,True,False
NonOverlappingTemplate,NonOverlappingTemplate,False,0.0,0.3,3,10,False,False,False,0.000199,0.4,4,10,True,False
NonOverlappingTemplate,NonOverlappingTemplate,False,0.0,0.1,1,10,False,False,False,0.000439,0.4,4,10,True,False
NonOverlappingTemplate,NonOverlappingTemplate,False,0.0,0.1,1,10,False,False,False,0.000439,0.4,4,10,True,False
NonOverlappingTemplate,NonOverlappingTemplate,False,0.0,0.1,1,10,False,False,False,0.000199,0.4,4,10,True,False
NonOverlappingTemplate,NonOverlappingTemplate,False,0.0,0.1,1,10,False,False,False,0.000199,0.4,4,10,True,False
NonOverlappingTemplate,NonOverlappingTemplate,False,0.0,0.1,1,10,False,False,False,0.000199,0.4,4,10,True,False
NonOverlappingTemplate,NonOverlappingTemplate,False,0.0,0.1,1,10,False,False,False,0.004301,0.5,5,10,True,False
NonOverlappingTemplate,NonOverlappingTemplate,False,0.0,0.1,1,10,False,False,False,0.000199,0.4,4,10,True,False
NonOverlappingTemplate,NonOverlappingTemplate,False,0.0,0.1,1,10,False,False,False,0.000439,0.4,4,10,True,False
NonOverlappingTemplate,NonOverlappingTemplate,False,0.0,0.1,1,10,False,False,False,0.000439,0.4,4,10,True,False
NonOverlappingTemplate,NonOverlappingTemplate,False,0.0,0.1,1,10,False,False,False,0.000199,0.4,4,10,True,False
NonOverlappingTemplate,NonOverlappingTemplate,False,0.0,0.1,1,10,False,False,False,0.000199,0.4,4,10,True,False
NonOverlappingTemplate,NonOverlappingTemplate,False,0.0,0.1,1,10,False,False,False,0.000199,0.4,4,10,True,False
NonOverlappingTemplate,NonOverlappingTemplate,False,0.0,0.1,1,10,False,False,False,0.004301,0.5,5,10,True,False
NonOverlappingTemplate,NonOverlappingTemplate,False,0.0,0.1,1,10,False,False,False,0.000199,0.4,4,10,True,False
NonOverlappingTemplate,NonOverlappingTemplate,False,1e-06,0.3,3,10,False,False,False,0.000439,0.4,4,10,True,False
NonOverlappingTemplate,NonOverlappingTemplate,False,1e-06,0.3,3,10,False,False,False,0.000439,0.4,4,10,True,False
NonOverlappingTemplate,NonOverlappingTemplate,False,1e-06,0.3,3,10,False,False,False,0.000199,0.4,4,10,True,False
NonOverlappingTemplate,NonOverlappingTemplate,False,1e-06,0.3,3,10,False,False,False,0.000199,0.4,4,10,True,False
NonOverlappingTemplate,NonOverlappingTemplate,False,1e-06,0.3,3,10,False,False,False,0.000199,0.4,4,10,True,False
NonOverlappingTemplate,NonOverlappingTemplate,False,1e-06,0.3,3,10,False,False,False,0.004301,0.5,5,10,True,False
NonOverlappingTemplate,NonOverlappingTemplate,False,1e-06,0.3,3,10,False,False,False,0.000199,0.4,4,10,True,False
NonOverlappingTemplate,NonOverlappingTemplate,False,0.0,0.0,0,10,False,False,False,0.000439,0.4,4,10,True,False
NonOverlappingTemplate,NonOverlappingTemplate,False,0.0,0.0,0,10,False,False,False,0.000439,0.4,4,10,True,False
NonOverlappingTemplate,NonOverlappingTemplate,False,0.0,0.0,0,10,False,False,False,0.000199,0.4,4,10,True,False
NonOverlappingTemplate,NonOverlappingTemplate,False,0.0,0.0,0,10,False,False,False,0.000199,0.4,4,10,True,False
NonOverlappingTemplate,NonOverlappingTemplate,False,0.0,0.0,0,10,False,False,False,0.000199,0.4,4,10,True,False
NonOverlappingTemplate,NonOverlappingTemplate,False,0.0,0.0,0,10,False,False,False,0.004301,0.5,5,10,True,False
NonOverlappingTemplate,NonOverlappingTemplate,False,0.0,0.0,0,10,False,False,False,0.000199,0.4,4,10,True,False
NonOverlappingTemplate,NonOverlappingTemplate,False,0.0,0.0,0,10,False,False,False,0.000439,0.4,4,10,True,False
NonOverlappingTemplate,NonOverlappingTemplate,False,0.0,0.0,0,10,False,False,False,0.000439,0.4,4,10,True,False
NonOverlappingTemplate,NonOverlappingTemplate,False,0.0,0.0,0,10,False,False,False,0.000199,0.4,4,10,True,False
NonOverlappingTemplate,NonOverlappingTemplate,False,0.0,0.0,0,10,False,False,False,0.000199,0.4,4,10,True,False
NonOverlappingTemplate,NonOverlappingTemplate,False,0.0,0.0,0,10,False,False,False,0.000199,0.4,4,10,True,False
NonOverlappingTemplate,NonOverlappingTemplate,False,0.0,0.0,0,10,False,False,False,0.004301,0.5,5,10,True,False
NonOverlappingTemplate,NonOverlappingTemplate,False,0.0,0.0,0,10,False,False,False,0.000199,0.4,4,10,True,False
NonOverlappingTemplate,NonOverlappingTemplate,False,0.0,0.3,3,10,False,False,False,0.000439,0.4,4,10,True,False
NonOverlappingTemplate,NonOverlappingTemplate,False,0.0,0.3,3,10,False,False,False,0.000439,0.4,4,10,True,False
NonOverlappingTemplate,NonOverlappingTemplate,False,0.0,0.3,3,10,False,False,False,0.000199,0.4,4,10,True,False
NonOverlappingTemplate,NonOverlappingTemplate,False,0.0,0.3,3,10,False,False,False,0.000199,0.4,4,10,True,False
NonOverlappingTemplate,NonOverlappingTemplate,False,0.0,0.3,3,10,False,False,False,0.000199,0.4,4,10,True,False
NonOverlappingTemplate,NonOverlappingTemplate,False,0.0,0.3,3,10,False,False,False,0.004301,0.5,5,10,True,False
NonOverlappingTemplate,NonOverlappingTemplate,False,0.0,0.3,3,10,False,False,False,0.000199,0.4,4,10,True,False
NonOverlappingTemplate,NonOverlappingTemplate,False,0.0,0.0,0,10,False,False,False,0.000439,0.4,4,10,True,False
NonOverlappingTemplate,NonOverlappingTemplate,False,0.0,0.0,0,10,False,False,False,0.000439,0.4,4,10,True,False
NonOverlappingTemplate,NonOverlappingTemplate,False,0.0,0.0,0,10,False,False,False,0.000199,0.4,4,10,True,False
NonOverlappingTemplate,NonOverlappingTemplate,False,0.0,0.0,0,10,False,False,False,0.000199,0.4,4,10,True,False
NonOverlappingTemplate,NonOverlappingTemplate,False,0.0,0.0,0,10,False,False,False,0.000199,0.4,4,10,True,False
NonOverlappingTemplate,NonOverlappingTemplate,False,0.0,0.0,0,10,False,False,False,0.004301,0.5,5,10,True,False
NonOverlappingTemplate,NonOverlappingTemplate,False,0.0,0.0,0,10,False,False,False,0.000199,0.4,4,10,True,False
NonOverlappingTemplate,NonOverlappingTemplate,False,0.0,0.1,1,10,False,False,False,0.000439,0.4,4,10,True,False
NonOverlappingTemplate,NonOverlappingTemplate,False,0.0,0.1,1,10,False,False,False,0.000439,0.4,4,10,True,False
NonOverlappingTemplate,NonOverlappingTemplate,False,0.0,0.1,1,10,False,False,False,0.000199,0.4,4,10,True,False
NonOverlappingTemplate,NonOverlappingTemplate,False,0.0,0.1,1,10,False,False,False,0.000199,0.4,4,10,True,False
NonOverlappingTemplate,NonOverlappingTemplate,False,0.0,0.1,1,10,False,False,False,0.000199,0.4,4,10,True,False
NonOverlappingTemplate,NonOverlappingTemplate,False,0.0,0.1,1,10,False,False,False,0.004301,0.5,5,10,True,False
NonOverlappingTemplate,NonOverlappingTemplate,False,0.0,0.1,1,10,False,False,False,0.000199,0.4,4,10,True,False
NonOverlappingTemplate,NonOverlappingTemplate,False,0.0,0.2,2,10,False,False,False,0.000439,0.4,4,10,True,False
NonOverlappingTemplate,NonOverlappingTemplate,False,0.0,0.2,2,10,False,False,False,0.000439,0.4,4,10,True,False
NonOverlappingTemplate,NonOverlappingTemplate,False,0.0,0.2,2,10,False,False,False,0.000199,0.4,4,10,True,False
NonOverlappingTemplate,NonOverlappingTemplate,False,0.0,0.2,2,10,False,False,False,0.000199,0.4,4,10,True,False
NonOverlappingTemplate,NonOverlappingTemplate,False,0.0,0.2,2,10,False,False,False,0.000199,0.4,4,10,True,False
NonOverlappingTemplate,NonOverlappingTemplate,False,0.0,0.2,2,10,False,False,False,0.004301,0.5,5,10,True,False
NonOverlappingTemplate,NonOverlappingTemplate,False,0.0,0.2,2,10,False,False,False,0.000199,0.4,4,10,True,False
NonOverlappingTemplate,NonOverlappingTemplate,False,3e-06,0.4,4,10,False,False,False,0.000439,0.4,4,10,True,False
NonOverlappingTemplate,NonOverlappingTemplate,False,3e-06,0.4,4,10,False,False,False,0.000439,0.4,4,10,True,False
NonOverlappingTemplate,NonOverlappingTemplate,False,3e-06,0.4,4,10,False,False,False,0.000199,0.4,4,10,True,False
NonOverlappingTemplate,NonOverlappingTemplate,False,3e-06,0.4,4,10,False,False,False,0.000199,0.4,4,10,True,False
NonOverlappingTemplate,NonOverlappingTemplate,False,3e-06,0.4,4,10,False,False,False,0.000199,0.4,4,10,True,False
NonOverlappingTemplate,NonOverlappingTemplate,False,3e-06,0.4,4,10,False,False,False,0.004301,0.5,5,10,True,False
NonOverlappingTemplate,NonOverlappingTemplate,False,3e-06,0.4,4,10,False,False,False,0.000199,0.4,4,10,True,False
NonOverlappingTemplate,NonOverlappingTemplate,False,0.0,0.3,3,10,False,False,False,0.000439,0.4,4,10,True,False
NonOverlappingTemplate,NonOverlappingTemplate,False,0.0,0.3,3,10,False,False,False,0.000439,0.4,4,10,True,False
NonOverlappingTemplate,NonOverlappingTemplate,False,0.0,0.3,3,10,False,False,False,0.000199,0.4,4,10,True,False
NonOverlappingTemplate,NonOverlappingTemplate,False,0.0,0.3,3,10,False,False,False,0.000199,0.4,4,10,True,False
NonOverlappingTemplate,NonOverlappingTemplate,False,0.0,0.3,3,10,False,False,False,0.000199,0.4,4,10,True,False
NonOverlappingTemplate,NonOverlappingTemplate,False,0.0,0.3,3,10,False,False,False,0.004301,0.5,5,10,True,False
NonOverlappingTemplate,NonOverlappingTemplate,False,0.0,0.3,3,10,False,False,False,0.000199,0.4,4,10,True,False
NonOverlappingTemplate,NonOverlappingTemplate,False,0.0,0.0,0,10,False,False,False,0.000439,0.4,4,10,True,False
NonOverlappingTemplate,NonOverlappingTemplate,False,0.0,0.0,0,10,False,False,False,0.000439,0.4,4,10,True,False
NonOverlappingTemplate,NonOverlappingTemplate,False,0.0,0.0,0,10,False,False,False,0.000199,0.4,4,10,True,False
NonOverlappingTemplate,NonOverlappingTemplate,False,0.0,0.0,0,10,False,False,False,0.000199,0.4,4,10,True,False
NonOverlappingTemplate,NonOverlappingTemplate,False,0.0,0.0,0,10,False,False,False,0.000199,0.4,4,10,True,False
NonOverlappingTemplate,NonOverlappingTemplate,False,0.0,0.0,0,10,False,False,False,0.004301,0.5,5,10,True,False
NonOverlappingTemplate,NonOverlappingTemplate,False,0.0,0.0,0,10,False,False,False,0.000199,0.4,4,10,True,False
NonOverlappingTemplate,NonOverlappingTemplate,False,0.0,0.1,1,10,False,False,False,0.000439,0.4,4,10,True,False
NonOverlappingTemplate,NonOverlappingTemplate,False,0.0,0.1,1,10,False,False,False,0.000439,0.4,4,10,True,False
NonOverlappingTemplate,NonOverlappingTemplate,False,0.0,0.1,1,10,False,False,False,0.000199,0.4,4,10,True,False
NonOverlappingTemplate,NonOverlappingTemplate,False,0.0,0.1,1,10,False,False,False,0.000199,0.4,4,10,True,False
NonOverlappingTemplate,NonOverlappingTemplate,False,0.0,0.1,1,10,False,False,False,0.000199,0.4,4,10,True,False
NonOverlappingTemplate,NonOverlappingTemplate,False,0.0,0.1,1,10,False,False,False,0.004301,0.5,5,10,True,False
NonOverlappingTemplate,NonOverlappingTemplate,False,0.0,0.1,1,10,False,False,False,0.000199,0.4,4,10,True,False
NonOverlappingTemplate,NonOverlappingTemplate,False,0.0,0.3,3,10,False,False,False,0.000439,0.4,4,10,True,False
NonOverlappingTemplate,NonOverlappingTemplate,False,0.0,0.3,3,10,False,False,False,0.000439,0.4,4,10,True,False
NonOverlappingTemplate,NonOverlappingTemplate,False,0.0,0.3,3,10,False,False,False,0.000199,0.4,4,10,True,False
NonOverlappingTemplate,NonOverlappingTemplate,False,0.0,0.3,3,10,False,False,False,0.000199,0.4,4,10,True,False
NonOverlappingTemplate,NonOverlappingTemplate,False,0.0,0.3,3,10,False,False,False,0.000199,0.4,4,10,True,False
NonOverlappingTemplate,NonOverlappingTemplate,False,0.0,0.3,3,10,False,False,False,0.004301,0.5,5,10,True,False
NonOverlappingTemplate,NonOverlappingTemplate,False,0.0,0.3,3,10,False,False,False,0.000199,0.4,4,10,True,False
NonOverlappingTemplate,NonOverlappingTemplate,False,0.0,0.3,3,10,False,False,False,0.000439,0.4,4,10,True,False
NonOverlappingTemplate,NonOverlappingTemplate,False,0.0,0.3,3,10,False,False,False,0.000439,0.4,4,10,True,False
NonOverlappingTemplate,NonOverlappingTemplate,False,0.0,0.3,3,10,False,False,False,0.000199,0.4,4,10,True,False
NonOverlappingTemplate,NonOverlappingTemplate,False,0.0,0.3,3,10,False,False,False,0.000199,0.4,4,10,True,False
NonOverlappingTemplate,NonOverlappingTemplate,False,0.0,0.3,3,10,False,False,False,0.000199,0.4,4,10,True,False
NonOverlappingTemplate,NonOverlappingTemplate,False,0.0,0.3,3,10,False,False,False,0.004301,0.5,5,10,True,False
NonOverlappingTemplate,NonOverlappingTemplate,False,0.0,0.3,3,10,False,False,False,0.000199,0.4,4,10,True,False
NonOverlappingTemplate,NonOverlappingTemplate,False,0.0,0.2,2,10,False,False,False,0.000439,0.4,4,10,True,False
NonOverlappingTemplate,NonOverlappingTemplate,False,0.0,0.2,2,10,False,False,False,0.000439,0.4,4,10,True,False
NonOverlappingTemplate,NonOverlappingTemplate,False,0.0,0.2,2,10,False,False,False,0.000199,0.4,4,10,True,False
NonOverlappingTemplate,NonOverlappingTemplate,False,0.0,0.2,2,10,False,False,False,0.000199,0.4,4,10,True,False
NonOverlappingTemplate,NonOverlappingTemplate,False,0.0,0.2,2,10,False,False,False,0.000199,0.4,4,10,True,False
NonOverlappingTemplate,NonOverlappingTemplate,False,0.0,0.2,2,10,False,False,False,0.004301,0.5,5,10,True,False
NonOverlappingTemplate,NonOverlappingTemplate,False,0.0,0.2,2,10,False,False,False,0.000199,0.4,4,10,True,False
NonOverlappingTemplate,NonOverlappingTemplate,False,0.0,0.2,2,10,False,False,False,0.000439,0.4,4,10,True,False
NonOverlappingTemplate,NonOverlappingTemplate,False,0.0,0.2,2,10,False,False,False,0.000439,0.4,4,10,True,False
NonOverlappingTemplate,NonOverlappingTemplate,False,0.0,0.2,2,10,False,False,False,0.000199,0.4,4,10,True,False
NonOverlappingTemplate,NonOverlappingTemplate,False,0.0,0.2,2,10,False,False,False,0.000199,0.4,4,10,True,False
NonOverlappingTemplate,NonOverlappingTemplate,False,0.0,0.2,2,10,False,False,False,0.000199,0.4,4,10,True,False
NonOverlappingTemplate,NonOverlappingTemplate,False,0.0,0.2,2,10,False,False,False,0.004301,0.5,5,10,True,False
NonOverlappingTemplate,NonOverlappingTemplate,False,0.0,0.2,2,10,False,False,False,0.000199,0.4,4,10,True,False
NonOverlappingTemplate,NonOverlappingTemplate,False,3e-06,0.4,4,10,False,False,False,0.000439,0.4,4,10,True,False
NonOverlappingTemplate,NonOverlappingTemplate,False,3e-06,0.4,4,10,False,False,False,0.000439,0.4,4,10,True,False
NonOverlappingTemplate,NonOverlappingTemplate,False,3e-06,0.4,4,10,False,False,False,0.000199,0.4,4,10,True,False
NonOverlappingTemplate,NonOverlappingTemplate,False,3e-06,0.4,4,10,False,False,False,0.000199,0.4,4,10,True,False
NonOverlappingTemplate,NonOverlappingTemplate,False,3e-06,0.4,4,10,False,False,False,0.000199,0.4,4,10,True,False
NonOverlappingTemplate,NonOverlappingTemplate,False,3e-06,0.4,4,10,False,False,False,0.004301,0.5,5,10,True,False
NonOverlappingTemplate,NonOverlappingTemplate,False,3e-06,0.4,4,10,False,False,False,0.000199,0.4,4,10,True,False
NonOverlappingTemplate,NonOverlappingTemplate,False,0.0,0.3,3,10,False,False,False,0.000439,0.4,4,10,True,False
NonOverlappingTemplate,NonOverlappingTemplate,False,0.0,0.3,3,10,False,False,False,0.000439,0.4,4,10,True,False
NonOverlappingTemplate,NonOverlappingTemplate,False,0.0,0.3,3,10,False,False,False,0.000199,0.4,4,10,True,False
NonOverlappingTemplate,NonOverlappingTemplate,False,0.0,0.3,3,10,False,False,False,0.000199,0.4,4,10,True,False
NonOverlappingTemplate,NonOverlappingTemplate,False,0.0,0.3,3,10,False,False,False,0.000199,0.4,4,10,True,False
NonOverlappingTemplate,NonOverlappingTemplate,False,0.0,0.3,3,10,False,False,False,0.004301,0.5,5,10,True,False
NonOverlappingTemplate,NonOverlappingTemplate,False,0.0,0.3,3,10,False,False,False,0.000199,0.4,4,10,True,False
Serial,Serial,False,0.0,0.0,0,10,False,False,False,0.000439,0.5,5,10,True,False
Serial,Serial,False,0.0,0.0,0,10,False,False,False,0.000439,0.5,5,10,True,False
