test,test_family,pass_tent_raw,p_uniformity_tent_raw,proportion_tent_raw,pass_count_tent_raw,total_tent_raw,pass_uniformity_tent_raw,pass_proportion_tent_raw,pass_tent_vn,p_uniformity_tent_vn,proportion_tent_vn,pass_count_tent_vn,total_tent_vn,pass_uniformity_tent_vn,pass_proportion_tent_vn
ApproximateEntropy,ApproximateEntropy,False,0.0,0.0,0,10,False,False,False,3e-06,0.5,5,10,False,False
NonOverlappingTemplate,NonOverlappingTemplate,False,0.0,0.0,0,10,False,False,False,3e-06,0.5,5,10,False,False
NonOverlappingTemplate,NonOverlappingTemplate,False,0.0,0.0,0,10,False,False,False,0.0,0.5,5,10,False,False
NonOverlappingTemplate,NonOverlappingTemplate,False,0.0,0.0,0,10,False,False,False,0.0,0.5,5,10,False,False
NonOverlappingTemplate,NonOverlappingTemplate,False,0.0,0.0,0,10,False,False,False,8.9e-05,0.6,6,10,False,False
NonOverlappingTemplate,NonOverlappingTemplate,False,0.0,0.0,0,10,False,False,False,8.9e-05,0.6,6,10,False,False
NonOverlappingTemplate,NonOverlappingTemplate,False,0.0,0.0,0,10,False,False,False,0.0,0.5,5,10,False,False
NonOverlappingTemplate,NonOverlappingTemplate,False,0.0,0.0,0,10,False,False,False,3e-06,0.5,5,10,False,False
NonOverlappingTemplate,NonOverlappingTemplate,False,0.0,0.0,0,10,False,False,False,3e-06,0.6,6,10,False,False
NonOverlappingTemplate,NonOverlappingTemplate,False,0.0,0.0,0,10,False,False,False,3e-06,0.5,5,10,False,False
NonOverlappingTemplate,NonOverlappingTemplate,False,0.0,0.0,0,10,False,False,False,3e-06,0.4,4,10,False,False
NonOverlappingTemplate,NonOverlappingTemplate,False,0.0,0.0,0,10,False,False,False,3e-06,0.7,7,10,False,False
NonOverlappingTemplate,NonOverlappingTemplate,False,0.0,0.0,0,10,False,False,False,3e-06,0.6,6,10,False,False
NonOverlappingTemplate,NonOverlappingTemplate,False,0.0,0.0,0,10,False,False,False,3e-06,0.6,6,10,False,False
NonOverlappingTemplate,NonOverlappingTemplate,False,0.0,0.0,0,10,False,False,False,3e-06,0.5,5,10,False,False
NonOverlappingTemplate,NonOverlappingTemplate,False,0.0,0.0,0,10,False,False,False,0.0,0.5,5,10,False,False
NonOverlappingTemplate,NonOverlappingTemplate,False,0.0,0.0,0,10,False,False,False,0.0,0.5,5,10,False,False
NonOverlappingTemplate,NonOverlappingTemplate,False,0.0,0.0,0,10,False,False,False,8.9e-05,0.6,6,10,False,False
NonOverlappingTemplate,NonOverlappingTemplate,False,0.0,0.0,0,10,False,False,False,8.9e-05,0.6,6,10,False,False
NonOverlappingTemplate,NonOverlappingTemplate,False,0.0,0.0,0,10,False,False,False,0.0,0.5,5,10,False,False
NonOverlappingTemplate,NonOverlappingTemplate,False,0.0,0.0,0,10,False,False,False,3e-06,0.5,5,10,False,False
NonOverlappingTemplate,NonOverlappingTemplate,False,0.0,0.0,0,10,False,False,False,3e-06,0.6,6,10,False,False
NonOverlappingTemplate,NonOverlappingTemplate,False,0.0,0.0,0,10,False,False,False,3e-06,0.5,5,10,False,False
NonOverlappingTemplate,NonOverlappingTemplate,False,0.0,0.0,0,10,False,False,False,3e-06,0.4,4,10,False,False
NonOverlappingTemplate,NonOverlappingTemplate,False,0.0,0.0,0,10,False,False,False,3e-06,0.7,7,10,False,False
NonOverlappingTemplate,NonOverlappingTemplate,False,0.0,0.0,0,10,False,False,False,3e-06,0.6,6,10,False,False
NonOverlappingTemplate,NonOverlappingTemplate,False,0.0,0.0,0,10,False,False,False,3e-06,0.6,6,10,False,False
NonOverlappingTemplate,NonOverlappingTemplate,False,0.0,0.0,0,10,False,False,False,3e-06,0.5,5,10,False,False
NonOverlappingTemplate,NonOverlappingTemplate,False,0.0,0.0,0,10,False,False,False,0.0,0.5,5,10,False,False
NonOverlappingTemplate,NonOverlappingTemplate,False,0.0,0.0,0,10,False,False,False,0.0,0.5,5,10,False,False
NonOverlappingTemplate,NonOverlappingTemplate,False,0.0,0.0,0,10,False,False,False,8.9e-05,0.6,6,10,False,False
NonOverlappingTemplate,NonOverlappingTemplate,False,0.0,0.0,0,10,False,False,False,8.9e-05,0.6,6,10,False,False
NonOverlappingTemplate,NonOverlappingTemplate,False,0.0,0.0,0,10,False,False,False,0.0,0.5,5,10,False,False
NonOverlappingTemplate,NonOverlappingTemplate,False,0.0,0.0,0,10,False,False,False,3e-06,0.5,5,10,False,False
NonOverlappingTemplate,NonOverlappingTemplate,False,0.0,0.0,0,10,False,False,False,3e-06,0.6,6,10,False,False
NonOverlappingTemplate,NonOverlappingTemplate,False,0.0,0.0,0,10,False,False,False,3e-06,0.5,5,10,False,False
NonOverlappingTemplate,NonOverlappingTemplate,False,0.0,0.0,0,10,False,False,False,3e-06,0.4,4,10,False,False
NonOverlappingTemplate,NonOverlappingTemplate,False,0.0,0.0,0,10,False,False,False,3e-06,0.7,7,10,False,False
NonOverlappingTemplate,NonOverlappingTemplate,False,0.0,0.0,0,10,False,False,False,3e-06,0.6,6,10,False,False
NonOverlappingTemplate,NonOverlappingTemplate,False,0.0,0.0,0,10,False,False,False,3e-06,0.6,6,10,False,False
NonOverlappingTemplate,NonOverlappingTemplate,False,0.0,0.1,1,10,False,False,False,3e-06,0.5,5,10,False,False
NonOverlappingTemplate,NonOverlappingTemplate,False,0.0,0.1,1,10,False,False,False,0.0,0.5,5,10,False,False
NonOverlappingTemplate,NonOverlappingTemplate,False,0.0,0.1,1,10,False,False,False,0.0,0.5,5,10,False,False
NonOverlappingTemplate,NonOverlappingTemplate,False,0.0,0.1,1,10,False,False,False,8.9e-05,0.6,6,10,False,False
NonOverlappingTemplate,NonOverlappingTemplate,False,0.0,0.1,1,10,False,False,False,8.9e-05,0.6,6,10,False,False
NonOverlappingTemplate,NonOverlappingTemplate,False,0.0,0.1,1,10,False,False,False,0.0,0.5,5,10,False,False
NonOverlappingTemplate,NonOverlappingTemplate,False,0.0,0.1,1,10,False,False,False,3e-06,0.5,5,10,False,False
NonOverlappingTemplate,NonOverlappingTemplate,False,0.0,0.1,1,10,False,False,False,3e-06,0.6,6,10,False,False
NonOverlappingTemplate,NonOverlappingTemplate,False,0.0,0.1,1,10,False,False,False,3e-06,0.5,5,10,False,False
NonOverlappingTemplate,NonOverlappingTemplate,False,0.0,0.1,1,10,False,False,False,3e-06,0.4,4,10,False,False
NonOverlappingTemplate,NonOverlappingTemplate,False,0.0,0.1,1,10,False,False,False,3e-06,0.7,7,10,False,False
NonOverlappingTemplate,NonOverlappingTemplate,False,0.0,0.1,1,10,False,False,False,3e-06,0.6,6,10,False,False
NonOverlappingTemplate,NonOverlappingTemplate,False,0.0,0.1,1,10,False,False,False,3e-06,0.6,6,10,False,False
NonOverlappingTemplate,NonOverlappingTemplate,False,0.0,0.1,1,10,False,False,False,3e-06,0.5,5,10,False,False
NonOverlappingTemplate,NonOverlappingTemplate,False,0.0,0.1,1,10,False,False,False,0.0,0.5,5,10,False,False
NonOverlappingTemplate,NonOverlappingTemplate,False,0.0,0.1,1,10,False,False,False,0.0,0.5,5,10,False,False
NonOverlappingTemplate,NonOverlappingTemplate,False,0.0,0.1,1,10,False,False,False,8.9e-05,0.6,6,10,False,False
NonOverlappingTemplate,NonOverlappingTemplate,False,0.0,0.1,1,10,False,False,False,8.9e-05,0.6,6,10,False,False
NonOverlappingTemplate,NonOverlappingTemplate,False,0.0,0.1,1,10,False,False,False,0.0,0.5,5,10,False,False
NonOverlappingTemplate,NonOverlappingTemplate,False,0.0,0.1,1,10,False,False,False,3e-06,0.5,5,10,False,False
NonOverlappingTemplate,NonOverlappingTemplate,False,0.0,0.1,1,10,False,False,False,3e-06,0.6,6,10,False,False
NonOverlappingTemplate,NonOverlappingTemplate,False,0.0,0.1,1,10,False,False,False,3e-06,0.5,5,10,False,False
NonOverlappingTemplate,NonOverlappingTemplate,False,0.0,0.1,1,10,False,False,False,3e-06,0.4,4,10,False,False
NonOverlappingTemplate,NonOverlappingTemplate,False,0.0,0.1,1,10,False,False,False,3e-06,0.7,7,10,False,False
NonOverlappingTemplate,NonOverlappingTemplate,False,0.0,0.1,1,10,False,False,False,3e-06,0.6,6,10,False,False
NonOverlappingTemplate,NonOverlappingTemplate,False,0.0,0.1,1,10,False,False,False,3e-06,0.6,6,10,False,False
NonOverlappingTemplate,NonOverlappingTemplate,False,0.0,0.1,1,10,False,False,False,3e-06,0.5,5,10,False,False
NonOverlappingTemplate,NonOverlappingTemplate,False,0.0,0.1,1,10,False,False,False,0.0,0.5,5,10,False,False
NonOverlappingTemplate,NonOverlappingTemplate,False,0.0,0.1,1,10,False,False,False,0.0,0.5,5,10,False,False
NonOverlappingTemplate,NonOverlappingTemplate,False,0.0,0.1,1,10,False,False,False,8.9e-05,0.6,6,10,False,False
NonOverlappingTemplate,NonOverlappingTemplate,False,0.0,0.1,1,10,False,False,False,8.9e-05,0.6,6,10,False,False
NonOverlappingTemplate,NonOverlappingTemplate,False,0.0,0.1,1,10,False,False,False,0.0,0.5,5,10,False,False
NonOverlappingTemplate,NonOverlappingTemplate,False,0.0,0.1,1,10,False,False,False,3e-06,0.5,5,10,False,False
NonOverlappingTemplate,NonOverlappingTemplate,False,0.0,0.1,1,10,False,False,False,3e-06,0.6,6,10,False,False
NonOverlappingTemplate,NonOverlappingTemplate,False,0.0,0.1,1,10,False,False,False,3e-06,0.5,5,10,False,False
NonOverlappingTemplate,NonOverlappingTemplate,False,0.0,0.1,1,10,False,False,False,3e-06,0.4,4,10,False,False
NonOverlappingTemplate,NonOverlappingTemplate,False,0.0,0.1,1,10,False,False,False,3e-06,0.7,7,10,False,False
NonOverlappingTemplate,NonOverlappingTemplate,False,0.0,0.1,1,10,False,False,False,3e-06,0.6,6,10,False,False
NonOverlappingTemplate,NonOverlappingTemplate,False,0.0,0.1,1,10,False,False,False,3e-06,0.6,6,10,False,False
NonOverlappingTemplate,NonOverlappingTemplate,False,0.0,0.1,1,10,False,False,False,3e-06,0.5,5,10,False,False
NonOverlappingTemplate,NonOverlappingTemplate,False,0.0,0.1,1,10,False,False,False,0.0,0.5,5,10,False,False
NonOverlappingTemplate,NonOverlappingTemplate,False,0.0,0.1,1,10,False,False,False,0.0,0.5,5,10,False,False
NonOverlappingTemplate,NonOverlappingTemplate,False,0.0,0.1,1,10,False,False,False,8.9e-05,0.6,6,10,False,False
NonOverlappingTemplate,NonOverlappingTemplate,False,0.0,0.1,1,10,False,False,False,8.9e-05,0.6,6,10,False,False
NonOverlappingTemplate,NonOverlappingTemplate,False,0.0,0.1,1,10,False,False,False,0.0,0.5,5,10,False,False
NonOverlappingTemplate,NonOverlappingTemplate,False,0.0,0.1,1,10,False,False,False,3e-06,0.5,5,10,False,False
NonOverlappingTemplate,NonOverlappingTemplate,False,0.0,0.1,1,10,False,False,False,3e-06,0.6,6,10,False,False
NonOverlappingTemplate,NonOverlappingTemplate,False,0.0,0.1,1,10,False,False,False,3e-06,0.5,5,10,False,False
NonOverlappingTemplate,NonOverlappingTemplate,False,0.0,0.1,1,10,False,False,False,3e-06,0.4,4,10,False,False
NonOverlappingTemplate,NonOverlappingTemplate,False,0.0,0.1,1,10,False,False,False,3e-06,0.7,7,10,False,False
NonOverlappingTemplate,NonOverlappingTemplate,False,0.0,0.1,1,10,False,False,False,3e-06,0.6,6,10,False,False
NonOverlappingTemplate,NonOverlappingTemplate,False,0.0,0.1,1,10,False,False,False,3e-06,0.6,6,10,False,False
NonOverlappingTemplate,NonOverlappingTemplate,False,0.0,0.1,1,10,False,False,False,3e-06,0.5,5,10,False,False
NonOverlappingTemplate,NonOverlappingTemplate,False,0.0,0.1,1,10,False,False,False,0.0,0.5,5,10,False,False
NonOverlappingTemplate,NonOverlappingTemplate,False,0.0,0.1,1,10,False,False,False,0.0,0.5,5,10,False,False
NonOverlappingTemplate,NonOverlappingTemplate,False,0.0,0.1,1,10,False,False,False,8.9e-05,0.6,6,10,False,False
NonOverlappingTemplate,NonOverlappingTemplate,False,0.0,0.1,1,10,False,False,False,8.9e-05,0.6,6,10,False,False
NonOverlappingTemplate,NonOverlappingTemplate,False,0.0,0.1,1,10,False,False,False,0.0,0.5,5,10,False,False
NonOverlappingTemplate,NonOverlappingTemplate,False,0.0,0.1,1,10,False,False,False,3e-06,0.5,5,10,False,False
NonOverlappingTemplate,NonOverlappingTemplate,False,0.0,0.1,1,10,False,False,False,3e-06,0.6,6,10,False,False
NonOverlappingTemplate,NonOverlappingTemplate,False,0.0,0.1,1,10,False,False,False,3e-06,0.5,5,10,False,False
NonOverlappingTemplate,NonOverlappingTemplate,False,0.0,0.1,1,10,False,False,False,3e-06,0.4,4,10,False,False
NonOverlappingTemplate,NonOverlappingTemplate,False,0.0,0.1,1,10,False,False,False,3e-06,0.7,7,10,False,False
NonOverlappingTemplate,NonOverlappingTemplate,False,0.0,0.1,1,10,False,False,False,3e-06,0.6,6,10,False,False
NonOverlappingTemplate,NonOverlappingTemplate,False,0.0,0.1,1,10,False,False,False,3e-06,0.6,6,10,False,False
NonOverlappingTemplate,NonOverlappingTemplate,False,3e-06,0.4,4,10,False,False,False,3e-06,0.5,5,10,False,False
NonOverlappingTemplate,NonOverlappingTemplate,False,3e-06,0.4,4,10,False,False,False,0.0,0.5,5,10,False,False
NonOverlappingTemplate,NonOverlappingTemplate,False,3e-06,0.4,4,10,False,False,False,0.0,0.5,5,10,False,False
NonOverlappingTemplate,NonOverlappingTemplate,False,3e-06,0.4,4,10,False,False,False,8.9e-05,0.6,6,10,False,False
NonOverlappingTemplate,NonOverlappingTemplate,False,3e-06,0.4,4,10,False,False,False,8.9e-05,0.6,6,10,False,False
NonOverlappingTemplate,NonOverlappingTemplate,False,3e-06,0.4,4,10,False,False,False,0.0,0.5,5,10,False,False
NonOverlappingTemplate,NonOverlappingTemplate,False,3e-06,0.4,4,10,False,False,False,3e-06,0.5,5,10,False,False
NonOverlappingTemplate,NonOverlappingTemplate,False,3e-06,0.4,4,10,False,False,False,3e-06,0.6,6,10,False,False
NonOverlappingTemplate,NonOverlappingTemplate,False,3e-06,0.4,4,10,False,False,False,3e-06,0.5,5,10,False,False
NonOverlappingTemplate,NonOverlappingTemplate,False,3e-06,0.4,4,10,False,False,False,3e-06,0.4,4,10,False,False
NonOverlappingTemplate,NonOverlappingTemplate,False,3e-06,0.4,4,10,False,False,False,3e-06,0.7,7,10,False,False
NonOverlappingTemplate,NonOverlappingTemplate,False,3e-06,0.4,4,10,False,False,False,3e-06,0.6,6,10,False,False
NonOverlappingTemplate,NonOverlappingTemplate,False,3e-06,0.4,4,10,False,False,False,3e-06,0.6,6,10,False,False
NonOverlappingTemplate,NonOverlappingTemplate,False,0.0,0.3,3,10,False,False,False,3e-06,0.5,5,10,False,False
NonOverlappingTemplate,NonOverlappingTemplate,False,0.0,0.3,3,10,False,False,False,0.0,0.5,5,10,False,False
NonOverlappingTemplate,NonOverlappingTemplate,False,0.0,0.3,3,10,False,False,False,0.0,0.5,5,10,False,False
NonOverlappingTemplate,NonOverlappingTemplate,False,0.0,0.3,3,10,False,False,False,8.9e-05,0.6,6,10,False,False
NonOverlappingTemplate,NonOverlappingTemplate,False,0.0,0.3,3,10,False,False,False,8.9e-05,0.6,6,10,False,False
NonOverlappingTemplate,NonOverlappingTemplate,False,0.0,0.3,3,10,False,False,False,0.0,0.5,5,10,False,False
NonOverlappingTemplate,NonOverlappingTemplate,False,0.0,0.3,3,10,False,False,False,3e-06,0.5,5,10,False,False
NonOverlappingTemplate,NonOverlappingTemplate,False,0.0,0.3,3,10,False,False,False,3e-06,0.6,6,10,False,False
NonOverlappingTemplate,NonOverlappingTemplate,False,0.0,0.3,3,10,False,False,False,3e-06,0.5,5,10,False,False
NonOverlappingTemplate,NonOverlappingTemplate,False,0.0,0.3,3,10,False,False,False,3e-06,0.4,4,10,False,False
NonOverlappingTemplate,NonOverlappingTemplate,False,0.0,0.3,3,10,False,False,False,3e-06,0.7,7,10,False,False
NonOverlappingTemplate,NonOverlappingTemplate,False,0.0,0.3,3,10,False,False,False,3e-06,0.6,6,10,False,False
NonOverlappingTemplate,NonOverlappingTemplate,False,0.0,0.3,3,10,False,False,False,3e-06,0.6,6,10,False,False
NonOverlappingTemplate,NonOverlappingTemplate,False,0.0,0.2,2,10,False,False,False,3e-06,0.5,5,10,False,False
NonOverlappingTemplate,NonOverlappingTemplate,False,0.0,0.2,2,10,False,False,False,0.0,0.5,5,10,False,False
NonOverlappingTemplate,NonOverlappingTemplate,False,0.0,0.2,2,10,False,False,False,0.0,0.5,5,10,False,False
NonOverlappingTemplate,NonOverlappingTemplate,False,0.0,0.2,2,10,False,False,False,8.9e-05,0.6,6,10,False,False
NonOverlappingTemplate,NonOverlappingTemplate,False,0.0,0.2,2,10,False,False,False,8.9e-05,0.6,6,10,False,False
NonOverlappingTemplate,NonOverlappingTemplate,False,0.0,0.2,2,10,False,False,False,0.0,0.5,5,10,False,False
NonOverlappingTemplate,NonOverlappingTemplate,False,0.0,0.2,2,10,False,False,False,3e-06,0.5,5,10,False,False
NonOverlappingTemplate,NonOverlappingTemplate,False,0.0,0.2,2,10,False,False,False,3e-06,0.6,6,10,False,False
NonOverlappingTemplate,NonOverlappingTemplate,False,0.0,0.2,2,10,False,False,False,3e-06,0.5,5,10,False,False
NonOverlappingTemplate,NonOverlappingTemplate,False,0.0,0.2,2,10,False,False,False,3e-06,0.4,4,10,False,False
NonOverlappingTemplate,NonOverlappingTemplate,False,0.0,0.2,2,10,False,False,False,3e-06,0.7,7,10,False,False
NonOverlappingTemplate,NonOverlappingTemplate,False,0.0,0.2,2,10,False,False,False,3e-06,0.6,6,10,False,False
NonOverlappingTemplate,NonOverlappingTemplate,False,0.0,0.2,2,10,False,False,False,3e-06,0.6,6,10,False,False
NonOverlappingTemplate,NonOverlappingTemplate,False,0.0,0.2,2,10,False,False,False,3e-06,0.5,5,10,False,False
NonOverlappingTemplate,NonOverlappingTemplate,False,0.0,0.2,2,10,False,False,False,0.0,0.5,5,10,False,False
NonOverlappingTemplate,NonOverlappingTemplate,False,0.0,0.2,2,10,False,False,False,0.0,0.5,5,10,False,False
NonOverlappingTemplate,NonOverlappingTemplate,False,0.0,0.2,2,10,False,False,False,8.9e-05,0.6,6,10,False,False
NonOverlappingTemplate,NonOverlappingTemplate,False,0.0,0.2,2,10,False,False,False,8.9e-05,0.6,6,10,False,False
NonOverlappingTemplate,NonOverlappingTemplate,False,0.0,0.2,2,10,False,False,False,0.0,0.5,5,10,False,False
NonOverlappingTemplate,NonOverlappingTemplate,False,0.0,0.2,2,10,False,False,False,3e-06,0.5,5,10,False,False
NonOverlappingTemplate,NonOverlappingTemplate,False,0.0,0.2,2,10,False,False,False,3e-06,0.6,6,10,False,False
NonOverlappingTemplate,NonOverlappingTemplate,False,0.0,0.2,2,10,False,False,False,3e-06,0.5,5,10,False,False
NonOverlappingTemplate,NonOverlappingTemplate,False,0.0,0.2,2,10,False,False,False,3e-06,0.4,4,10,False,False
NonOverlappingTemplate,NonOverlappingTemplate,False,0.0,0.2,2,10,False,False,False,3e-06,0.7,7,10,False,False
NonOverlappingTemplate,NonOverlappingTemplate,False,0.0,0.2,2,10,False,False,False,3e-06,0.6,6,10,False,False
NonOverlappingTemplate,NonOverlappingTemplate,False,0.0,0.2,2,10,False,False,False,3e-06,0.6,6,10,False,False
NonOverlappingTemplate,NonOverlappingTemplate,False,0.0,0.1,1,10,False,False,False,3e-06,0.5,5,10,False,False
NonOverlappingTemplate,NonOverlappingTemplate,False,0.0,0.1,1,10,False,False,False,0.0,0.5,5,10,False,False
NonOverlappingTemplate,NonOverlappingTemplate,False,0.0,0.1,1,10,False,False,False,0.0,0.5,5,10,False,False
NonOverlappingTemplate,NonOverlappingTemplate,False,0.0,0.1,1,10,False,False,False,8.9e-05,0.6,6,10,False,False
NonOverlappingTemplate,NonOverlappingTemplate,False,0.0,0.1,1,10,False,False,False,8.9e-05,0.6,6,10,False,False
NonOverlappingTemplate,NonOverlappingTemplate,False,0.0,0.1,1,10,False,False,False,0.0,0.5,5,10,False,False
NonOverlappingTemplate,NonOverlappingTemplate,False,0.0,0.1,1,10,False,False,False,3e-06,0.5,5,10,False,False
NonOverlappingTemplate,NonOverlappingTemplate,False,0.0,0.1,1,10,False,False,False,3e-06,0.6,6,10,False,False
NonOverlappingTemplate,NonOverlappingTemplate,False,0.0,0.1,1,10,False,False,False,3e-06,0.5,5,10,False,False
NonOverlappingTemplate,NonOverlappingTemplate,False,0.0,0.1,1,10,False,False,False,3e-06,0.4,4,10,False,False
NonOverlappingTemplate,NonOverlappingTemplate,False,0.0,0.1,1,10,False,False,False,3e-06,0.7,7,10,False,False
NonOverlappingTemplate,NonOverlappingTemplate,False,0.0,0.1,1,10,False,False,False,3e-06,0.6,6,10,False,False
NonOverlappingTemplate,NonOverlappingTemplate,False,0.0,0.1,1,10,False,False,False,3e-06,0.6,6,10,False,False
NonOverlappingTemplate,NonOverlappingTemplate,False,0.0,0.1,1,10,False,False,False,3e-06,0.5,5,10,False,False
NonOverlappingTemplate,NonOverlappingTemplate,False,0.0,0.1,1,10,False,False,False,0.0,0.5,5,10,False,False
NonOverlappingTemplate,NonOverlappingTemplate,False,0.0,0.1,1,10,False,False,False,0.0,0.5,5,10,False,False
NonOverlappingTemplate,NonOverlappingTemplate,False,0.0,0.1,1,10,False,False,False,8.9e-05,0.6,6,10,False,False
NonOverlappingTemplate,NonOverlappingTemplate,False,0.0,0.1,1,10,False,False,False,8.9e-05,0.6,6,10,False,False
NonOverlappingTemplate,NonOverlappingTemplate,False,0.0,0.1,1,10,False,False,False,0.0,0.5,5,10,False,False
NonOverlappingTemplate,NonOverlappingTemplate,False,0.0,0.1,1,10,False,False,False,3e-06,0.5,5,10,False,False
NonOverlappingTemplate,NonOverlappingTemplate,False,0.0,0.1,1,10,False,False,False,3e-06,0.6,6,10,False,False
NonOverlappingTemplate,NonOverlappingTemplate,False,0.0,0.1,1,10,False,False,False,3e-06,0.5,5,10,False,False
NonOverlappingTemplate,NonOverlappingTemplate,False,0.0,0.1,1,10,False,False,False,3e-06,0.4,4,10,False,False
NonOverlappingTemplate,NonOverlappingTemplate,False,0.0,0.1,1,10,False,False,False,3e-06,0.7,7,10,False,False
NonOverlappingTemplate,NonOverlappingTemplate,False,0.0,0.1,1,10,False,False,False,3e-06,0.6,6,10,False,False
NonOverlappingTemplate,NonOverlappingTemplate,False,0.0,0.1,1,10,False,False,False,3e-06,0.6,6,10,False,False
NonOverlappingTemplate,NonOverlappingTemplate,False,0.0,0.1,1,10,False,False,False,3e-06,0.5,5,10,False,False
NonOverlappingTemplate,NonOverlappingTemplate,False,0.0,0.1,1,10,False,False,False,0.0,0.5,5,10,False,False
NonOverlappingTemplate,NonOverlappingTemplate,False,0.0,0.1,1,10,False,False,False,0.0,0.5,5,10,False,False
NonOverlappingTemplate,NonOverlappingTemplate,False,0.0,0.1,1,10,False,False,False,8.9e-05,0.6,6,10,False,False
NonOverlappingTemplate,NonOverlappingTemplate,False,0.0,0.1,1,10,False,False,False,8.9e-05,0.6,6,10,False,False
NonOverlappingTemplate,NonOverlappingTemplate,False,0.0,0.1,1,10,False,False,False,0.0,0.5,5,10,False,False
NonOverlappingTemplate,NonOverlappingTemplate,False,0.0,0.1,1,10,False,False,False,3e-06,0.5,5,10,False,False
NonOverlappingTemplate,NonOverlappingTemplate,False,0.0,0.1,1,10,False,False,False,3e-06,0.6,6,10,False,False
NonOverlappingTemplate,NonOverlappingTemplate,False,0.0,0.1,1,10,False,False,False,3e-06,0.5,5,10,False,False
NonOverlappingTemplate,NonOverlappingTemplate,False,0.0,0.1,1,10,False,False,False,3e-06,0.4,4,10,False,False
NonOverlappingTemplate,NonOverlappingTemplate,False,0.0,0.1,1,10,False,False,False,3e-06,0.7,7,10,False,False
NonOverlappingTemplate,NonOverlappingTemplate,False,0.0,0.1,1,10,False,False,False,3e-06,0.6,6,10,False,False
NonOverlappingTemplate,NonOverlappingTemplate,False,0.0,0.1,1,10,False,False,False,3e-06,0.6,6,10,False,False
NonOverlappingTemplate,NonOverlappingTemplate,False,0.0,0.2,2,10,False,False,False,3e-06,0.5,5,10,False,False
NonOverlappingTemplate,NonOverlappingTemplate,False,0.0,0.2,2,10,False,False,False,0.0,0.5,5,10,False,False
NonOverlappingTemplate,NonOverlappingTemplate,False,0.0,0.2,2,10,False,False,False,0.0,0.5,5,10,False,False
NonOverlappingTemplate,NonOverlappingTemplate,False,0.0,0.2,2,10,False,False,False,8.9e-05,0.6,6,10,False,False
NonOverlappingTemplate,NonOverlappingTemplate,False,0.0,0.2,2,10,False,False,False,8.9e-05,0.6,6,10,False,False
NonOverlappingTemplate,NonOverlappingTemplate,False,0.0,0.2,2,10,False,False,False,0.0,0.5,5,10,False,False
NonOverlappingTemplate,NonOverlappingTemplate,False,0.0,0.2,2,10,False,False,False,3e-06,0.5,5,10,False,False
NonOverlappingTemplate,NonOverlappingTemplate,False,0.0,0.2,2,10,False,False,False,3e-06,0.6,6,10,False,False
NonOverlappingTemplate,NonOverlappingTemplate,False,0.0,0.2,2,10,False,False,False,3e-06,0.5,5,10,False,False
NonOverlappingTemplate,NonOverlappingTemplate,False,0.0,0.2,2,10,False,False,False,3e-06,0.4,4,10,False,False
NonOverlappingTemplate,NonOverlappingTemplate,False,0.0,0.2,2,10,False,False,False,3e-06,0.7,7,10,False,False
NonOverlappingTemplate,NonOverlappingTemplate,False,0.0,0.2,2,10,False,False,False,3e-06,0.6,6,10,False,False
NonOverlappingTemplate,NonOverlappingTemplate,False,0.0,0.2,2,10,False,False,False,3e-06,0.6,6,10,False,False
NonOverlappingTemplate,NonOverlappingTemplate,False,0.0,0.3,3,10,False,False,False,3e-06,0.5,5,10,False,False
NonOverlappingTemplate,NonOverlappingTemplate,False,0.0,0.3,3,10,False,False,False,0.0,0.5,5,10,False,False
NonOverlappingTemplate,NonOverlappingTemplate,False,0.0,0.3,3,10,False,False,False,0.0,0.5,5,10,False,False
NonOverlappingTemplate,NonOverlappingTemplate,False,0.0,0.3,3,10,False,False,False,8.9e-05,0.6,6,10,False,False
NonOverlappingTemplate,NonOverlappingTemplate,False,0.0,0.3,3,10,False,False,False,8.9e-05,0.6,6,10,False,False
NonOverlappingTemplate,NonOverlappingTemplate,False,0.0,0.3,3,10,False,False,False,0.0,0.5,5,10,False,False
NonOverlappingTemplate,NonOverlappingTemplate,False,0.0,0.3,3,10,False,False,False,3e-06,0.5,5,10,False,False
NonOverlappingTemplate,NonOverlappingTemplate,False,0.0,0.3,3,10,False,False,False,3e-06,0.6,6,10,False,False
NonOverlappingTemplate,NonOverlappingTemplate,False,0.0,0.3,3,10,False,False,False,3e-06,0.5,5,10,False,False
NonOverlappingTemplate,NonOverlappingTemplate,False,0.0,0.3,3,10,False,False,False,3e-06,0.4,4,10,False,False
NonOverlappingTemplate,NonOverlappingTemplate,False,0.0,0.3,3,10,False,False,False,3e-06,0.7,7,10,False,False
NonOverlappingTemplate,NonOverlappingTemplate,False,0.0,0.3,3,10,False,False,False,3e-06,0.6,6,10,False,False
NonOverlappingTemplate,NonOverlappingTemplate,False,0.0,0.3,3,10,False,False,False,3e-06,0.6,6,10,False,False
NonOverlappingTemplate,NonOverlappingTemplate,False,0.0,0.5,5,10,False,False,False,3e-06,0.5,5,10,False,False
NonOverlappingTemplate,NonOverlappingTemplate,False,0.0,0.5,5,10,False,False,False,0.0,0.5,5,10,False,False
NonOverlappingTemplate,NonOverlappingTemplate,False,0.0,0.5,5,10,False,False,False,0.0,0.5,5,10,False,False
NonOverlappingTemplate,NonOverlappingTemplate,False,0.0,0.5,5,10,False,False,False,8.9e-05,0.6,6,10,False,False
NonOverlappingTemplate,NonOverlappingTemplate,False,0.0,0.5,5,10,False,False,False,8.9e-05,0.6,6,10,False,False
NonOverlappingTemplate,NonOverlappingTemplate,False,0.0,0.5,5,10,False,False,False,0.0,0.5,5,10,False,False
NonOverlappingTemplate,NonOverlappingTemplate,False,0.0,0.5,5,10,False,False,False,3e-06,0.5,5,10,False,False
NonOverlappingTemplate,NonOverlappingTemplate,False,0.0,0.5,5,10,False,False,False,3e-06,0.6,6,10,False,False
NonOverlappingTemplate,NonOverlappingTemplate,False,0.0,0.5,5,10,False,False,False,3e-06,0.5,5,10,False,False
NonOverlappingTemplate,NonOverlappingTemplate,False,0.0,0.5,5,10,False,False,False,3e-06,0.4,4,10,False,False
NonOverlappingTemplate,NonOverlappingTemplate,False,0.0,0.5,5,10,False,False,False,3e-06,0.7,7,10,False,False
NonOverlappingTemplate,NonOverlappingTemplate,False,0.0,0.5,5,10,False,False,False,3e-06,0.6,6,10,False,False
NonOverlappingTemplate,NonOverlappingTemplate,False,0.0,0.5,5,10,False,False,False,3e-06,0.6,6,10,False,False
NonOverlappingTemplate,NonOverlappingTemplate,False,3e-06,0.5,5,10,False,False,False,3e-06,0.5,5,10,False,False
NonOverlappingTemplate,NonOverlappingTemplate,False,3e-06,0.5,5,10,False,False,False,0.0,0.5,5,10,False,False
NonOverlappingTemplate,NonOverlappingTemplate,False,3e-06,0.5,5,10,False,False,False,0.0,0.5,5,10,False,False
NonOverlappingTemplate,NonOverlappingTemplate,False,3e-06,0.5,5,10,False,False,False,8.9e-05,0.6,6,10,False,False
NonOverlappingTemplate,NonOverlappingTemplate,False,3e-06,0.5,5,10,False,False,False,8.9e-05,0.6,6,10,False,False
NonOverlappingTemplate,NonOverlappingTemplate,False,3e-06,0.5,5,10,False,False,False,0.0,0.5,5,10,False,False
NonOverlappingTemplate,NonOverlappingTemplate,False,3e-06,0.5,5,10,False,False,False,3e-06,0.5,5,10,False,False
NonOverlappingTemplate,NonOverlappingTemplate,False,3e-06,0.5,5,10,False,False,False,3e-06,0.6,6,10,False,False
NonOverlappingTemplate,NonOverlappingTemplate,False,3e-06,0.5,5,10,False,False,False,3e-06,0.5,5,10,False,False
NonOverlappingTemplate,NonOverlappingTemplate,False,3e-06,0.5,5,10,False,False,False,3e-06,0.4,4,10,False,False
NonOverlappingTemplate,NonOverlappingTemplate,False,3e-06,0.5,5,10,False,False,False,3e-06,0.7,7,10,False,False
NonOverlappingTemplate,NonOverlappingTemplate,False,3e-06,0.5,5,10,False,False,False,3e-06,0.6,6,10,False,False
NonOverlappingTemplate,NonOverlappingTemplate,False,3e-06,0.5,5,10,False,False,False,3e-06,0.6,6,10,False,False
NonOverlappingTemplate,NonOverlappingTemplate,False,0.0,0.2,2,10,False,False,False,3e-06,0.5,5,10,False,False
NonOverlappingTemplate,NonOverlappingTemplate,False,0.0,0.2,2,10,False,False,False,0.0,0.5,5,10,False,False
NonOverlappingTemplate,NonOverlappingTemplate,False,0.0,0.2,2,10,False,False,False,0.0,0.5,5,10,False,False
NonOverlappingTemplate,NonOverlappingTemplate,False,0.0,0.2,2,10,False,False,False,8.9e-05,0.6,6,10,False,False
NonOverlappingTemplate,NonOverlappingTemplate,False,0.0,0.2,2,10,False,False,False,8.9e-05,0.6,6,10,False,False
NonOverlappingTemplate,NonOverlappingTemplate,False,0.0,0.2,2,10,False,False,False,0.0,0.5,5,10,False,False
NonOverlappingTemplate,NonOverlappingTemplate,False,0.0,0.2,2,10,False,False,False,3e-06,0.5,5,10,False,False
NonOverlappingTemplate,NonOverlappingTemplate,False,0.0,0.2,2,10,False,False,False,3e-06,0.6,6,10,False,False
NonOverlappingTemplate,NonOverlappingTemplate,False,0.0,0.2,2,10,False,False,False,3e-06,0.5,5,10,False,False
NonOverlappingTemplate,NonOverlappingTemplate,False,0.0,0.2,2,10,False,False,False,3e-06,0.4,4,10,False,False
NonOverlappingTemplate,NonOverlappingTemplate,False,0.0,0.2,2,10,False,False,False,3e-06,0.7,7,10,False,False
NonOverlappingTemplate,NonOverlappingTemplate,False,0.0,0.2,2,10,False,False,False,3e-06,0.6,6,10,False,False
NonOverlappingTemplate,NonOverlappingTemplate,False,0.0,0.2,2,10,False,False,False,3e-06,0.6,6,10,False,False
NonOverlappingTemplate,NonOverlappingTemplate,False,0.0,0.4,4,10,False,False,False,3e-06,0.5,5,10,False,False
NonOverlappingTemplate,NonOverlappingTemplate,False,0.0,0.4,4,10,False,False,False,0.0,0.5,5,10,False,False
NonOverlappingTemplate,NonOverlappingTemplate,False,0.0,0.4,4,10,False,False,False,0.0,0.5,5,10,False,False
NonOverlappingTemplate,NonOverlappingTemplate,False,0.0,0.4,4,10,False,False,False,8.9e-05,0.6,6,10,False,False
NonOverlappingTemplate,NonOverlappingTemplate,False,0.0,0.4,4,10,False,False,False,8.9e-05,0.6,6,10,False,False
NonOverlappingTemplate,NonOverlappingTemplate,False,0.0,0.4,4,10,False,False,False,0.0,0.5,5,10,False,False
NonOverlappingTemplate,NonOverlappingTemplate,False,0.0,0.4,4,10,False,False,False,3e-06,0.5,5,10,False,False
NonOverlappingTemplate,NonOverlappingTemplate,False,0.0,0.4,4,10,False,False,False,3e-06,0.6,6,10,False,False
NonOverlappingTemplate,NonOverlappingTemplate,False,0.0,0.4,4,10,False,False,False,3e-06,0.5,5,10,False,False
NonOverlappingTemplate,NonOverlappingTemplate,False,0.0,0.4,4,10,False,False,False,3e-06,0.4,4,10,False,False
NonOverlappingTemplate,NonOverlappingTemplate,False,0.0,0.4,4,10,False,False,False,3e-06,0.7,7,10,False,False
NonOverlappingTemplate,NonOverlappingTemplate,False,0.0,0.4,4,10,False,False,False,3e-06,0.6,6,10,False,False
NonOverlappingTemplate,NonOverlappingTemplate,False,0.0,0.4,4,10,False,False,False,3e-06,0.6,6,10,False,False
NonOverlappingTemplate,NonOverlappingTemplate,False,3e-06,0.3,3,10,False,False,False,3e-06,0.5,5,10,False,False
NonOverlappingTemplate,NonOverlappingTemplate,False,3e-06,0.3,3,10,False,False,False,0.0,0.5,5,10,False,False
NonOverlappingTemplate,NonOverlappingTemplate,False,3e-06,0.3,3,10,False,False,False,0.0,0.5,5,10,False,False
NonOverlappingTemplate,NonOverlappingTemplate,False,3e-06,0.3,3,10,False,False,False,8.9e-05,0.6,6,10,False,False
NonOverlappingTemplate,NonOverlappingTemplate,False,3e-06,0.3,3,10,False,False,False,8.9e-05,0.6,6,10,False,False
NonOverlappingTemplate,NonOverlappingTemplate,False,3e-06,0.3,3,10,False,False,False,0.0,0.5,5,10,False,False
NonOverlappingTemplate,NonOverlappingTemplate,False,3e-06,0.3,3,10,False,False,False,3e-06,0.5,5,10,False,False
NonOverlappingTemplate,NonOverlappingTemplate,False,3e-06,0.3,3,10,False,False,False,3e-06,0.6,6,10,False,False
NonOverlappingTemplate,NonOverlappingTemplate,False,3e-06,0.3,3,10,False,False,False,3e-06,0.5,5,10,False,False
NonOverlappingTemplate,NonOverlappingTemplate,False,3e-06,0.3,3,10,False,False,False,3e-06,0.4,4,10,False,False
NonOverlappingTemplate,NonOverlappingTemplate,False,3e-06,0.3,3,10,False,False,False,3e-06,0.7,7,10,False,False
NonOverlappingTemplate,NonOverlappingTemplate,False,3e-06,0.3,3,10,False,False,False,3e-06,0.6,6,10,False,False
NonOverlappingTemplate,NonOverlappingTemplate,False,3e-06,0.3,3,10,False,False,False,3e-06,0.6,6,10,False,False
NonOverlappingTemplate,NonOverlappingTemplate,False,3e-06,0.4,4,10,False,False,False,3e-06,0.5,5,10,False,False
NonOverlappingTemplate,NonOverlappingTemplate,False,3e-06,0.4,4,10,False,False,False,0.0,0.5,5,10,False,False
NonOverlappingTemplate,NonOverlappingTemplate,False,3e-06,0.4,4,10,False,False,False,0.0,0.5,5,10,False,False
NonOverlappingTemplate,NonOverlappingTemplate,False,3e-06,0.4,4,10,False,False,False,8.9e-05,0.6,6,10,False,False
NonOverlappingTemplate,NonOverlappingTemplate,False,3e-06,0.4,4,10,False,False,False,8.9e-05,0.6,6,10,False,False
NonOverlappingTemplate,NonOverlappingTemplate,False,3e-06,0.4,4,10,False,False,False,0.0,0.5,5,10,False,False
NonOverlappingTemplate,NonOverlappingTemplate,False,3e-06,0.4,4,10,False,False,False,3e-06,0.5,5,10,False,False
NonOverlappingTemplate,NonOverlappingTemplate,False,3e-06,0.4,4,10,False,False,False,3e-06,0.6,6,10,False,False
NonOverlappingTemplate,NonOverlappingTemplate,False,3e-06,0.4,4,10,False,False,False,3e-06,0.5,5,10,False,False
NonOverlappingTemplate,NonOverlappingTemplate,False,3e-06,0.4,4,10,False,False,False,3e-06,0.4,4,10,False,False
NonOverlappingTemplate,NonOverlappingTemplate,False,3e-06,0.4,4,10,False,False,False,3e-06,0.7,7,10,False,False
NonOverlappingTemplate,NonOverlappingTemplate,False,3e-06,0.4,4,10,False,False,False,3e-06,0.6,6,10,False,False
NonOverlappingTemplate,NonOverlappingTemplate,False,3e-06,0.4,4,10,False,False,False,3e-06,0.6,6,10,False,False
NonOverlappingTemplate,NonOverlappingTemplate,False,0.0,0.2,2,10,False,False,False,3e-06,0.5,5,10,False,False
NonOverlappingTemplate,NonOverlappingTemplate,False,0.0,0.2,2,10,False,False,False,0.0,0.5,5,10,False,False
NonOverlappingTemplate,NonOverlappingTemplate,False,0.0,0.2,2,10,False,False,False,0.0,0.5,5,10,False,False
NonOverlappingTemplate,NonOverlappingTemplate,False,0.0,0.2,2,10,False,False,False,8.9e-05,0.6,6,10,False,False
NonOverlappingTemplate,NonOverlappingTemplate,False,0.0,0.2,2,10,False,False,False,8.9e-05,0.6,6,10,False,False
NonOverlappingTemplate,NonOverlappingTemplate,False,0.0,0.2,2,10,False,False,False,0.0,0.5,5,10,False,False
NonOverlappingTemplate,NonOverlappingTemplate,False,0.0,0.2,2,10,False,False,False,3e-06,0.5,5,10,False,False
NonOverlappingTemplate,NonOverlappingTemplate,False,0.0,0.2,2,10,False,False,False,3e-06,0.6,6,10,False,False
NonOverlappingTemplate,NonOverlappingTemplate,False,0.0,0.2,2,10,False,False,False,3e-06,0.5,5,10,False,False
NonOverlappingTemplate,NonOverlappingTemplate,False,0.0,0.2,2,10,False,False,False,3e-06,0.4,4,10,False,False
NonOverlappingTemplate,NonOverlappingTemplate,False,0.0,0.2,2,10,False,False,False,3e-06,0.7,7,10,False,False
NonOverlappingTemplate,NonOverlappingTemplate,False,0.0,0.2,2,10,False,False,False,3e-06,0.6,6,10,False,False
NonOverlappingTemplate,NonOverlappingTemplate,False,0.0,0.2,2,10,False,False,False,3e-06,0.6,6,10,False,False
NonOverlappingTemplate,NonOverlappingTemplate,False,0.0,0.3,3,10,False,False,False,3e-06,0.5,5,10,False,False
NonOverlappingTemplate,NonOverlappingTemplate,False,0.0,0.3,3,10,False,False,False,0.0,0.5,5,10,False,False
NonOverlappingTemplate,NonOverlappingTemplate,False,0.0,0.3,3,10,False,False,False,0.0,0.5,5,10,False,False
NonOverlappingTemplate,NonOverlappingTemplate,False,0.0,0.3,3,10,False,False,False,8.9e-05,0.6,6,10,False,False
NonOverlappingTemplate,NonOverlappingTemplate,False,0.0,0.3,3,10,False,False,False,8.9e-05,0.6,6,10,False,False
NonOverlappingTemplate,NonOverlappingTemplate,False,0.0,0.3,3,10,False,False,False,0.0,0.5,5,10,False,False
NonOverlappingTemplate,NonOverlappingTemplate,False,0.0,0.3,3,10,False,False,False,3e-06,0.5,5,10,False,False
NonOverlappingTemplate,NonOverlappingTemplate,False,0.0,0.3,3,10,False,False,False,3e-06,0.6,6,10,False,False
NonOverlappingTemplate,NonOverlappingTemplate,False,0.0,0.3,3,10,False,False,False,3e-06,0.5,5,10,False,False
NonOverlappingTemplate,NonOverlappingTemplate,False,0.0,0.3,3,10,False,False,False,3e-06,0.4,4,10,False,False
NonOverlappingTemplate,NonOverlappingTemplate,False,0.0,0.3,3,10,False,False,False,3e-06,0.7,7,10,False,False
NonOverlappingTemplate,NonOverlappingTemplate,False,0.0,0.3,3,10,False,False,False,3e-06,0.6,6,10,False,False
NonOverlappingTemplate,NonOverlappingTemplate,False,0.0,0.3,3,10,False,False,False,3e-06,0.6,6,10,False,False
NonOverlappingTemplate,NonOverlappingTemplate,False,1e-06,0.5,5,10,False,False,False,3e-06,0.5,5,10,False,False
NonOverlappingTemplate,NonOverlappingTemplate,False,1e-06,0.5,5,10,False,False,False,0.0,0.5,5,10,False,False
NonOverlappingTemplate,NonOverlappingTemplate,False,1e-06,0.5,5,10,False,False,False,0.0,0.5,5,10,False,False
NonOverlappingTemplate,NonOverlappingTemplate,False,1e-06,0.5,5,10,False,False,False,8.9e-05,0.6,6,10,False,False
NonOverlappingTemplate,NonOverlappingTemplate,False,1e-06,0.5,5,10,False,False,False,8.9e-05,0.6,6,10,False,False
NonOverlappingTemplate,NonOverlappingTemplate,False,1e-06,0.5,5,10,False,False,False,0.0,0.5,5,10,False,False
NonOverlappingTemplate,NonOverlappingTemplate,False,1e-06,0.5,5,10,False,False,False,3e-06,0.5,5,10,False,False
NonOverlappingTemplate,NonOverlappingTemplate,False,1e-06,0.5,5,10,False,False,False,3e-06,0.6,6,10,False,False
NonOverlappingTemplate,NonOverlappingTemplate,False,1e-06,0.5,5,10,False,False,False,3e-06,0.5,5,10,False,False
NonOverlappingTemplate,NonOverlappingTemplate,False,1e-06,0.5,5,10,False,False,False,3e-06,0.4,4,10,False,False
NonOverlappingTemplate,NonOverlappingTemplate,False,1e-06,0.5,5,10,False,False,False,3e-06,0.7,7,10,False,False
NonOverlappingTemplate,NonOverlappingTemplate,False,1e-06,0.5,5,10,False,False,False,3e-06,0.6,6,10,False,False
NonOverlappingTemplate,NonOverlappingTemplate,False,1e-06,0.5,5,10,False,False,False,3e-06,0.6,6,10,False,False
NonOverlappingTemplate,NonOverlappingTemplate,False,0.0,0.4,4,10,False,False,False,3e-06,0.5,5,10,False,False
NonOverlappingTemplate,NonOverlappingTemplate,False,0.0,0.4,4,10,False,False,False,0.0,0.5,5,10,False,False
NonOverlappingTemplate,NonOverlappingTemplate,False,0.0,0.4,4,10,False,False,False,0.0,0.5,5,10,False,False
NonOverlappingTemplate,NonOverlappingTemplate,False,0.0,0.4,4,10,False,False,False,8.9e-05,0.6,6,10,False,False
NonOverlappingTemplate,NonOverlappingTemplate,False,0.0,0.4,4,10,False,False,False,8.9e-05,0.6,6,10,False,False
NonOverlappingTemplate,NonOverlappingTemplate,False,0.0,0.4,4,10,False,False,False,0.0,0.5,5,10,False,False
NonOverlappingTemplate,NonOverlappingTemplate,False,0.0,0.4,4,10,False,False,False,3e-06,0.5,5,10,False,False
NonOverlappingTemplate,NonOverlappingTemplate,False,0.0,0.4,4,10,False,False,False,3e-06,0.6,6,10,False,False
NonOverlappingTemplate,NonOverlappingTemplate,False,0.0,0.4,4,10,False,False,False,3e-06,0.5,5,10,False,False
NonOverlappingTemplate,NonOverlappingTemplate,False,0.0,0.4,4,10,False,False,False,3e-06,0.4,4,10,False,False
NonOverlappingTemplate,NonOverlappingTemplate,False,0.0,0.4,4,10,False,False,False,3e-06,0.7,7,10,False,False
NonOverlappingTemplate,NonOverlappingTemplate,False,0.0,0.4,4,10,False,False,False,3e-06,0.6,6,10,False,False
NonOverlappingTemplate,NonOverlappingTemplate,False,0.0,0.4,4,10,False,False,False,3e-06,0.6,6,10,False,False
NonOverlappingTemplate,NonOverlappingTemplate,False,3e-06,0.4,4,10,False,False,False,3e-06,0.5,5,10,False,False
NonOverlappingTemplate,NonOverlappingTemplate,False,3e-06,0.4,4,10,False,False,False,0.0,0.5,5,10,False,False
NonOverlappingTemplate,NonOverlappingTemplate,False,3e-06,0.4,4,10,False,False,False,0.0,0.5,5,10,False,False
NonOverlappingTemplate,NonOverlappingTemplate,False,3e-06,0.4,4,10,False,False,False,8.9e-05,0.6,6,10,False,False
NonOverlappingTemplate,NonOverlappingTemplate,False,3e-06,0.4,4,10,False,False,False,8.9e-05,0.6,6,10,False,False
NonOverlappingTemplate,NonOverlappingTemplate,False,3e-06,0.4,4,10,False,False,False,0.0,0.5,5,10,False,False
NonOverlappingTemplate,NonOverlappingTemplate,False,3e-06,0.4,4,10,False,False,False,3e-06,0.5,5,10,False,False
NonOverlappingTemplate,NonOverlappingTemplate,False,3e-06,0.4,4,10,False,False,False,3e-06,0.6,6,10,False,False
NonOverlappingTemplate,NonOverlappingTemplate,False,3e-06,0.4,4,10,False,False,False,3e-06,0.5,5,10,False,False
NonOverlappingTemplate,NonOverlappingTemplate,False,3e-06,0.4,4,10,False,False,False,3e-06,0.4,4,10,False,False
NonOverlappingTemplate,NonOverlappingTemplate,False,3e-06,0.4,4,10,False,False,False,3e-06,0.7,7,10,False,False
NonOverlappingTemplate,NonOverlappingTemplate,False,3e-06,0.4,4,10,False,False,False,3e-06,0.6,6,10,False,False
NonOverlappingTemplate,NonOverlappingTemplate,False,3e-06,0.4,4,10,False,False,False,3e-06,0.6,6,10,False,False
NonOverlappingTemplate,NonOverlappingTemplate,False,4e-05,0.4,4,10,False,False,False,3e-06,0.5,5,10,False,False
NonOverlappingTemplate,NonOverlappingTemplate,False,4e-05,0.4,4,10,False,False,False,0.0,0.5,5,10,False,False
NonOverlappingTemplate,NonOverlappingTemplate,False,4e-05,0.4,4,10,False,False,False,0.0,0.5,5,10,False,False
NonOverlappingTemplate,NonOverlappingTemplate,False,4e-05,0.4,4,10,False,False,False,8.9e-05,0.6,6,10,False,False
NonOverlappingTemplate,NonOverlappingTemplate,False,4e-05,0.4,4,10,False,False,False,8.9e-05,0.6,6,10,False,False
NonOverlappingTemplate,NonOverlappingTemplate,False,4e-05,0.4,4,10,False,False,False,0.0,0.5,5,10,False,False
NonOverlappingTemplate,NonOverlappingTemplate,False,4e-05,0.4,4,10,False,False,False,3e-06,0.5,5,10,False,False
NonOverlappingTemplate,NonOverlappingTemplate,False,4e-05,0.4,4,10,False,False,False,3e-06,0.6,6,10,False,False
NonOverlappingTemplate,NonOverlappingTemplate,False,4e-05,0.4,4,10,False,False,False,3e-06,0.5,5,10,False,False
NonOverlappingTemplate,NonOverlappingTemplate,False,4e-05,0.4,4,10,False,False,False,3e-06,0.4,4,10,False,False
NonOverlappingTemplate,NonOverlappingTemplate,False,4e-05,0.4,4,10,False,False,False,3e-06,0.7,7,10,False,False
NonOverlappingTemplate,NonOverlappingTemplate,False,4e-05,0.4,4,10,False,False,False,3e-06,0.6,6,10,False,False
NonOverlappingTemplate,NonOverlappingTemplate,False,4e-05,0.4,4,10,False,False,False,3e-06,0.6,6,10,False,False
NonOverlappingTemplate,NonOverlappingTemplate,False,0.0,0.3,3,10,False,False,False,3e-06,0.5,5,10,False,False
NonOverlappingTemplate,NonOverlappingTemplate,False,0.0,0.3,3,10,False,False,False,0.0,0.5,5,10,False,False
NonOverlappingTemplate,NonOverlappingTemplate,False,0.0,0.3,3,10,False,False,False,0.0,0.5,5,10,False,False
NonOverlappingTemplate,NonOverlappingTemplate,False,0.0,0.3,3,10,False,False,False,8.9e-05,0.6,6,10,False,False
NonOverlappingTemplate,NonOverlappingTemplate,False,0.0,0.3,3,10,False,False,False,8.9e-05,0.6,6,10,False,False
NonOverlappingTemplate,NonOverlappingTemplate,False,0.0,0.3,3,10,False,False,False,0.0,0.5,5,10,False,False
NonOverlappingTemplate,NonOverlappingTemplate,False,0.0,0.3,3,10,False,False,False,3e-06,0.5,5,10,False,False
NonOverlappingTemplate,NonOverlappingTemplate,False,0.0,0.3,3,10,False,False,False,3e-06,0.6,6,10,False,False
NonOverlappingTemplate,NonOverlappingTemplate,False,0.0,0.3,3,10,False,False,False,3e-06,0.5,5,10,False,False
NonOverlappingTemplate,NonOverlappingTemplate,False,0.0,0.3,3,10,False,False,False,3e-06,0.4,4,10,False,False
NonOverlappingTemplate,NonOverlappingTemplate,False,0.0,0.3,3,10,False,False,False,3e-06,0.7,7,10,False,False
NonOverlappingTemplate,NonOverlappingTemplate,False,0.0,0.3,3,10,False,False,False,3e-06,0.6,6,10,False,False
NonOverlappingTemplate,NonOverlappingTemplate,False,0.0,0.3,3,10,False,False,False,3e-06,0.6,6,10,False,False
NonOverlappingTemplate,NonOverlappingTemplate,False,0.0,0.4,4,10,False,False,False,3e-06,0.5,5,10,False,False
NonOverlappingTemplate,NonOverlappingTemplate,False,0.0,0.4,4,10,False,False,False,0.0,0.5,5,10,False,False
NonOverlappingTemplate,NonOverlappingTemplate,False,0.0,0.4,4,10,False,False,False,0.0,0.5,5,10,False,False
NonOverlappingTemplate,NonOverlappingTemplate,False,0.0,0.4,4,10,False,False,False,8.9e-05,0.6,6,10,False,False
NonOverlappingTemplate,NonOverlappingTemplate,False,0.0,0.4,4,10,False,False,False,8.9e-05,0.6,6,10,False,False
NonOverlappingTemplate,NonOverlappingTemplate,False,0.0,0.4,4,10,False,False,False,0.0,0.5,5,10,False,False
NonOverlappingTemplate,NonOverlappingTemplate,False,0.0,0.4,4,10,False,False,False,3e-06,0.5,5,10,False,False
NonOverlappingTemplate,NonOverlappingTemplate,False,0.0,0.4,4,10,False,False,False,3e-06,0.6,6,10,False,False
NonOverlappingTemplate,NonOverlappingTemplate,False,0.0,0.4,4,10,False,False,False,3e-06,0.5,5,10,False,False
NonOverlappingTemplate,NonOverlappingTemplate,False,0.0,0.4,4,10,False,False,False,3e-06,0.4,4,10,False,False
NonOverlappingTemplate,NonOverlappingTemplate,False,0.0,0.4,4,10,False,False,False,3e-06,0.7,7,10,False,False
NonOverlappingTemplate,NonOverlappingTemplate,False,0.0,0.4,4,10,False,False,False,3e-06,0.6,6,10,False,False
NonOverlappingTemplate,NonOverlappingTemplate,False,0.0,0.4,4,10,False,False,False,3e-06,0.6,6,10,False,False
NonOverlappingTemplate,NonOverlappingTemplate,False,0.0,0.7,7,10,False,False,False,3e-06,0.5,5,10,False,False
NonOverlappingTemplate,NonOverlappingTemplate,False,0.0,0.7,7,10,False,False,False,0.0,0.5,5,10,False,False
NonOverlappingTemplate,NonOverlappingTemplate,False,0.0,0.7,7,10,False,False,False,0.0,0.5,5,10,False,False
NonOverlappingTemplate,NonOverlappingTemplate,False,0.0,0.7,7,10,False,False,False,8.9e-05,0.6,6,10,False,False
NonOverlappingTemplate,NonOverlappingTemplate,False,0.0,0.7,7,10,False,False,False,8.9e-05,0.6,6,10,False,False
NonOverlappingTemplate,NonOverlappingTemplate,False,0.0,0.7,7,10,False,False,False,0.0,0.5,5,10,False,False
NonOverlappingTemplate,NonOverlappingTemplate,False,0.0,0.7,7,10,False,False,False,3e-06,0.5,5,10,False,False
NonOverlappingTemplate,NonOverlappingTemplate,False,0.0,0.7,7,10,False,False,False,3e-06,0.6,6,10,False,False
NonOverlappingTemplate,NonOverlappingTemplate,False,0.0,0.7,7,10,False,False,False,3e-06,0.5,5,10,False,False
NonOverlappingTemplate,NonOverlappingTemplate,False,0.0,0.7,7,10,False,False,False,3e-06,0.4,4,10,False,False
NonOverlappingTemplate,NonOverlappingTemplate,False,0.0,0.7,7,10,False,False,False,3e-06,0.7,7,10,False,False
NonOverlappingTemplate,NonOverlappingTemplate,False,0.0,0.7,7,10,False,False,False,3e-06,0.6,6,10,False,False
NonOverlappingTemplate,NonOverlappingTemplate,False,0.0,0.7,7,10,False,False,False,3e-06,0.6,6,10,False,False
NonOverlappingTemplate,NonOverlappingTemplate,False,0.0,0.5,5,10,False,False,False,3e-06,0.5,5,10,False,False
NonOverlappingTemplate,NonOverlappingTemplate,False,0.0,0.5,5,10,False,False,False,0.0,0.5,5,10,False,False
NonOverlappingTemplate,NonOverlappingTemplate,False,0.0,0.5,5,10,False,False,False,0.0,0.5,5,10,False,False
NonOverlappingTemplate,NonOverlappingTemplate,False,0.0,0.5,5,10,False,False,False,8.9e-05,0.6,6,10,False,False
NonOverlappingTemplate,NonOverlappingTemplate,False,0.0,0.5,5,10,False,False,False,8.9e-05,0.6,6,10,False,False
NonOverlappingTemplate,NonOverlappingTemplate,False,0.0,0.5,5,10,False,False,False,0.0,0.5,5,10,False,False
NonOverlappingTemplate,NonOverlappingTemplate,False,0.0,0.5,5,10,False,False,False,3e-06,0.5,5,10,False,False
NonOverlappingTemplate,NonOverlappingTemplate,False,0.0,0.5,5,10,False,False,False,3e-06,0.6,6,10,False,False
NonOverlappingTemplate,NonOverlappingTemplate,False,0.0,0.5,5,10,False,False,False,3e-06,0.5,5,10,False,False
NonOverlappingTemplate,NonOverlappingTemplate,False,0.0,0.5,5,10,False,False,False,3e-06,0.4,4,10,False,False
NonOverlappingTemplate,NonOverlappingTemplate,False,0.0,0.5,5,10,False,False,False,3e-06,0.7,7,10,False,False
NonOverlappingTemplate,NonOverlappingTemplate,False,0.0,0.5,5,10,False,False,False,3e-06,0.6,6,10,False,False
NonOverlappingTemplate,NonOverlappingTemplate,False,0.0,0.5,5,10,False,False,False,3e-06,0.6,6,10,False,False
NonOverlappingTemplate,NonOverlappingTemplate,False,0.0,0.3,3,10,False,False,False,3e-06,0.5,5,10,False,False
NonOverlappingTemplate,NonOverlappingTemplate,False,0.0,0.3,3,10,False,False,False,0.0,0.5,5,10,False,False
NonOverlappingTemplate,NonOverlappingTemplate,False,0.0,0.3,3,10,False,False,False,0.0,0.5,5,10,False,False
NonOverlappingTemplate,NonOverlappingTemplate,False,0.0,0.3,3,10,False,False,False,8.9e-05,0.6,6,10,False,False
NonOverlappingTemplate,NonOverlappingTemplate,False,0.0,0.3,3,10,False,False,False,8.9e-05,0.6,6,10,False,False
NonOverlappingTemplate,NonOverlappingTemplate,False,0.0,0.3,3,10,False,False,False,0.0,0.5,5,10,False,False
NonOverlappingTemplate,NonOverlappingTemplate,False,0.0,0.3,3,10,False,False,False,3e-06,0.5,5,10,False,False
NonOverlappingTemplate,NonOverlappingTemplate,False,0.0,0.3,3,10,False,False,False,3e-06,0.6,6,10,False,False
NonOverlappingTemplate,NonOverlappingTemplate,False,0.0,0.3,3,10,False,False,False,3e-06,0.5,5,10,False,False
NonOverlappingTemplate,NonOverlappingTemplate,False,0.0,0.3,3,10,False,False,False,3e-06,0.4,4,10,False,False
NonOverlappingTemplate,NonOverlappingTemplate,False,0.0,0.3,3,10,False,False,False,3e-06,0.7,7,10,False,False
NonOverlappingTemplate,NonOverlappingTemplate,False,0.0,0.3,3,10,False,False,False,3e-06,0.6,6,10,False,False
NonOverlappingTemplate,NonOverlappingTemplate,False,0.0,0.3,3,10,False,False,False,3e-06,0.6,6,10,False,False
NonOverlappingTemplate,NonOverlappingTemplate,False,3e-06,0.6,6,10,False,False,False,3e-06,0.5,5,10,False,False
NonOverlappingTemplate,NonOverlappingTemplate,False,3e-06,0.6,6,10,False,False,False,0.0,0.5,5,10,False,False
NonOverlappingTemplate,NonOverlappingTemplate,False,3e-06,0.6,6,10,False,False,False,0.0,0.5,5,10,False,False
NonOverlappingTemplate,NonOverlappingTemplate,False,3e-06,0.6,6,10,False,False,False,8.9e-05,0.6,6,10,False,False
NonOverlappingTemplate,NonOverlappingTemplate,False,3e-06,0.6,6,10,False,False,False,8.9e-05,0.6,6,10,False,False
NonOverlappingTemplate,NonOverlappingTemplate,False,3e-06,0.6,6,10,False,False,False,0.0,0.5,5,10,False,False
NonOverlappingTemplate,NonOverlappingTemplate,False,3e-06,0.6,6,10,False,False,False,3e-06,0.5,5,10,False,False
NonOverlappingTemplate,NonOverlappingTemplate,False,3e-06,0.6,6,10,False,False,False,3e-06,0.6,6,10,False,False
NonOverlappingTemplate,NonOverlappingTemplate,False,3e-06,0.6,6,10,False,False,False,3e-06,0.5,5,10,False,False
NonOverlappingTemplate,NonOverlappingTemplate,False,3e-06,0.6,6,10,False,False,False,3e-06,0.4,4,10,False,False
NonOverlappingTemplate,NonOverlappingTemplate,False,3e-06,0.6,6,10,False,False,False,3e-06,0.7,7,10,False,False
NonOverlappingTemplate,NonOverlappingTemplate,False,3e-06,0.6,6,10,False,False,False,3e-06,0.6,6,10,False,False
NonOverlappingTemplate,NonOverlappingTemplate,False,3e-06,0.6,6,10,False,False,False,3e-06,0.6,6,10,False,False
NonOverlappingTemplate,NonOverlappingTemplate,False,3e-06,0.5,5,10,False,False,False,3e-06,0.5,5,10,False,False
NonOverlappingTemplate,NonOverlappingTemplate,False,3e-06,0.5,5,10,False,False,False,0.0,0.5,5,10,False,False
NonOverlappingTemplate,NonOverlappingTemplate,False,3e-06,0.5,5,10,False,False,False,0.0,0.5,5,10,False,False
NonOverlappingTemplate,NonOverlappingTemplate,False,3e-06,0.5,5,10,False,False,False,8.9e-05,0.6,6,10,False,False
NonOverlappingTemplate,NonOverlappingTemplate,False,3e-06,0.5,5,10,False,False,False,8.9e-05,0.6,6,10,False,False
NonOverlappingTemplate,NonOverlappingTemplate,False,3e-06,0.5,5,10,False,False,False,0.0,0.5,5,10,False,False
NonOverlappingTemplate,NonOverlappingTemplate,False,3e-06,0.5,5,10,False,False,False,3e-06,0.5,5,10,False,False
NonOverlappingTemplate,NonOverlappingTemplate,False,3e-06,0.5,5,10,False,False,False,3e-06,0.6,6,10,False,False
NonOverlappingTemplate,NonOverlappingTemplate,False,3e-06,0.5,5,10,False,False,False,3e-06,0.5,5,10,False,False
NonOverlappingTemplate,NonOverlappingTemplate,False,3e-06,0.5,5,10,False,False,False,3e-06,0.4,4,10,False,False
NonOverlappingTemplate,NonOverlappingTemplate,False,3e-06,0.5,5,10,False,False,False,3e-06,0.7,7,10,False,False
NonOverlappingTemplate,NonOverlappingTemplate,False,3e-06,0.5,5,10,False,False,False,3e-06,0.6,6,10,False,False
NonOverlappingTemplate,NonOverlappingTemplate,False,3e-06,0.5,5,10,False,False,False,3e-06,0.6,6,10,False,False
NonOverlappingTemplate,NonOverlappingTemplate,False,1e-06,0.3,3,10,False,False,False,3e-06,0.5,5,10,False,False
NonOverlappingTemplate,NonOverlappingTemplate,False,1e-06,0.3,3,10,False,False,False,0.0,0.5,5,10,False,False
NonOverlappingTemplate,NonOverlappingTemplate,False,1e-06,0.3,3,10,False,False,False,0.0,0.5,5,10,False,False
NonOverlappingTemplate,NonOverlappingTemplate,False,1e-06,0.3,3,10,False,False,False,8.9e-05,0.6,6,10,False,False
NonOverlappingTemplate,NonOverlappingTemplate,False,1e-06,0.3,3,10,False,False,False,8.9e-05,0.6,6,10,False,False
NonOverlappingTemplate,NonOverlappingTemplate,False,1e-06,0.3,3,10,False,False,False,0.0,0.5,5,10,False,False
NonOverlappingTemplate,NonOverlappingTemplate,False,1e-06,0.3,3,10,False,False,False,3e-06,0.5,5,10,False,False
NonOverlappingTemplate,NonOverlappingTemplate,False,1e-06,0.3,3,10,False,False,False,3e-06,0.6,6,10,False,False
NonOverlappingTemplate,NonOverlappingTemplate,False,1e-06,0.3,3,10,False,False,False,3e-06,0.5,5,10,False,False
NonOverlappingTemplate,NonOverlappingTemplate,False,1e-06,0.3,3,10,False,False,False,3e-06,0.4,4,10,False,False
NonOverlappingTemplate,NonOverlappingTemplate,False,1e-06,0.3,3,10,False,False,False,3e-06,0.7,7,10,False,False
NonOverlappingTemplate,NonOverlappingTemplate,False,1e-06,0.3,3,10,False,False,False,3e-06,0.6,6,10,False,False
NonOverlappingTemplate,NonOverlappingTemplate,False,1e-06,0.3,3,10,False,False,False,3e-06,0.6,6,10,False,False
NonOverlappingTemplate,NonOverlappingTemplate,False,0.0,0.3,3,10,False,False,False,3e-06,0.5,5,10,False,False
NonOverlappingTemplate,NonOverlappingTemplate,False,0.0,0.3,3,10,False,False,False,0.0,0.5,5,10,False,False
NonOverlappingTemplate,NonOverlappingTemplate,False,0.0,0.3,3,10,False,False,False,0.0,0.5,5,10,False,False
NonOverlappingTemplate,NonOverlappingTemplate,False,0.0,0.3,3,10,False,False,False,8.9e-05,0.6,6,10,False,False
NonOverlappingTemplate,NonOverlappingTemplate,False,0.0,0.3,3,10,False,False,False,8.9e-05,0.6,6,10,False,False
NonOverlappingTemplate,NonOverlappingTemplate,False,0.0,0.3,3,10,False,False,False,0.0,0.5,5,10,False,False
NonOverlappingTemplate,NonOverlappingTemplate,False,0.0,0.3,3,10,False,False,False,3e-06,0.5,5,10,False,False
NonOverlappingTemplate,NonOverlappingTemplate,False,0.0,0.3,3,10,False,False,False,3e-06,0.6,6,10,False,False
NonOverlappingTemplate,NonOverlappingTemplate,False,0.0,0.3,3,10,False,False,False,3e-06,0.5,5,10,False,False
NonOverlappingTemplate,NonOverlappingTemplate,False,0.0,0.3,3,10,False,False,False,3e-06,0.4,4,10,False,False
NonOverlappingTemplate,NonOverlappingTemplate,False,0.0,0.3,3,10,False,False,False,3e-06,0.7,7,10,False,False
NonOverlappingTemplate,NonOverlappingTemplate,False,0.0,0.3,3,10,False,False,False,3e-06,0.6,6,10,False,False
NonOverlappingTemplate,NonOverlappingTemplate,False,0.0,0.3,3,10,False,False,False,3e-06,0.6,6,10,False,False
NonOverlappingTemplate,NonOverlappingTemplate,False,0.0,0.1,1,10,False,False,False,3e-06,0.5,5,10,False,False
NonOverlappingTemplate,NonOverlappingTemplate,False,0.0,0.1,1,10,False,False,False,0.0,0.5,5,10,False,False
NonOverlappingTemplate,NonOverlappingTemplate,False,0.0,0.1,1,10,False,False,False,0.0,0.5,5,10,False,False
NonOverlappingTemplate,NonOverlappingTemplate,False,0.0,0.1,1,10,False,False,False,8.9e-05,0.6,6,10,False,False
NonOverlappingTemplate,NonOverlappingTemplate,False,0.0,0.1,1,10,False,False,False,8.9e-05,0.6,6,10,False,False
NonOverlappingTemplate,NonOverlappingTemplate,False,0.0,0.1,1,10,False,False,False,0.0,0.5,5,10,False,False
NonOverlappingTemplate,NonOverlappingTemplate,False,0.0,0.1,1,10,False,False,False,3e-06,0.5,5,10,False,False
NonOverlappingTemplate,NonOverlappingTemplate,False,0.0,0.1,1,10,False,False,False,3e-06,0.6,6,10,False,False
NonOverlappingTemplate,NonOverlappingTemplate,False,0.0,0.1,1,10,False,False,False,3e-06,0.5,5,10,False,False
NonOverlappingTemplate,NonOverlappingTemplate,False,0.0,0.1,1,10,False,False,False,3e-06,0.4,4,10,False,False
NonOverlappingTemplate,NonOverlappingTemplate,False,0.0,0.1,1,10,False,False,False,3e-06,0.7,7,10,False,False
NonOverlappingTemplate,NonOverlappingTemplate,False,0.0,0.1,1,10,False,False,False,3e-06,0.6,6,10,False,False
NonOverlappingTemplate,NonOverlappingTemplate,False,0.0,0.1,1,10,False,False,False,3e-06,0.6,6,10,False,False
NonOverlappingTemplate,NonOverlappingTemplate,False,0.0,0.1,1,10,False,False,False,3e-06,0.5,5,10,False,False
NonOverlappingTemplate,NonOverlappingTemplate,False,0.0,0.1,1,10,False,False,False,0.0,0.5,5,10,False,False
NonOverlappingTemplate,NonOverlappingTemplate,False,0.0,0.1,1,10,False,False,False,0.0,0.5,5,10,False,False
NonOverlappingTemplate,NonOverlappingTemplate,False,0.0,0.1,1,10,False,False,False,8.9e-05,0.6,6,10,False,False
NonOverlappingTemplate,NonOverlappingTemplate,False,0.0,0.1,1,10,False,False,False,8.9e-05,0.6,6,10,False,False
NonOverlappingTemplate,NonOverlappingTemplate,False,0.0,0.1,1,10,False,False,False,0.0,0.5,5,10,False,False
NonOverlappingTemplate,NonOverlappingTemplate,False,0.0,0.1,1,10,False,False,False,3e-06,0.5,5,10,False,False
NonOverlappingTemplate,NonOverlappingTemplate,False,0.0,0.1,1,10,False,False,False,3e-06,0.6,6,10,False,False
NonOverlappingTemplate,NonOverlappingTemplate,False,0.0,0.1,1,10,False,False,False,3e-06,0.5,5,10,False,False
NonOverlappingTemplate,NonOverlappingTemplate,False,0.0,0.1,1,10,False,False,False,3e-06,0.4,4,10,False,False
NonOverlappingTemplate,NonOverlappingTemplate,False,0.0,0.1,1,10,False,False,False,3e-06,0.7,7,10,False,False
NonOverlappingTemplate,NonOverlappingTemplate,False,0.0,0.1,1,10,False,False,False,3e-06,0.6,6,10,False,False
NonOverlappingTemplate,NonOverlappingTemplate,False,0.0,0.1,1,10,False,False,False,3e-06,0.6,6,10,False,False
NonOverlappingTemplate,NonOverlappingTemplate,False,0.0,0.2,2,10,False,False,False,3e-06,0.5,5,10,False,False
NonOverlappingTemplate,NonOverlappingTemplate,False,0.0,0.2,2,10,False,False,False,0.0,0.5,5,10,False,False
NonOverlappingTemplate,NonOverlappingTemplate,False,0.0,0.2,2,10,False,False,False,0.0,0.5,5,10,False,False
NonOverlappingTemplate,NonOverlappingTemplate,False,0.0,0.2,2,10,False,False,False,8.9e-05,0.6,6,10,False,False
NonOverlappingTemplate,NonOverlappingTemplate,False,0.0,0.2,2,10,False,False,False,8.9e-05,0.6,6,10,False,False
NonOverlappingTemplate,NonOverlappingTemplate,False,0.0,0.2,2,10,False,False,False,0.0,0.5,5,10,False,False
NonOverlappingTemplate,NonOverlappingTemplate,False,0.0,0.2,2,10,False,False,False,3e-06,0.5,5,10,False,False
NonOverlappingTemplate,NonOverlappingTemplate,False,0.0,0.2,2,10,False,False,False,3e-06,0.6,6,10,False,False
NonOverlappingTemplate,NonOverlappingTemplate,False,0.0,0.2,2,10,False,False,False,3e-06,0.5,5,10,False,False
NonOverlappingTemplate,NonOverlappingTemplate,False,0.0,0.2,2,10,False,False,False,3e-06,0.4,4,10,False,False
NonOverlappingTemplate,NonOverlappingTemplate,False,0.0,0.2,2,10,False,False,False,3e-06,0.7,7,10,False,False
NonOverlappingTemplate,NonOverlappingTemplate,False,0.0,0.2,2,10,False,False,False,3e-06,0.6,6,10,False,False
NonOverlappingTemplate,NonOverlappingTemplate,False,0.0,0.2,2,10,False,False,False,3e-06,0.6,6,10,False,False
NonOverlappingTemplate,NonOverlappingTemplate,False,0.0,0.3,3,10,False,False,False,3e-06,0.5,5,10,False,False
NonOverlappingTemplate,NonOverlappingTemplate,False,0.0,0.3,3,10,False,False,False,0.0,0.5,5,10,False,False
NonOverlappingTemplate,NonOverlappingTemplate,False,0.0,0.3,3,10,False,False,False,0.0,0.5,5,10,False,False
NonOverlappingTemplate,NonOverlappingTemplate,False,0.0,0.3,3,10,False,False,False,8.9e-05,0.6,6,10,False,False
NonOverlappingTemplate,NonOverlappingTemplate,False,0.0,0.3,3,10,False,False,False,8.9e-05,0.6,6,10,False,False
NonOverlappingTemplate,NonOverlappingTemplate,False,0.0,0.3,3,10,False,False,False,0.0,0.5,5,10,False,False
NonOverlappingTemplate,NonOverlappingTemplate,False,0.0,0.3,3,10,False,False,False,3e-06,0.5,5,10,False,False
NonOverlappingTemplate,NonOverlappingTemplate,False,0.0,0.3,3,10,False,False,False,3e-06,0.6,6,10,False,False
NonOverlappingTemplate,NonOverlappingTemplate,False,0.0,0.3,3,10,False,False,False,3e-06,0.5,5,10,False,False
NonOverlappingTemplate,NonOverlappingTemplate,False,0.0,0.3,3,10,False,False,False,3e-06,0.4,4,10,False,False
NonOverlappingTemplate,NonOverlappingTemplate,False,0.0,0.3,3,10,False,False,False,3e-06,0.7,7,10,False,False
NonOverlappingTemplate,NonOverlappingTemplate,False,0.0,0.3,3,10,False,False,False,3e-06,0.6,6,10,False,False
NonOverlappingTemplate,NonOverlappingTemplate,False,0.0,0.3,3,10,False,False,False,3e-06,0.6,6,10,False,False
NonOverlappingTemplate,NonOverlappingTemplate,False,0.0,0.3,3,10,False,False,False,3e-06,0.5,5,10,False,False
NonOverlappingTemplate,NonOverlappingTemplate,False,0.0,0.3,3,10,False,False,False,0.0,0.5,5,10,False,False
NonOverlappingTemplate,NonOverlappingTemplate,False,0.0,0.3,3,10,False,False,False,0.0,0.5,5,10,False,False
NonOverlappingTemplate,NonOverlappingTemplate,False,0.0,0.3,3,10,False,False,False,8.9e-05,0.6,6,10,False,False
NonOverlappingTemplate,NonOverlappingTemplate,False,0.0,0.3,3,10,False,False,False,8.9e-05,0.6,6,10,False,False
NonOverlappingTemplate,NonOverlappingTemplate,False,0.0,0.3,3,10,False,False,False,0.0,0.5,5,10,False,False
NonOverlappingTemplate,NonOverlappingTemplate,False,0.0,0.3,3,10,False,False,False,3e-06,0.5,5,10,False,False
NonOverlappingTemplate,NonOverlappingTemplate,False,0.0,0.3,3,10,False,False,False,3e-06,0.6,6,10,False,False
NonOverlappingTemplate,NonOverlappingTemplate,False,0.0,0.3,3,10,False,False,False,3e-06,0.5,5,10,False,False
NonOverlappingTemplate,NonOverlappingTemplate,False,0.0,0.3,3,10,False,False,False,3e-06,0.4,4,10,False,False
NonOverlappingTemplate,NonOverlappingTemplate,False,0.0,0.3,3,10,False,False,False,3e-06,0.7,7,10,False,False
NonOverlappingTemplate,NonOverlappingTemplate,False,0.0,0.3,3,10,False,False,False,3e-06,0.6,6,10,False,False
NonOverlappingTemplate,NonOverlappingTemplate,False,0.0,0.3,3,10,False,False,False,3e-06,0.6,6,10,False,False
NonOverlappingTemplate,NonOverlappingTemplate,False,0.0,0.2,2,10,False,False,False,3e-06,0.5,5,10,False,False
NonOverlappingTemplate,NonOverlappingTemplate,False,0.0,0.2,2,10,False,False,False,0.0,0.5,5,10,False,False
NonOverlappingTemplate,NonOverlappingTemplate,False,0.0,0.2,2,10,False,False,False,0.0,0.5,5,10,False,False
NonOverlappingTemplate,NonOverlappingTemplate,False,0.0,0.2,2,10,False,False,False,8.9e-05,0.6,6,10,False,False
NonOverlappingTemplate,NonOverlappingTemplate,False,0.0,0.2,2,10,False,False,False,8.9e-05,0.6,6,10,False,False
NonOverlappingTemplate,NonOverlappingTemplate,False,0.0,0.2,2,10,False,False,False,0.0,0.5,5,10,False,False
NonOverlappingTemplate,NonOverlappingTemplate,False,0.0,0.2,2,10,False,False,False,3e-06,0.5,5,10,False,False
NonOverlappingTemplate,NonOverlappingTemplate,False,0.0,0.2,2,10,False,False,False,3e-06,0.6,6,10,False,False
NonOverlappingTemplate,NonOverlappingTemplate,False,0.0,0.2,2,10,False,False,False,3e-06,0.5,5,10,False,False
NonOverlappingTemplate,NonOverlappingTemplate,False,0.0,0.2,2,10,False,False,False,3e-06,0.4,4,10,False,False
NonOverlappingTemplate,NonOverlappingTemplate,False,0.0,0.2,2,10,False,False,False,3e-06,0.7,7,10,False,False
NonOverlappingTemplate,NonOverlappingTemplate,False,0.0,0.2,2,10,False,False,False,3e-06,0.6,6,10,False,False
NonOverlappingTemplate,NonOverlappingTemplate,False,0.0,0.2,2,10,False,False,False,3e-06,0.6,6,10,False,False
NonOverlappingTemplate,NonOverlappingTemplate,False,0.0,0.2,2,10,False,False,False,3e-06,0.5,5,10,False,False
NonOverlappingTemplate,NonOverlappingTemplate,False,0.0,0.2,2,10,False,False,False,0.0,0.5,5,10,False,False
NonOverlappingTemplate,NonOverlappingTemplate,False,0.0,0.2,2,10,False,False,False,0.0,0.5,5,10,False,False
NonOverlappingTemplate,NonOverlappingTemplate,False,0.0,0.2,2,10,False,False,False,8.9e-05,0.6,6,10,False,False
NonOverlappingTemplate,NonOverlappingTemplate,False,0.0,0.2,2,10,False,False,False,8.9e-05,0.6,6,10,False,False
NonOverlappingTemplate,NonOverlappingTemplate,False,0.0,0.2,2,10,False,False,False,0.0,0.5,5,10,False,False
NonOverlappingTemplate,NonOverlappingTemplate,False,0.0,0.2,2,10,False,False,False,3e-06,0.5,5,10,False,False
NonOverlappingTemplate,NonOverlappingTemplate,False,0.0,0.2,2,10,False,False,False,3e-06,0.6,6,10,False,False
NonOverlappingTemplate,NonOverlappingTemplate,False,0.0,0.2,2,10,False,False,False,3e-06,0.5,5,10,False,False
NonOverlappingTemplate,NonOverlappingTemplate,False,0.0,0.2,2,10,False,False,False,3e-06,0.4,4,10,False,False
NonOverlappingTemplate,NonOverlappingTemplate,False,0.0,0.2,2,10,False,False,False,3e-06,0.7,7,10,False,False
NonOverlappingTemplate,NonOverlappingTemplate,False,0.0,0.2,2,10,False,False,False,3e-06,0.6,6,10,False,False
NonOverlappingTemplate,NonOverlappingTemplate,False,0.0,0.2,2,10,False,False,False,3e-06,0.6,6,10,False,False
NonOverlappingTemplate,NonOverlappingTemplate,False,0.0,0.3,3,10,False,False,False,3e-06,0.5,5,10,False,False
NonOverlappingTemplate,NonOverlappingTemplate,False,0.0,0.3,3,10,False,False,False,0.0,0.5,5,10,False,False
NonOverlappingTemplate,NonOverlappingTemplate,False,0.0,0.3,3,10,False,False,False,0.0,0.5,5,10,False,False
NonOverlappingTemplate,NonOverlappingTemplate,False,0.0,0.3,3,10,False,False,False,8.9e-05,0.6,6,10,False,False
NonOverlappingTemplate,NonOverlappingTemplate,False,0.0,0.3,3,10,False,False,False,8.9e-05,0.6,6,10,False,False
NonOverlappingTemplate,NonOverlappingTemplate,False,0.0,0.3,3,10,False,False,False,0.0,0.5,5,10,False,False
NonOverlappingTemplate,NonOverlappingTemplate,False,0.0,0.3,3,10,False,False,False,3e-06,0.5,5,10,False,False
NonOverlappingTemplate,NonOverlappingTemplate,False,0.0,0.3,3,10,False,False,False,3e-06,0.6,6,10,False,False
NonOverlappingTemplate,NonOverlappingTemplate,False,0.0,0.3,3,10,False,False,False,3e-06,0.5,5,10,False,False
NonOverlappingTemplate,NonOverlappingTemplate,False,0.0,0.3,3,10,False,False,False,3e-06,0.4,4,10,False,False
NonOverlappingTemplate,NonOverlappingTemplate,False,0.0,0.3,3,10,False,False,False,3e-06,0.7,7,10,False,False
NonOverlappingTemplate,NonOverlappingTemplate,False,0.0,0.3,3,10,False,False,False,3e-06,0.6,6,10,False,False
NonOverlappingTemplate,NonOverlappingTemplate,False,0.0,0.3,3,10,False,False,False,3e-06,0.6,6,10,False,False
NonOverlappingTemplate,NonOverlappingTemplate,False,0.0,0.2,2,10,False,False,False,3e-06,0.5,5,10,False,False
NonOverlappingTemplate,NonOverlappingTemplate,False,0.0,0.2,2,10,False,False,False,0.0,0.5,5,10,False,False
NonOverlappingTemplate,NonOverlappingTemplate,False,0.0,0.2,2,10,False,False,False,0.0,0.5,5,10,False,False
NonOverlappingTemplate,NonOverlappingTemplate,False,0.0,0.2,2,10,False,False,False,8.9e-05,0.6,6,10,False,False
NonOverlappingTemplate,NonOverlappingTemplate,False,0.0,0.2,2,10,False,False,False,8.9e-05,0.6,6,10,False,False
NonOverlappingTemplate,NonOverlappingTemplate,False,0.0,0.2,2,10,False,False,False,0.0,0.5,5,10,False,False
NonOverlappingTemplate,NonOverlappingTemplate,False,0.0,0.2,2,10,False,False,False,3e-06,0.5,5,10,False,False
NonOverlappingTemplate,NonOverlappingTemplate,False,0.0,0.2,2,10,False,False,False,3e-06,0.6,6,10,False,False
NonOverlappingTemplate,NonOverlappingTemplate,False,0.0,0.2,2,10,False,False,False,3e-06,0.5,5,10,False,False
NonOverlappingTemplate,NonOverlappingTemplate,False,0.0,0.2,2,10,False,False,False,3e-06,0.4,4,10,False,False
NonOverlappingTemplate,NonOverlappingTemplate,False,0.0,0.2,2,10,False,False,False,3e-06,0.7,7,10,False,False
NonOverlappingTemplate,NonOverlappingTemplate,False,0.0,0.2,2,10,False,False,False,3e-06,0.6,6,10,False,False
NonOverlappingTemplate,NonOverlappingTemplate,False,0.0,0.2,2,10,False,False,False,3e-06,0.6,6,10,False,False
NonOverlappingTemplate,NonOverlappingTemplate,False,0.0,0.2,2,10,False,False,False,3e-06,0.5,5,10,False,False
NonOverlappingTemplate,NonOverlappingTemplate,False,0.0,0.2,2,10,False,False,False,0.0,0.5,5,10,False,False
NonOverlappingTemplate,NonOverlappingTemplate,False,0.0,0.2,2,10,False,False,False,0.0,0.5,5,10,False,False
NonOverlappingTemplate,NonOverlappingTemplate,False,0.0,0.2,2,10,False,False,False,8.9e-05,0.6,6,10,False,False
NonOverlappingTemplate,NonOverlappingTemplate,False,0.0,0.2,2,10,False,False,False,8.9e-05,0.6,6,10,False,False
NonOverlappingTemplate,NonOverlappingTemplate,False,0.0,0.2,2,10,False,False,False,0.0,0.5,5,10,False,False
NonOverlappingTemplate,NonOverlappingTemplate,False,0.0,0.2,2,10,False,False,False,3e-06,0.5,5,10,False,False
NonOverlappingTemplate,NonOverlappingTemplate,False,0.0,0.2,2,10,False,False,False,3e-06,0.6,6,10,False,False
NonOverlappingTemplate,NonOverlappingTemplate,False,0.0,0.2,2,10,False,False,False,3e-06,0.5,5,10,False,False
NonOverlappingTemplate,NonOverlappingTemplate,False,0.0,0.2,2,10,False,False,False,3e-06,0.4,4,10,False,False
NonOverlappingTemplate,NonOverlappingTemplate,False,0.0,0.2,2,10,False,False,False,3e-06,0.7,7,10,False,False
NonOverlappingTemplate,NonOverlappingTemplate,False,0.0,0.2,2,10,False,False,False,3e-06,0.6,6,10,False,False
NonOverlappingTemplate,NonOverlappingTemplate,False,0.0,0.2,2,10,False,False,False,3e-06,0.6,6,10,False,False
NonOverlappingTemplate,NonOverlappingTemplate,False,0.0,0.1,1,10,False,False,False,3e-06,0.5,5,10,False,False
NonOverlappingTemplate,NonOverlappingTemplate,False,0.0,0.1,1,10,False,False,False,0.0,0.5,5,10,False,False
NonOverlappingTemplate,NonOverlappingTemplate,False,0.0,0.1,1,10,False,False,False,0.0,0.5,5,10,False,False
NonOverlappingTemplate,NonOverlappingTemplate,False,0.0,0.1,1,10,False,False,False,8.9e-05,0.6,6,10,False,False
NonOverlappingTemplate,NonOverlappingTemplate,False,0.0,0.1,1,10,False,False,False,8.9e-05,0.6,6,10,False,False
NonOverlappingTemplate,NonOverlappingTemplate,False,0.0,0.1,1,10,False,False,False,0.0,0.5,5,10,False,False
NonOverlappingTemplate,NonOverlappingTemplate,False,0.0,0.1,1,10,False,False,False,3e-06,0.5,5,10,False,False
NonOverlappingTemplate,NonOverlappingTemplate,False,0.0,0.1,1,10,False,False,False,3e-06,0.6,6,10,False,False
NonOverlappingTemplate,NonOverlappingTemplate,False,0.0,0.1,1,10,False,False,False,3e-06,0.5,5,10,False,False
NonOverlappingTemplate,NonOverlappingTemplate,False,0.0,0.1,1,10,False,False,False,3e-06,0.4,4,10,False,False
NonOverlappingTemplate,NonOverlappingTemplate,False,0.0,0.1,1,10,False,False,False,3e-06,0.7,7,10,False,False
NonOverlappingTemplate,NonOverlappingTemplate,False,0.0,0.1,1,10,False,False,False,3e-06,0.6,6,10,False,False
NonOverlappingTemplate,NonOverlappingTemplate,False,0.0,0.1,1,10,False,False,False,3e-06,0.6,6,10,False,False
NonOverlappingTemplate,NonOverlappingTemplate,False,0.0,0.2,2,10,False,False,False,3e-06,0.5,5,10,False,False
NonOverlappingTemplate,NonOverlappingTemplate,False,0.0,0.2,2,10,False,False,False,0.0,0.5,5,10,False,False
NonOverlappingTemplate,NonOverlappingTemplate,False,0.0,0.2,2,10,False,False,False,0.0,0.5,5,10,False,False
NonOverlappingTemplate,NonOverlappingTemplate,False,0.0,0.2,2,10,False,False,False,8.9e-05,0.6,6,10,False,False
NonOverlappingTemplate,NonOverlappingTemplate,False,0.0,0.2,2,10,False,False,False,8.9e-05,0.6,6,10,False,False
NonOverlappingTemplate,NonOverlappingTemplate,False,0.0,0.2,2,10,False,False,False,0.0,0.5,5,10,False,False
NonOverlappingTemplate,NonOverlappingTemplate,False,0.0,0.2,2,10,False,False,False,3e-06,0.5,5,10,False,False
NonOverlappingTemplate,NonOverlappingTemplate,False,0.0,0.2,2,10,False,False,False,3e-06,0.6,6,10,False,False
NonOverlappingTemplate,NonOverlappingTemplate,False,0.0,0.2,2,10,False,False,False,3e-06,0.5,5,10,False,False
NonOverlappingTemplate,NonOverlappingTemplate,False,0.0,0.2,2,10,False,False,False,3e-06,0.4,4,10,False,False
NonOverlappingTemplate,NonOverlappingTemplate,False,0.0,0.2,2,10,False,False,False,3e-06,0.7,7,10,False,False
NonOverlappingTemplate,NonOverlappingTemplate,False,0.0,0.2,2,10,False,False,False,3e-06,0.6,6,10,False,False
NonOverlappingTemplate,NonOverlappingTemplate,False,0.0,0.2,2,10,False,False,False,3e-06,0.6,6,10,False,False
NonOverlappingTemplate,NonOverlappingTemplate,False,0.0,0.2,2,10,False,False,False,3e-06,0.5,5,10,False,False
NonOverlappingTemplate,NonOverlappingTemplate,False,0.0,0.2,2,10,False,False,False,0.0,0.5,5,10,False,False
NonOverlappingTemplate,NonOverlappingTemplate,False,0.0,0.2,2,10,False,False,False,0.0,0.5,5,10,False,False
NonOverlappingTemplate,NonOverlappingTemplate,False,0.0,0.2,2,10,False,False,False,8.9e-05,0.6,6,10,False,False
NonOverlappingTemplate,NonOverlappingTemplate,False,0.0,0.2,2,10,False,False,False,8.9e-05,0.6,6,10,False,False
NonOverlappingTemplate,NonOverlappingTemplate,False,0.0,0.2,2,10,False,False,False,0.0,0.5,5,10,False,False
NonOverlappingTemplate,NonOverlappingTemplate,False,0.0,0.2,2,10,False,False,False,3e-06,0.5,5,10,False,False
NonOverlappingTemplate,NonOverlappingTemplate,False,0.0,0.2,2,10,False,False,False,3e-06,0.6,6,10,False,False
NonOverlappingTemplate,NonOverlappingTemplate,False,0.0,0.2,2,10,False,False,False,3e-06,0.5,5,10,False,False
NonOverlappingTemplate,NonOverlappingTemplate,False,0.0,0.2,2,10,False,False,False,3e-06,0.4,4,10,False,False
NonOverlappingTemplate,NonOverlappingTemplate,False,0.0,0.2,2,10,False,False,False,3e-06,0.7,7,10,False,False
NonOverlappingTemplate,NonOverlappingTemplate,False,0.0,0.2,2,10,False,False,False,3e-06,0.6,6,10,False,False
NonOverlappingTemplate,NonOverlappingTemplate,False,0.0,0.2,2,10,False,False,False,3e-06,0.6,6,10,False,False
NonOverlappingTemplate,NonOverlappingTemplate,False,0.0,0.2,2,10,False,False,False,3e-06,0.5,5,10,False,False
NonOverlappingTemplate,NonOverlappingTemplate,False,0.0,0.2,2,10,False,False,False,0.0,0.5,5,10,False,False
NonOverlappingTemplate,NonOverlappingTemplate,False,0.0,0.2,2,10,False,False,False,0.0,0.5,5,10,False,False
NonOverlappingTemplate,NonOverlappingTemplate,False,0.0,0.2,2,10,False,False,False,8.9e-05,0.6,6,10,False,False
NonOverlappingTemplate,NonOverlappingTemplate,False,0.0,0.2,2,10,False,False,False,8.9e-05,0.6,6,10,False,False
NonOverlappingTemplate,NonOverlappingTemplate,False,0.0,0.2,2,10,False,False,False,0.0,0.5,5,10,False,False
NonOverlappingTemplate,NonOverlappingTemplate,False,0.0,0.2,2,10,False,False,False,3e-06,0.5,5,10,False,False
NonOverlappingTemplate,NonOverlappingTemplate,False,0.0,0.2,2,10,False,False,False,3e-06,0.6,6,10,False,False
NonOverlappingTemplate,NonOverlappingTemplate,False,0.0,0.2,2,10,False,False,False,3e-06,0.5,5,10,False,False
NonOverlappingTemplate,NonOverlappingTemplate,False,0.0,0.2,2,10,False,False,False,3e-06,0.4,4,10,False,False
NonOverlappingTemplate,NonOverlappingTemplate,False,0.0,0.2,2,10,False,False,False,3e-06,0.7,7,10,False,False
NonOverlappingTemplate,NonOverlappingTemplate,False,0.0,0.2,2,10,False,False,False,3e-06,0.6,6,10,False,False
NonOverlappingTemplate,NonOverlappingTemplate,False,0.0,0.2,2,10,False,False,False,3e-06,0.6,6,10,False,False
NonOverlappingTemplate,NonOverlappingTemplate,False,0.0,0.2,2,10,False,False,False,3e-06,0.5,5,10,False,False
NonOverlappingTemplate,NonOverlappingTemplate,False,0.0,0.2,2,10,False,False,False,0.0,0.5,5,10,False,False
NonOverlappingTemplate,NonOverlappingTemplate,False,0.0,0.2,2,10,False,False,False,0.0,0.5,5,10,False,False
NonOverlappingTemplate,NonOverlappingTemplate,False,0.0,0.2,2,10,False,False,False,8.9e-05,0.6,6,10,False,False
NonOverlappingTemplate,NonOverlappingTemplate,False,0.0,0.2,2,10,False,False,False,8.9e-05,0.6,6,10,False,False
NonOverlappingTemplate,NonOverlappingTemplate,False,0.0,0.2,2,10,False,False,False,0.0,0.5,5,10,False,False
NonOverlappingTemplate,NonOverlappingTemplate,False,0.0,0.2,2,10,False,False,False,3e-06,0.5,5,10,False,False
NonOverlappingTemplate,NonOverlappingTemplate,False,0.0,0.2,2,10,False,False,False,3e-06,0.6,6,10,False,False
NonOverlappingTemplate,NonOverlappingTemplate,False,0.0,0.2,2,10,False,False,False,3e-06,0.5,5,10,False,False
NonOverlappingTemplate,NonOverlappingTemplate,False,0.0,0.2,2,10,False,False,False,3e-06,0.4,4,10,False,False
NonOverlappingTemplate,NonOverlappingTemplate,False,0.0,0.2,2,10,False,False,False,3e-06,0.7,7,10,False,False
NonOverlappingTemplate,NonOverlappingTemplate,False,0.0,0.2,2,10,False,False,False,3e-06,0.6,6,10,False,False
NonOverlappingTemplate,NonOverlappingTemplate,False,0.0,0.2,2,10,False,False,False,3e-06,0.6,6,10,False,False
NonOverlappingTemplate,NonOverlappingTemplate,False,0.0,0.2,2,10,False,False,False,3e-06,0.5,5,10,False,False
NonOverlappingTemplate,NonOverlappingTemplate,False,0.0,0.2,2,10,False,False,False,0.0,0.5,5,10,False,False
NonOverlappingTemplate,NonOverlappingTemplate,False,0.0,0.2,2,10,False,False,False,0.0,0.5,5,10,False,False
NonOverlappingTemplate,NonOverlappingTemplate,False,0.0,0.2,2,10,False,False,False,8.9e-05,0.6,6,10,False,False
NonOverlappingTemplate,NonOverlappingTemplate,False,0.0,0.2,2,10,False,False,False,8.9e-05,0.6,6,10,False,False
NonOverlappingTemplate,NonOverlappingTemplate,False,0.0,0.2,2,10,False,False,False,0.0,0.5,5,10,False,False
NonOverlappingTemplate,NonOverlappingTemplate,False,0.0,0.2,2,10,False,False,False,3e-06,0.5,5,10,False,False
NonOverlappingTemplate,NonOverlappingTemplate,False,0.0,0.2,2,10,False,False,False,3e-06,0.6,6,10,False,False
NonOverlappingTemplate,NonOverlappingTemplate,False,0.0,0.2,2,10,False,False,False,3e-06,0.5,5,10,False,False
NonOverlappingTemplate,NonOverlappingTemplate,False,0.0,0.2,2,10,False,False,False,3e-06,0.4,4,10,False,False
NonOverlappingTemplate,NonOverlappingTemplate,False,0.0,0.2,2,10,False,False,False,3e-06,0.7,7,10,False,False
NonOverlappingTemplate,NonOverlappingTemplate,False,0.0,0.2,2,10,False,False,False,3e-06,0.6,6,10,False,False
NonOverlappingTemplate,NonOverlappingTemplate,False,0.0,0.2,2,10,False,False,False,3e-06,0.6,6,10,False,False
NonOverlappingTemplate,NonOverlappingTemplate,False,1e-06,0.4,4,10,False,False,False,3e-06,0.5,5,10,False,False
NonOverlappingTemplate,NonOverlappingTemplate,False,1e-06,0.4,4,10,False,False,False,0.0,0.5,5,10,False,False
NonOverlappingTemplate,NonOverlappingTemplate,False,1e-06,0.4,4,10,False,False,False,0.0,0.5,5,10,False,False
NonOverlappingTemplate,NonOverlappingTemplate,False,1e-06,0.4,4,10,False,False,False,8.9e-05,0.6,6,10,False,False
NonOverlappingTemplate,NonOverlappingTemplate,False,1e-06,0.4,4,10,False,False,False,8.9e-05,0.6,6,10,False,False
NonOverlappingTemplate,NonOverlappingTemplate,False,1e-06,0.4,4,10,False,False,False,0.0,0.5,5,10,False,False
NonOverlappingTemplate,NonOverlappingTemplate,False,1e-06,0.4,4,10,False,False,False,3e-06,0.5,5,10,False,False
NonOverlappingTemplate,NonOverlappingTemplate,False,1e-06,0.4,4,10,False,False,False,3e-06,0.6,6,10,False,False
NonOverlappingTemplate,NonOverlappingTemplate,False,1e-06,0.4,4,10,False,False,False,3e-06,0.5,5,10,False,False
NonOverlappingTemplate,NonOverlappingTemplate,False,1e-06,0.4,4,10,False,False,False,3e-06,0.4,4,10,False,False
NonOverlappingTemplate,NonOverlappingTemplate,False,1e-06,0.4,4,10,False,False,False,3e-06,0.7,7,10,False,False
NonOverlappingTemplate,NonOverlappingTemplate,False,1e-06,0.4,4,10,False,False,False,3e-06,0.6,6,10,False,False
NonOverlappingTemplate,NonOverlappingTemplate,False,1e-06,0.4,4,10,False,False,False,3e-06,0.6,6,10,False,False
NonOverlappingTemplate,NonOverlappingTemplate,False,0.0,0.3,3,10,False,False,False,3e-06,0.5,5,10,False,False
NonOverlappingTemplate,NonOverlappingTemplate,False,0.0,0.3,3,10,False,False,False,0.0,0.5,5,10,False,False
NonOverlappingTemplate,NonOverlappingTemplate,False,0.0,0.3,3,10,False,False,False,0.0,0.5,5,10,False,False
NonOverlappingTemplate,NonOverlappingTemplate,False,0.0,0.3,3,10,False,False,False,8.9e-05,0.6,6,10,False,False
NonOverlappingTemplate,NonOverlappingTemplate,False,0.0,0.3,3,10,False,False,False,8.9e-05,0.6,6,10,False,False
NonOverlappingTemplate,NonOverlappingTemplate,False,0.0,0.3,3,10,False,False,False,0.0,0.5,5,10,False,False
NonOverlappingTemplate,NonOverlappingTemplate,False,0.0,0.3,3,10,False,False,False,3e-06,0.5,5,10,False,False
NonOverlappingTemplate,NonOverlappingTemplate,False,0.0,0.3,3,10,False,False,False,3e-06,0.6,6,10,False,False
NonOverlappingTemplate,NonOverlappingTemplate,False,0.0,0.3,3,10,False,False,False,3e-06,0.5,5,10,False,False
NonOverlappingTemplate,NonOverlappingTemplate,False,0.0,0.3,3,10,False,False,False,3e-06,0.4,4,10,False,False
NonOverlappingTemplate,NonOverlappingTemplate,False,0.0,0.3,3,10,False,False,False,3e-06,0.7,7,10,False,False
NonOverlappingTemplate,NonOverlappingTemplate,False,0.0,0.3,3,10,False,False,False,3e-06,0.6,6,10,False,False
NonOverlappingTemplate,NonOverlappingTemplate,False,0.0,0.3,3,10,False,False,False,3e-06,0.6,6,10,False,False
NonOverlappingTemplate,NonOverlappingTemplate,False,0.0,0.3,3,10,False,False,False,3e-06,0.5,5,10,False,False
NonOverlappingTemplate,NonOverlappingTemplate,False,0.0,0.3,3,10,False,False,False,0.0,0.5,5,10,False,False
NonOverlappingTemplate,NonOverlappingTemplate,False,0.0,0.3,3,10,False,False,False,0.0,0.5,5,10,False,False
NonOverlappingTemplate,NonOverlappingTemplate,False,0.0,0.3,3,10,False,False,False,8.9e-05,0.6,6,10,False,False
NonOverlappingTemplate,NonOverlappingTemplate,False,0.0,0.3,3,10,False,False,False,8.9e-05,0.6,6,10,False,False
NonOverlappingTemplate,NonOverlappingTemplate,False,0.0,0.3,3,10,False,False,False,0.0,0.5,5,10,False,False
NonOverlappingTemplate,NonOverlappingTemplate,False,0.0,0.3,3,10,False,False,False,3e-06,0.5,5,10,False,False
NonOverlappingTemplate,NonOverlappingTemplate,False,0.0,0.3,3,10,False,False,False,3e-06,0.6,6,10,False,False
NonOverlappingTemplate,NonOverlappingTemplate,False,0.0,0.3,3,10,False,False,False,3e-06,0.5,5,10,False,False
NonOverlappingTemplate,NonOverlappingTemplate,False,0.0,0.3,3,10,False,False,False,3e-06,0.4,4,10,False,False
NonOverlappingTemplate,NonOverlappingTemplate,False,0.0,0.3,3,10,False,False,False,3e-06,0.7,7,10,False,False
NonOverlappingTemplate,NonOverlappingTemplate,False,0.0,0.3,3,10,False,False,False,3e-06,0.6,6,10,False,False
NonOverlappingTemplate,NonOverlappingTemplate,False,0.0,0.3,3,10,False,False,False,3e-06,0.6,6,10,False,False
NonOverlappingTemplate,NonOverlappingTemplate,False,0.0,0.2,2,10,False,False,False,3e-06,0.5,5,10,False,False
NonOverlappingTemplate,NonOverlappingTemplate,False,0.0,0.2,2,10,False,False,False,0.0,0.5,5,10,False,False
NonOverlappingTemplate,NonOverlappingTemplate,False,0.0,0.2,2,10,False,False,False,0.0,0.5,5,10,False,False
NonOverlappingTemplate,NonOverlappingTemplate,False,0.0,0.2,2,10,False,False,False,8.9e-05,0.6,6,10,False,False
NonOverlappingTemplate,NonOverlappingTemplate,False,0.0,0.2,2,10,False,False,False,8.9e-05,0.6,6,10,False,False
NonOverlappingTemplate,NonOverlappingTemplate,False,0.0,0.2,2,10,False,False,False,0.0,0.5,5,10,False,False
NonOverlappingTemplate,NonOverlappingTemplate,False,0.0,0.2,2,10,False,False,False,3e-06,0.5,5,10,False,False
NonOverlappingTemplate,NonOverlappingTemplate,False,0.0,0.2,2,10,False,False,False,3e-06,0.6,6,10,False,False
NonOverlappingTemplate,NonOverlappingTemplate,False,0.0,0.2,2,10,False,False,False,3e-06,0.5,5,10,False,False
NonOverlappingTemplate,NonOverlappingTemplate,False,0.0,0.2,2,10,False,False,False,3e-06,0.4,4,10,False,False
NonOverlappingTemplate,NonOverlappingTemplate,False,0.0,0.2,2,10,False,False,False,3e-06,0.7,7,10,False,False
NonOverlappingTemplate,NonOverlappingTemplate,False,0.0,0.2,2,10,False,False,False,3e-06,0.6,6,10,False,False
NonOverlappingTemplate,NonOverlappingTemplate,False,0.0,0.2,2,10,False,False,False,3e-06,0.6,6,10,False,False
NonOverlappingTemplate,NonOverlappingTemplate,False,0.0,0.2,2,10,False,False,False,3e-06,0.5,5,10,False,False
NonOverlappingTemplate,NonOverlappingTemplate,False,0.0,0.2,2,10,False,False,False,0.0,0.5,5,10,False,False
NonOverlappingTemplate,NonOverlappingTemplate,False,0.0,0.2,2,10,False,False,False,0.0,0.5,5,10,False,False
NonOverlappingTemplate,NonOverlappingTemplate,False,0.0,0.2,2,10,False,False,False,8.9e-05,0.6,6,10,False,False
NonOverlappingTemplate,NonOverlappingTemplate,False,0.0,0.2,2,10,False,False,False,8.9e-05,0.6,6,10,False,False
NonOverlappingTemplate,NonOverlappingTemplate,False,0.0,0.2,2,10,False,False,False,0.0,0.5,5,10,False,False
NonOverlappingTemplate,NonOverlappingTemplate,False,0.0,0.2,2,10,False,False,False,3e-06,0.5,5,10,False,False
NonOverlappingTemplate,NonOverlappingTemplate,False,0.0,0.2,2,10,False,False,False,3e-06,0.6,6,10,False,False
NonOverlappingTemplate,NonOverlappingTemplate,False,0.0,0.2,2,10,False,False,False,3e-06,0.5,5,10,False,False
NonOverlappingTemplate,NonOverlappingTemplate,False,0.0,0.2,2,10,False,False,False,3e-06,0.4,4,10,False,False
NonOverlappingTemplate,NonOverlappingTemplate,False,0.0,0.2,2,10,False,False,False,3e-06,0.7,7,10,False,False
NonOverlappingTemplate,NonOverlappingTemplate,False,0.0,0.2,2,10,False,False,False,3e-06,0.6,6,10,False,False
NonOverlappingTemplate,NonOverlappingTemplate,False,0.0,0.2,2,10,False,False,False,3e-06,0.6,6,10,False,False
NonOverlappingTemplate,NonOverlappingTemplate,False,0.0,0.0,0,10,False,False,False,3e-06,0.5,5,10,False,False
NonOverlappingTemplate,NonOverlappingTemplate,False,0.0,0.0,0,10,False,False,False,0.0,0.5,5,10,False,False
NonOverlappingTemplate,NonOverlappingTemplate,False,0.0,0.0,0,10,False,False,False,0.0,0.5,5,10,False,False
NonOverlappingTemplate,NonOverlappingTemplate,False,0.0,0.0,0,10,False,False,False,8.9e-05,0.6,6,10,False,False
NonOverlappingTemplate,NonOverlappingTemplate,False,0.0,0.0,0,10,False,False,False,8.9e-05,0.6,6,10,False,False
NonOverlappingTemplate,NonOverlappingTemplate,False,0.0,0.0,0,10,False,False,False,0.0,0.5,5,10,False,False
NonOverlappingTemplate,NonOverlappingTemplate,False,0.0,0.0,0,10,False,False,False,3e-06,0.5,5,10,False,False
NonOverlappingTemplate,NonOverlappingTemplate,False,0.0,0.0,0,10,False,False,False,3e-06,0.6,6,10,False,False
NonOverlappingTemplate,NonOverlappingTemplate,False,0.0,0.0,0,10,False,False,False,3e-06,0.5,5,10,False,False
NonOverlappingTemplate,NonOverlappingTemplate,False,0.0,0.0,0,10,False,False,False,3e-06,0.4,4,10,False,False
NonOverlappingTemplate,NonOverlappingTemplate,False,0.0,0.0,0,10,False,False,False,3e-06,0.7,7,10,False,False
NonOverlappingTemplate,NonOverlappingTemplate,False,0.0,0.0,0,10,False,False,False,3e-06,0.6,6,10,False,False
NonOverlappingTemplate,NonOverlappingTemplate,False,0.0,0.0,0,10,False,False,False,3e-06,0.6,6,10,False,False
NonOverlappingTemplate,NonOverlappingTemplate,False,0.0,0.2,2,10,False,False,False,3e-06,0.5,5,10,False,False
NonOverlappingTemplate,NonOverlappingTemplate,False,0.0,0.2,2,10,False,False,False,0.0,0.5,5,10,False,False
NonOverlappingTemplate,NonOverlappingTemplate,False,0.0,0.2,2,10,False,False,False,0.0,0.5,5,10,False,False
NonOverlappingTemplate,NonOverlappingTemplate,False,0.0,0.2,2,10,False,False,False,8.9e-05,0.6,6,10,False,False
NonOverlappingTemplate,NonOverlappingTemplate,False,0.0,0.2,2,10,False,False,False,8.9e-05,0.6,6,10,False,False
NonOverlappingTemplate,NonOverlappingTemplate,False,0.0,0.2,2,10,False,False,False,0.0,0.5,5,10,False,False
NonOverlappingTemplate,NonOverlappingTemplate,False,0.0,0.2,2,10,False,False,False,3e-06,0.5,5,10,False,False
NonOverlappingTemplate,NonOverlappingTemplate,False,0.0,0.2,2,10,False,False,False,3e-06,0.6,6,10,False,False
NonOverlappingTemplate,NonOverlappingTemplate,False,0.0,0.2,2,10,False,False,False,3e-06,0.5,5,10,False,False
NonOverlappingTemplate,NonOverlappingTemplate,False,0.0,0.2,2,10,False,False,False,3e-06,0.4,4,10,False,False
NonOverlappingTemplate,NonOverlappingTemplate,False,0.0,0.2,2,10,False,False,False,3e-06,0.7,7,10,False,False
NonOverlappingTemplate,NonOverlappingTemplate,False,0.0,0.2,2,10,False,False,False,3e-06,0.6,6,10,False,False
NonOverlappingTemplate,NonOverlappingTemplate,False,0.0,0.2,2,10,False,False,False,3e-06,0.6,6,10,False,False
NonOverlappingTemplate,NonOverlappingTemplate,False,0.0,0.1,1,10,False,False,False,3e-06,0.5,5,10,False,False
NonOverlappingTemplate,NonOverlappingTemplate,False,0.0,0.1,1,10,False,False,False,0.0,0.5,5,10,False,False
NonOverlappingTemplate,NonOverlappingTemplate,False,0.0,0.1,1,10,False,False,False,0.0,0.5,5,10,False,False
NonOverlappingTemplate,NonOverlappingTemplate,False,0.0,0.1,1,10,False,False,False,8.9e-05,0.6,6,10,False,False
NonOverlappingTemplate,NonOverlappingTemplate,False,0.0,0.1,1,10,False,False,False,8.9e-05,0.6,6,10,False,False
NonOverlappingTemplate,NonOverlappingTemplate,False,0.0,0.1,1,10,False,False,False,0.0,0.5,5,10,False,False
NonOverlappingTemplate,NonOverlappingTemplate,False,0.0,0.1,1,10,False,False,False,3e-06,0.5,5,10,False,False
NonOverlappingTemplate,NonOverlappingTemplate,False,0.0,0.1,1,10,False,False,False,3e-06,0.6,6,10,False,False
NonOverlappingTemplate,NonOverlappingTemplate,False,0.0,0.1,1,10,False,False,False,3e-06,0.5,5,10,False,False
NonOverlappingTemplate,NonOverlappingTemplate,False,0.0,0.1,1,10,False,False,False,3e-06,0.4,4,10,False,False
NonOverlappingTemplate,NonOverlappingTemplate,False,0.0,0.1,1,10,False,False,False,3e-06,0.7,7,10,False,False
NonOverlappingTemplate,NonOverlappingTemplate,False,0.0,0.1,1,10,False,False,False,3e-06,0.6,6,10,False,False
NonOverlappingTemplate,NonOverlappingTemplate,False,0.0,0.1,1,10,False,False,False,3e-06,0.6,6,10,False,False
NonOverlappingTemplate,NonOverlappingTemplate,False,0.0,0.1,1,10,False,False,False,3e-06,0.5,5,10,False,False
NonOverlappingTemplate,NonOverlappingTemplate,False,0.0,0.1,1,10,False,False,False,0.0,0.5,5,10,False,False
NonOverlappingTemplate,NonOverlappingTemplate,False,0.0,0.1,1,10,False,False,False,0.0,0.5,5,10,False,False
NonOverlappingTemplate,NonOverlappingTemplate,False,0.0,0.1,1,10,False,False,False,8.9e-05,0.6,6,10,False,False
NonOverlappingTemplate,NonOverlappingTemplate,False,0.0,0.1,1,10,False,False,False,8.9e-05,0.6,6,10,False,False
NonOverlappingTemplate,NonOverlappingTemplate,False,0.0,0.1,1,10,False,False,False,0.0,0.5,5,10,False,False
NonOverlappingTemplate,NonOverlappingTemplate,False,0.0,0.1,1,10,False,False,False,3e-06,0.5,5,10,False,False
NonOverlappingTemplate,NonOverlappingTemplate,False,0.0,0.1,1,10,False,False,False,3e-06,0.6,6,10,False,False
NonOverlappingTemplate,NonOverlappingTemplate,False,0.0,0.1,1,10,False,False,False,3e-06,0.5,5,10,False,False
NonOverlappingTemplate,NonOverlappingTemplate,False,0.0,0.1,1,10,False,False,False,3e-06,0.4,4,10,False,False
NonOverlappingTemplate,NonOverlappingTemplate,False,0.0,0.1,1,10,False,False,False,3e-06,0.7,7,10,False,False
NonOverlappingTemplate,NonOverlappingTemplate,False,0.0,0.1,1,10,False,False,False,3e-06,0.6,6,10,False,False
NonOverlappingTemplate,NonOverlappingTemplate,False,0.0,0.1,1,10,False,False,False,3e-06,0.6,6,10,False,False
NonOverlappingTemplate,NonOverlappingTemplate,False,0.0,0.1,1,10,False,False,False,3e-06,0.5,5,10,False,False
NonOverlappingTemplate,NonOverlappingTemplate,False,0.0,0.1,1,10,False,False,False,0.0,0.5,5,10,False,False
NonOverlappingTemplate,NonOverlappingTemplate,False,0.0,0.1,1,10,False,False,False,0.0,0.5,5,10,False,False
NonOverlappingTemplate,NonOverlappingTemplate,False,0.0,0.1,1,10,False,False,False,8.9e-05,0.6,6,10,False,False
NonOverlappingTemplate,NonOverlappingTemplate,False,0.0,0.1,1,10,False,False,False,8.9e-05,0.6,6,10,False,False
NonOverlappingTemplate,NonOverlappingTemplate,False,0.0,0.1,1,10,False,False,False,0.0,0.5,5,10,False,False
NonOverlappingTemplate,NonOverlappingTemplate,False,0.0,0.1,1,10,False,False,False,3e-06,0.5,5,10,False,False
NonOverlappingTemplate,NonOverlappingTemplate,False,0.0,0.1,1,10,False,False,False,3e-06,0.6,6,10,False,False
NonOverlappingTemplate,NonOverlappingTemplate,False,0.0,0.1,1,10,False,False,False,3e-06,0.5,5,10,False,False
NonOverlappingTemplate,NonOverlappingTemplate,False,0.0,0.1,1,10,False,False,False,3e-06,0.4,4,10,False,False
NonOverlappingTemplate,NonOverlappingTemplate,False,0.0,0.1,1,10,False,False,False,3e-06,0.7,7,10,False,False
NonOverlappingTemplate,NonOverlappingTemplate,False,0.0,0.1,1,10,False,False,False,3e-06,0.6,6,10,False,False
NonOverlappingTemplate,NonOverlappingTemplate,False,0.0,0.1,1,10,False,False,False,3e-06,0.6,6,10,False,False
NonOverlappingTemplate,NonOverlappingTemplate,False,0.0,0.1,1,10,False,False,False,3e-06,0.5,5,10,False,False
NonOverlappingTemplate,NonOverlappingTemplate,False,0.0,0.1,1,10,False,False,False,0.0,0.5,5,10,False,False
NonOverlappingTemplate,NonOverlappingTemplate,False,0.0,0.1,1,10,False,False,False,0.0,0.5,5,10,False,False
NonOverlappingTemplate,NonOverlappingTemplate,False,0.0,0.1,1,10,False,False,False,8.9e-05,0.6,6,10,False,False
NonOverlappingTemplate,NonOverlappingTemplate,False,0.0,0.1,1,10,False,False,False,8.9e-05,0.6,6,10,False,False
NonOverlappingTemplate,NonOverlappingTemplate,False,0.0,0.1,1,10,False,False,False,0.0,0.5,5,10,False,False
NonOverlappingTemplate,NonOverlappingTemplate,False,0.0,0.1,1,10,False,False,False,3e-06,0.5,5,10,False,False
NonOverlappingTemplate,NonOverlappingTemplate,False,0.0,0.1,1,10,False,False,False,3e-06,0.6,6,10,False,False
NonOverlappingTemplate,NonOverlappingTemplate,False,0.0,0.1,1,10,False,False,False,3e-06,0.5,5,10,False,False
NonOverlappingTemplate,NonOverlappingTemplate,False,0.0,0.1,1,10,False,False,False,3e-06,0.4,4,10,False,False
NonOverlappingTemplate,NonOverlappingTemplate,False,0.0,0.1,1,10,False,False,False,3e-06,0.7,7,10,False,False
NonOverlappingTemplate,NonOverlappingTemplate,False,0.0,0.1,1,10,False,False,False,3e-06,0.6,6,10,False,False
NonOverlappingTemplate,NonOverlappingTemplate,False,0.0,0.1,1,10,False,False,False,3e-06,0.6,6,10,False,False
NonOverlappingTemplate,NonOverlappingTemplate,False,3e-06,0.4,4,10,False,False,False,3e-06,0.5,5,10,False,False
NonOverlappingTemplate,NonOverlappingTemplate,False,3e-06,0.4,4,10,False,False,False,0.0,0.5,5,10,False,False
NonOverlappingTemplate,NonOverlappingTemplate,False,3e-06,0.4,4,10,False,False,False,0.0,0.5,5,10,False,False
NonOverlappingTemplate,NonOverlappingTemplate,False,3e-06,0.4,4,10,False,False,False,8.9e-05,0.6,6,10,False,False
NonOverlappingTemplate,NonOverlappingTemplate,False,3e-06,0.4,4,10,False,False,False,8.9e-05,0.6,6,10,False,False
NonOverlappingTemplate,NonOverlappingTemplate,False,3e-06,0.4,4,10,False,False,False,0.0,0.5,5,10,False,False
NonOverlappingTemplate,NonOverlappingTemplate,False,3e-06,0.4,4,10,False,False,False,3e-06,0.5,5,10,False,False
NonOverlappingTemplate,NonOverlappingTemplate,False,3e-06,0.4,4,10,False,False,False,3e-06,0.6,6,10,False,False
NonOverlappingTemplate,NonOverlappingTemplate,False,3e-06,0.4,4,10,False,False,False,3e-06,0.5,5,10,False,False
NonOverlappingTemplate,NonOverlappingTemplate,False,3e-06,0.4,4,10,False,False,False,3e-06,0.4,4,10,False,False
NonOverlappingTemplate,NonOverlappingTemplate,False,3e-06,0.4,4,10,False,False,False,3e-06,0.7,7,10,False,False
NonOverlappingTemplate,NonOverlappingTemplate,False,3e-06,0.4,4,10,False,False,False,3e-06,0.6,6,10,False,False
NonOverlappingTemplate,NonOverlappingTemplate,False,3e-06,0.4,4,10,False,False,False,3e-06,0.6,6,10,False,False
NonOverlappingTemplate,NonOverlappingTemplate,False,0.0,0.1,1,10,False,False,False,3e-06,0.5,5,10,False,False
NonOverlappingTemplate,NonOverlappingTemplate,False,0.0,0.1,1,10,False,False,False,0.0,0.5,5,10,False,False
NonOverlappingTemplate,NonOverlappingTemplate,False,0.0,0.1,1,10,False,False,False,0.0,0.5,5,10,False,False
NonOverlappingTemplate,NonOverlappingTemplate,False,0.0,0.1,1,10,False,False,False,8.9e-05,0.6,6,10,False,False
NonOverlappingTemplate,NonOverlappingTemplate,False,0.0,0.1,1,10,False,False,False,8.9e-05,0.6,6,10,False,False
NonOverlappingTemplate,NonOverlappingTemplate,False,0.0,0.1,1,10,False,False,False,0.0,0.5,5,10,False,False
NonOverlappingTemplate,NonOverlappingTemplate,False,0.0,0.1,1,10,False,False,False,3e-06,0.5,5,10,False,False
NonOverlappingTemplate,NonOverlappingTemplate,False,0.0,0.1,1,10,False,False,False,3e-06,0.6,6,10,False,False
NonOverlappingTemplate,NonOverlappingTemplate,False,0.0,0.1,1,10,False,False,False,3e-06,0.5,5,10,False,False
NonOverlappingTemplate,NonOverlappingTemplate,False,0.0,0.1,1,10,False,False,False,3e-06,0.4,4,10,False,False
NonOverlappingTemplate,NonOverlappingTemplate,False,0.0,0.1,1,10,False,False,False,3e-06,0.7,7,10,False,False
NonOverlappingTemplate,NonOverlappingTemplate,False,0.0,0.1,1,10,False,False,False,3e-06,0.6,6,10,False,False
NonOverlappingTemplate,NonOverlappingTemplate,False,0.0,0.1,1,10,False,False,False,3e-06,0.6,6,10,False,False
NonOverlappingTemplate,NonOverlappingTemplate,False,0.0,0.5,5,10,False,False,False,3e-06,0.5,5,10,False,False
NonOverlappingTemplate,NonOverlappingTemplate,False,0.0,0.5,5,10,False,False,False,0.0,0.5,5,10,False,False
NonOverlappingTemplate,NonOverlappingTemplate,False,0.0,0.5,5,10,False,False,False,0.0,0.5,5,10,False,False
NonOverlappingTemplate,NonOverlappingTemplate,False,0.0,0.5,5,10,False,False,False,8.9e-05,0.6,6,10,False,False
NonOverlappingTemplate,NonOverlappingTemplate,False,0.0,0.5,5,10,False,False,False,8.9e-05,0.6,6,10,False,False
NonOverlappingTemplate,NonOverlappingTemplate,False,0.0,0.5,5,10,False,False,False,0.0,0.5,5,10,False,False
NonOverlappingTemplate,NonOverlappingTemplate,False,0.0,0.5,5,10,False,False,False,3e-06,0.5,5,10,False,False
NonOverlappingTemplate,NonOverlappingTemplate,False,0.0,0.5,5,10,False,False,False,3e-06,0.6,6,10,False,False
NonOverlappingTemplate,NonOverlappingTemplate,False,0.0,0.5,5,10,False,False,False,3e-06,0.5,5,10,False,False
NonOverlappingTemplate,NonOverlappingTemplate,False,0.0,0.5,5,10,False,False,False,3e-06,0.4,4,10,False,False
NonOverlappingTemplate,NonOverlappingTemplate,False,0.0,0.5,5,10,False,False,False,3e-06,0.7,7,10,False,False
NonOverlappingTemplate,NonOverlappingTemplate,False,0.0,0.5,5,10,False,False,False,3e-06,0.6,6,10,False,False
NonOverlappingTemplate,NonOverlappingTemplate,False,0.0,0.5,5,10,False,False,False,3e-06,0.6,6,10,False,False
NonOverlappingTemplate,NonOverlappingTemplate,False,1e-06,0.5,5,10,False,False,False,3e-06,0.5,5,10,False,False
NonOverlappingTemplate,NonOverlappingTemplate,False,1e-06,0.5,5,10,False,False,False,0.0,0.5,5,10,False,False
NonOverlappingTemplate,NonOverlappingTemplate,False,1e-06,0.5,5,10,False,False,False,0.0,0.5,5,10,False,False
NonOverlappingTemplate,NonOverlappingTemplate,False,1e-06,0.5,5,10,False,False,False,8.9e-05,0.6,6,10,False,False
NonOverlappingTemplate,NonOverlappingTemplate,False,1e-06,0.5,5,10,False,False,False,8.9e-05,0.6,6,10,False,False
NonOverlappingTemplate,NonOverlappingTemplate,False,1e-06,0.5,5,10,False,False,False,0.0,0.5,5,10,False,False
NonOverlappingTemplate,NonOverlappingTemplate,False,1e-06,0.5,5,10,False,False,False,3e-06,0.5,5,10,False,False
NonOverlappingTemplate,NonOverlappingTemplate,False,1e-06,0.5,5,10,False,False,False,3e-06,0.6,6,10,False,False
NonOverlappingTemplate,NonOverlappingTemplate,False,1e-06,0.5,5,10,False,False,False,3e-06,0.5,5,10,False,False
NonOverlappingTemplate,NonOverlappingTemplate,False,1e-06,0.5,5,10,False,False,False,3e-06,0.4,4,10,False,False
NonOverlappingTemplate,NonOverlappingTemplate,False,1e-06,0.5,5,10,False,False,False,3e-06,0.7,7,10,False,False
NonOverlappingTemplate,NonOverlappingTemplate,False,1e-06,0.5,5,10,False,False,False,3e-06,0.6,6,10,False,False
NonOverlappingTemplate,NonOverlappingTemplate,False,1e-06,0.5,5,10,False,False,False,3e-06,0.6,6,10,False,False
NonOverlappingTemplate,NonOverlappingTemplate,False,0.0,0.4,4,10,False,False,False,3e-06,0.5,5,10,False,False
NonOverlappingTemplate,NonOverlappingTemplate,False,0.0,0.4,4,10,False,False,False,0.0,0.5,5,10,False,False
NonOverlappingTemplate,NonOverlappingTemplate,False,0.0,0.4,4,10,False,False,False,0.0,0.5,5,10,False,False
NonOverlappingTemplate,NonOverlappingTemplate,False,0.0,0.4,4,10,False,False,False,8.9e-05,0.6,6,10,False,False
NonOverlappingTemplate,NonOverlappingTemplate,False,0.0,0.4,4,10,False,False,False,8.9e-05,0.6,6,10,False,False
NonOverlappingTemplate,NonOverlappingTemplate,False,0.0,0.4,4,10,False,False,False,0.0,0.5,5,10,False,False
NonOverlappingTemplate,NonOverlappingTemplate,False,0.0,0.4,4,10,False,False,False,3e-06,0.5,5,10,False,False
NonOverlappingTemplate,NonOverlappingTemplate,False,0.0,0.4,4,10,False,False,False,3e-06,0.6,6,10,False,False
NonOverlappingTemplate,NonOverlappingTemplate,False,0.0,0.4,4,10,False,False,False,3e-06,0.5,5,10,False,False
NonOverlappingTemplate,NonOverlappingTemplate,False,0.0,0.4,4,10,False,False,False,3e-06,0.4,4,10,False,False
NonOverlappingTemplate,NonOverlappingTemplate,False,0.0,0.4,4,10,False,False,False,3e-06,0.7,7,10,False,False
NonOverlappingTemplate,NonOverlappingTemplate,False,0.0,0.4,4,10,False,False,False,3e-06,0.6,6,10,False,False
NonOverlappingTemplate,NonOverlappingTemplate,False,0.0,0.4,4,10,False,False,False,3e-06,0.6,6,10,False,False
NonOverlappingTemplate,NonOverlappingTemplate,False,0.0,0.1,1,10,False,False,False,3e-06,0.5,5,10,False,False
NonOverlappingTemplate,NonOverlappingTemplate,False,0.0,0.1,1,10,False,False,False,0.0,0.5,5,10,False,False
NonOverlappingTemplate,NonOverlappingTemplate,False,0.0,0.1,1,10,False,False,False,0.0,0.5,5,10,False,False
NonOverlappingTemplate,NonOverlappingTemplate,False,0.0,0.1,1,10,False,False,False,8.9e-05,0.6,6,10,False,False
NonOverlappingTemplate,NonOverlappingTemplate,False,0.0,0.1,1,10,False,False,False,8.9e-05,0.6,6,10,False,False
NonOverlappingTemplate,NonOverlappingTemplate,False,0.0,0.1,1,10,False,False,False,0.0,0.5,5,10,False,False
NonOverlappingTemplate,NonOverlappingTemplate,False,0.0,0.1,1,10,False,False,False,3e-06,0.5,5,10,False,False
NonOverlappingTemplate,NonOverlappingTemplate,False,0.0,0.1,1,10,False,False,False,3e-06,0.6,6,10,False,False
NonOverlappingTemplate,NonOverlappingTemplate,False,0.0,0.1,1,10,False,False,False,3e-06,0.5,5,10,False,False
NonOverlappingTemplate,NonOverlappingTemplate,False,0.0,0.1,1,10,False,False,False,3e-06,0.4,4,10,False,False
NonOverlappingTemplate,NonOverlappingTemplate,False,0.0,0.1,1,10,False,False,False,3e-06,0.7,7,10,False,False
NonOverlappingTemplate,NonOverlappingTemplate,False,0.0,0.1,1,10,False,False,False,3e-06,0.6,6,10,False,False
NonOverlappingTemplate,NonOverlappingTemplate,False,0.0,0.1,1,10,False,False,False,3e-06,0.6,6,10,False,False
NonOverlappingTemplate,NonOverlappingTemplate,False,0.0,0.4,4,10,False,False,False,3e-06,0.5,5,10,False,False
NonOverlappingTemplate,NonOverlappingTemplate,False,0.0,0.4,4,10,False,False,False,0.0,0.5,5,10,False,False
NonOverlappingTemplate,NonOverlappingTemplate,False,0.0,0.4,4,10,False,False,False,0.0,0.5,5,10,False,False
NonOverlappingTemplate,NonOverlappingTemplate,False,0.0,0.4,4,10,False,False,False,8.9e-05,0.6,6,10,False,False
NonOverlappingTemplate,NonOverlappingTemplate,False,0.0,0.4,4,10,False,False,False,8.9e-05,0.6,6,10,False,False
NonOverlappingTemplate,NonOverlappingTemplate,False,0.0,0.4,4,10,False,False,False,0.0,0.5,5,10,False,False
NonOverlappingTemplate,NonOverlappingTemplate,False,0.0,0.4,4,10,False,False,False,3e-06,0.5,5,10,False,False
NonOverlappingTemplate,NonOverlappingTemplate,False,0.0,0.4,4,10,False,False,False,3e-06,0.6,6,10,False,False
NonOverlappingTemplate,NonOverlappingTemplate,False,0.0,0.4,4,10,False,False,False,3e-06,0.5,5,10,False,False
NonOverlappingTemplate,NonOverlappingTemplate,False,0.0,0.4,4,10,False,False,False,3e-06,0.4,4,10,False,False
NonOverlappingTemplate,NonOverlappingTemplate,False,0.0,0.4,4,10,False,False,False,3e-06,0.7,7,10,False,False
NonOverlappingTemplate,NonOverlappingTemplate,False,0.0,0.4,4,10,False,False,False,3e-06,0.6,6,10,False,False
NonOverlappingTemplate,NonOverlappingTemplate,False,0.0,0.4,4,10,False,False,False,3e-06,0.6,6,10,False,False
NonOverlappingTemplate,NonOverlappingTemplate,False,0.0,0.2,2,10,False,False,False,3e-06,0.5,5,10,False,False
NonOverlappingTemplate,NonOverlappingTemplate,False,0.0,0.2,2,10,False,False,False,0.0,0.5,5,10,False,False
NonOverlappingTemplate,NonOverlappingTemplate,False,0.0,0.2,2,10,False,False,False,0.0,0.5,5,10,False,False
NonOverlappingTemplate,NonOverlappingTemplate,False,0.0,0.2,2,10,False,False,False,8.9e-05,0.6,6,10,False,False
NonOverlappingTemplate,NonOverlappingTemplate,False,0.0,0.2,2,10,False,False,False,8.9e-05,0.6,6,10,False,False
NonOverlappingTemplate,NonOverlappingTemplate,False,0.0,0.2,2,10,False,False,False,0.0,0.5,5,10,False,False
NonOverlappingTemplate,NonOverlappingTemplate,False,0.0,0.2,2,10,False,False,False,3e-06,0.5,5,10,False,False
NonOverlappingTemplate,NonOverlappingTemplate,False,0.0,0.2,2,10,False,False,False,3e-06,0.6,6,10,False,False
NonOverlappingTemplate,NonOverlappingTemplate,False,0.0,0.2,2,10,False,False,False,3e-06,0.5,5,10,False,False
NonOverlappingTemplate,NonOverlappingTemplate,False,0.0,0.2,2,10,False,False,False,3e-06,0.4,4,10,False,False
NonOverlappingTemplate,NonOverlappingTemplate,False,0.0,0.2,2,10,False,False,False,3e-06,0.7,7,10,False,False
NonOverlappingTemplate,NonOverlappingTemplate,False,0.0,0.2,2,10,False,False,False,3e-06,0.6,6,10,False,False
NonOverlappingTemplate,NonOverlappingTemplate,False,0.0,0.2,2,10,False,False,False,3e-06,0.6,6,10,False,False
NonOverlappingTemplate,NonOverlappingTemplate,False,1e-06,0.3,3,10,False,False,False,3e-06,0.5,5,10,False,False
NonOverlappingTemplate,NonOverlappingTemplate,False,1e-06,0.3,3,10,False,False,False,0.0,0.5,5,10,False,False
NonOverlappingTemplate,NonOverlappingTemplate,False,1e-06,0.3,3,10,False,False,False,0.0,0.5,5,10,False,False
NonOverlappingTemplate,NonOverlappingTemplate,False,1e-06,0.3,3,10,False,False,False,8.9e-05,0.6,6,10,False,False
NonOverlappingTemplate,NonOverlappingTemplate,False,1e-06,0.3,3,10,False,False,False,8.9e-05,0.6,6,10,False,False
NonOverlappingTemplate,NonOverlappingTemplate,False,1e-06,0.3,3,10,False,False,False,0.0,0.5,5,10,False,False
NonOverlappingTemplate,NonOverlappingTemplate,False,1e-06,0.3,3,10,False,False,False,3e-06,0.5,5,10,False,False
NonOverlappingTemplate,NonOverlappingTemplate,False,1e-06,0.3,3,10,False,False,False,3e-06,0.6,6,10,False,False
NonOverlappingTemplate,NonOverlappingTemplate,False,1e-06,0.3,3,10,False,False,False,3e-06,0.5,5,10,False,False
NonOverlappingTemplate,NonOverlappingTemplate,False,1e-06,0.3,3,10,False,False,False,3e-06,0.4,4,10,False,False
NonOverlappingTemplate,NonOverlappingTemplate,False,1e-06,0.3,3,10,False,False,False,3e-06,0.7,7,10,False,False
NonOverlappingTemplate,NonOverlappingTemplate,False,1e-06,0.3,3,10,False,False,False,3e-06,0.6,6,10,False,False
NonOverlappingTemplate,NonOverlappingTemplate,False,1e-06,0.3,3,10,False,False,False,3e-06,0.6,6,10,False,False
NonOverlappingTemplate,NonOverlappingTemplate,False,0.0,0.0,0,10,False,False,False,3e-06,0.5,5,10,False,False
NonOverlappingTemplate,NonOverlappingTemplate,False,0.0,0.0,0,10,False,False,False,0.0,0.5,5,10,False,False
NonOverlappingTemplate,NonOverlappingTemplate,False,0.0,0.0,0,10,False,False,False,0.0,0.5,5,10,False,False
NonOverlappingTemplate,NonOverlappingTemplate,False,0.0,0.0,0,10,False,False,False,8.9e-05,0.6,6,10,False,False
NonOverlappingTemplate,NonOverlappingTemplate,False,0.0,0.0,0,10,False,False,False,8.9e-05,0.6,6,10,False,False
NonOverlappingTemplate,NonOverlappingTemplate,False,0.0,0.0,0,10,False,False,False,0.0,0.5,5,10,False,False
NonOverlappingTemplate,NonOverlappingTemplate,False,0.0,0.0,0,10,False,False,False,3e-06,0.5,5,10,False,False
NonOverlappingTemplate,NonOverlappingTemplate,False,0.0,0.0,0,10,False,False,False,3e-06,0.6,6,10,False,False
NonOverlappingTemplate,NonOverlappingTemplate,False,0.0,0.0,0,10,False,False,False,3e-06,0.5,5,10,False,False
NonOverlappingTemplate,NonOverlappingTemplate,False,0.0,0.0,0,10,False,False,False,3e-06,0.4,4,10,False,False
NonOverlappingTemplate,NonOverlappingTemplate,False,0.0,0.0,0,10,False,False,False,3e-06,0.7,7,10,False,False
NonOverlappingTemplate,NonOverlappingTemplate,False,0.0,0.0,0,10,False,False,False,3e-06,0.6,6,10,False,False
NonOverlappingTemplate,NonOverlappingTemplate,False,0.0,0.0,0,10,False,False,False,3e-06,0.6,6,10,False,False
NonOverlappingTemplate,NonOverlappingTemplate,False,0.0,0.2,2,10,False,False,False,3e-06,0.5,5,10,False,False
NonOverlappingTemplate,NonOverlappingTemplate,False,0.0,0.2,2,10,False,False,False,0.0,0.5,5,10,False,False
NonOverlappingTemplate,NonOverlappingTemplate,False,0.0,0.2,2,10,False,False,False,0.0,0.5,5,10,False,False
NonOverlappingTemplate,NonOverlappingTemplate,False,0.0,0.2,2,10,False,False,False,8.9e-05,0.6,6,10,False,False
NonOverlappingTemplate,NonOverlappingTemplate,False,0.0,0.2,2,10,False,False,False,8.9e-05,0.6,6,10,False,False
NonOverlappingTemplate,NonOverlappingTemplate,False,0.0,0.2,2,10,False,False,False,0.0,0.5,5,10,False,False
NonOverlappingTemplate,NonOverlappingTemplate,False,0.0,0.2,2,10,False,False,False,3e-06,0.5,5,10,False,False
NonOverlappingTemplate,NonOverlappingTemplate,False,0.0,0.2,2,10,False,False,False,3e-06,0.6,6,10,False,False
NonOverlappingTemplate,NonOverlappingTemplate,False,0.0,0.2,2,10,False,False,False,3e-06,0.5,5,10,False,False
NonOverlappingTemplate,NonOverlappingTemplate,False,0.0,0.2,2,10,False,False,False,3e-06,0.4,4,10,False,False
NonOverlappingTemplate,NonOverlappingTemplate,False,0.0,0.2,2,10,False,False,False,3e-06,0.7,7,10,False,False
NonOverlappingTemplate,NonOverlappingTemplate,False,0.0,0.2,2,10,False,False,False,3e-06,0.6,6,10,False,False
NonOverlappingTemplate,NonOverlappingTemplate,False,0.0,0.2,2,10,False,False,False,3e-06,0.6,6,10,False,False
NonOverlappingTemplate,NonOverlappingTemplate,False,3e-06,0.4,4,10,False,False,False,3e-06,0.5,5,10,False,False
NonOverlappingTemplate,NonOverlappingTemplate,False,3e-06,0.4,4,10,False,False,False,0.0,0.5,5,10,False,False
NonOverlappingTemplate,NonOverlappingTemplate,False,3e-06,0.4,4,10,False,False,False,0.0,0.5,5,10,False,False
NonOverlappingTemplate,NonOverlappingTemplate,False,3e-06,0.4,4,10,False,False,False,8.9e-05,0.6,6,10,False,False
NonOverlappingTemplate,NonOverlappingTemplate,False,3e-06,0.4,4,10,False,False,False,8.9e-05,0.6,6,10,False,False
NonOverlappingTemplate,NonOverlappingTemplate,False,3e-06,0.4,4,10,False,False,False,0.0,0.5,5,10,False,False
NonOverlappingTemplate,NonOverlappingTemplate,False,3e-06,0.4,4,10,False,False,False,3e-06,0.5,5,10,False,False
NonOverlappingTemplate,NonOverlappingTemplate,False,3e-06,0.4,4,10,False,False,False,3e-06,0.6,6,10,False,False
NonOverlappingTemplate,NonOverlappingTemplate,False,3e-06,0.4,4,10,False,False,False,3e-06,0.5,5,10,False,False
NonOverlappingTemplate,NonOverlappingTemplate,False,3e-06,0.4,4,10,False,False,False,3e-06,0.4,4,10,False,False
NonOverlappingTemplate,NonOverlappingTemplate,False,3e-06,0.4,4,10,False,False,False,3e-06,0.7,7,10,False,False
NonOverlappingTemplate,NonOverlappingTemplate,False,3e-06,0.4,4,10,False,False,False,3e-06,0.6,6,10,False,False
NonOverlappingTemplate,NonOverlappingTemplate,False,3e-06,0.4,4,10,False,False,False,3e-06,0.6,6,10,False,False
NonOverlappingTemplate,NonOverlappingTemplate,False,0.0,0.2,2,10,False,False,False,3e-06,0.5,5,10,False,False
NonOverlappingTemplate,NonOverlappingTemplate,False,0.0,0.2,2,10,False,False,False,0.0,0.5,5,10,False,False
NonOverlappingTemplate,NonOverlappingTemplate,False,0.0,0.2,2,10,False,False,False,0.0,0.5,5,10,False,False
NonOverlappingTemplate,NonOverlappingTemplate,False,0.0,0.2,2,10,False,False,False,8.9e-05,0.6,6,10,False,False
NonOverlappingTemplate,NonOverlappingTemplate,False,0.0,0.2,2,10,False,False,False,8.9e-05,0.6,6,10,False,False
NonOverlappingTemplate,NonOverlappingTemplate,False,0.0,0.2,2,10,False,False,False,0.0,0.5,5,10,False,False
NonOverlappingTemplate,NonOverlappingTemplate,False,0.0,0.2,2,10,False,False,False,3e-06,0.5,5,10,False,False
NonOverlappingTemplate,NonOverlappingTemplate,False,0.0,0.2,2,10,False,False,False,3e-06,0.6,6,10,False,False
NonOverlappingTemplate,NonOverlappingTemplate,False,0.0,0.2,2,10,False,False,False,3e-06,0.5,5,10,False,False
NonOverlappingTemplate,NonOverlappingTemplate,False,0.0,0.2,2,10,False,False,False,3e-06,0.4,4,10,False,False
NonOverlappingTemplate,NonOverlappingTemplate,False,0.0,0.2,2,10,False,False,False,3e-06,0.7,7,10,False,False
NonOverlappingTemplate,NonOverlappingTemplate,False,0.0,0.2,2,10,False,False,False,3e-06,0.6,6,10,False,False
NonOverlappingTemplate,NonOverlappingTemplate,False,0.0,0.2,2,10,False,False,False,3e-06,0.6,6,10,False,False
NonOverlappingTemplate,NonOverlappingTemplate,False,0.0,0.1,1,10,False,False,False,3e-06,0.5,5,10,False,False
NonOverlappingTemplate,NonOverlappingTemplate,False,0.0,0.1,1,10,False,False,False,0.0,0.5,5,10,False,False
NonOverlappingTemplate,NonOverlappingTemplate,False,0.0,0.1,1,10,False,False,False,0.0,0.5,5,10,False,False
NonOverlappingTemplate,NonOverlappingTemplate,False,0.0,0.1,1,10,False,False,False,8.9e-05,0.6,6,10,False,False
NonOverlappingTemplate,NonOverlappingTemplate,False,0.0,0.1,1,10,False,False,False,8.9e-05,0.6,6,10,False,False
NonOverlappingTemplate,NonOverlappingTemplate,False,0.0,0.1,1,10,False,False,False,0.0,0.5,5,10,False,False
NonOverlappingTemplate,NonOverlappingTemplate,False,0.0,0.1,1,10,False,False,False,3e-06,0.5,5,10,False,False
NonOverlappingTemplate,NonOverlappingTemplate,False,0.0,0.1,1,10,False,False,False,3e-06,0.6,6,10,False,False
NonOverlappingTemplate,NonOverlappingTemplate,False,0.0,0.1,1,10,False,False,False,3e-06,0.5,5,10,False,False
NonOverlappingTemplate,NonOverlappingTemplate,False,0.0,0.1,1,10,False,False,False,3e-06,0.4,4,10,False,False
NonOverlappingTemplate,NonOverlappingTemplate,False,0.0,0.1,1,10,False,False,False,3e-06,0.7,7,10,False,False
NonOverlappingTemplate,NonOverlappingTemplate,False,0.0,0.1,1,10,False,False,False,3e-06,0.6,6,10,False,False
NonOverlappingTemplate,NonOverlappingTemplate,False,0.0,0.1,1,10,False,False,False,3e-06,0.6,6,10,False,False
NonOverlappingTemplate,NonOverlappingTemplate,False,0.0,0.1,1,10,False,False,False,3e-06,0.5,5,10,False,False
NonOverlappingTemplate,NonOverlappingTemplate,False,0.0,0.1,1,10,False,False,False,0.0,0.5,5,10,False,False
NonOverlappingTemplate,NonOverlappingTemplate,False,0.0,0.1,1,10,False,False,False,0.0,0.5,5,10,False,False
NonOverlappingTemplate,NonOverlappingTemplate,False,0.0,0.1,1,10,False,False,False,8.9e-05,0.6,6,10,False,False
NonOverlappingTemplate,NonOverlappingTemplate,False,0.0,0.1,1,10,False,False,False,8.9e-05,0.6,6,10,False,False
NonOverlappingTemplate,NonOverlappingTemplate,False,0.0,0.1,1,10,False,False,False,0.0,0.5,5,10,False,False
NonOverlappingTemplate,NonOverlappingTemplate,False,0.0,0.1,1,10,False,False,False,3e-06,0.5,5,10,False,False
NonOverlappingTemplate,NonOverlappingTemplate,False,0.0,0.1,1,10,False,False,False,3e-06,0.6,6,10,False,False
NonOverlappingTemplate,NonOverlappingTemplate,False,0.0,0.1,1,10,False,False,False,3e-06,0.5,5,10,False,False
NonOverlappingTemplate,NonOverlappingTemplate,False,0.0,0.1,1,10,False,False,False,3e-06,0.4,4,10,False,False
NonOverlappingTemplate,NonOverlappingTemplate,False,0.0,0.1,1,10,False,False,False,3e-06,0.7,7,10,False,False
NonOverlappingTemplate,NonOverlappingTemplate,False,0.0,0.1,1,10,False,False,False,3e-06,0.6,6,10,False,False
NonOverlappingTemplate,NonOverlappingTemplate,False,0.0,0.1,1,10,False,False,False,3e-06,0.6,6,10,False,False
NonOverlappingTemplate,NonOverlappingTemplate,False,3e-06,0.4,4,10,False,False,False,3e-06,0.5,5,10,False,False
NonOverlappingTemplate,NonOverlappingTemplate,False,3e-06,0.4,4,10,False,False,False,0.0,0.5,5,10,False,False
NonOverlappingTemplate,NonOverlappingTemplate,False,3e-06,0.4,4,10,False,False,False,0.0,0.5,5,10,False,False
NonOverlappingTemplate,NonOverlappingTemplate,False,3e-06,0.4,4,10,False,False,False,8.9e-05,0.6,6,10,False,False
NonOverlappingTemplate,NonOverlappingTemplate,False,3e-06,0.4,4,10,False,False,False,8.9e-05,0.6,6,10,False,False
NonOverlappingTemplate,NonOverlappingTemplate,False,3e-06,0.4,4,10,False,False,False,0.0,0.5,5,10,False,False
NonOverlappingTemplate,NonOverlappingTemplate,False,3e-06,0.4,4,10,False,False,False,3e-06,0.5,5,10,False,False
NonOverlappingTemplate,NonOverlappingTemplate,False,3e-06,0.4,4,10,False,False,False,3e-06,0.6,6,10,False,False
NonOverlappingTemplate,NonOverlappingTemplate,False,3e-06,0.4,4,10,False,False,False,3e-06,0.5,5,10,False,False
NonOverlappingTemplate,NonOverlappingTemplate,False,3e-06,0.4,4,10,False,False,False,3e-06,0.4,4,10,False,False
NonOverlappingTemplate,NonOverlappingTemplate,False,3e-06,0.4,4,10,False,False,False,3e-06,0.7,7,10,False,False
NonOverlappingTemplate,NonOverlappingTemplate,False,3e-06,0.4,4,10,False,False,False,3e-06,0.6,6,10,False,False
NonOverlappingTemplate,NonOverlappingTemplate,False,3e-06,0.4,4,10,False,False,False,3e-06,0.6,6,10,False,False
NonOverlappingTemplate,NonOverlappingTemplate,False,0.0,0.1,1,10,False,False,False,3e-06,0.5,5,10,False,False
NonOverlappingTemplate,NonOverlappingTemplate,False,0.0,0.1,1,10,False,False,False,0.0,0.5,5,10,False,False
NonOverlappingTemplate,NonOverlappingTemplate,False,0.0,0.1,1,10,False,False,False,0.0,0.5,5,10,False,False
NonOverlappingTemplate,NonOverlappingTemplate,False,0.0,0.1,1,10,False,False,False,8.9e-05,0.6,6,10,False,False
NonOverlappingTemplate,NonOverlappingTemplate,False,0.0,0.1,1,10,False,False,False,8.9e-05,0.6,6,10,False,False
NonOverlappingTemplate,NonOverlappingTemplate,False,0.0,0.1,1,10,False,False,False,0.0,0.5,5,10,False,False
NonOverlappingTemplate,NonOverlappingTemplate,False,0.0,0.1,1,10,False,False,False,3e-06,0.5,5,10,False,False
NonOverlappingTemplate,NonOverlappingTemplate,False,0.0,0.1,1,10,False,False,False,3e-06,0.6,6,10,False,False
NonOverlappingTemplate,NonOverlappingTemplate,False,0.0,0.1,1,10,False,False,False,3e-06,0.5,5,10,False,False
NonOverlappingTemplate,NonOverlappingTemplate,False,0.0,0.1,1,10,False,False,False,3e-06,0.4,4,10,False,False
NonOverlappingTemplate,NonOverlappingTemplate,False,0.0,0.1,1,10,False,False,False,3e-06,0.7,7,10,False,False
NonOverlappingTemplate,NonOverlappingTemplate,False,0.0,0.1,1,10,False,False,False,3e-06,0.6,6,10,False,False
NonOverlappingTemplate,NonOverlappingTemplate,False,0.0,0.1,1,10,False,False,False,3e-06,0.6,6,10,False,False
NonOverlappingTemplate,NonOverlappingTemplate,False,0.0,0.1,1,10,False,False,False,3e-06,0.5,5,10,False,False
NonOverlappingTemplate,NonOverlappingTemplate,False,0.0,0.1,1,10,False,False,False,0.0,0.5,5,10,False,False
NonOverlappingTemplate,NonOverlappingTemplate,False,0.0,0.1,1,10,False,False,False,0.0,0.5,5,10,False,False
NonOverlappingTemplate,NonOverlappingTemplate,False,0.0,0.1,1,10,False,False,False,8.9e-05,0.6,6,10,False,False
NonOverlappingTemplate,NonOverlappingTemplate,False,0.0,0.1,1,10,False,False,False,8.9e-05,0.6,6,10,False,False
NonOverlappingTemplate,NonOverlappingTemplate,False,0.0,0.1,1,10,False,False,False,0.0,0.5,5,10,False,False
NonOverlappingTemplate,NonOverlappingTemplate,False,0.0,0.1,1,10,False,False,False,3e-06,0.5,5,10,False,False
NonOverlappingTemplate,NonOverlappingTemplate,False,0.0,0.1,1,10,False,False,False,3e-06,0.6,6,10,False,False
NonOverlappingTemplate,NonOverlappingTemplate,False,0.0,0.1,1,10,False,False,False,3e-06,0.5,5,10,False,False
NonOverlappingTemplate,NonOverlappingTemplate,False,0.0,0.1,1,10,False,False,False,3e-06,0.4,4,10,False,False
NonOverlappingTemplate,NonOverlappingTemplate,False,0.0,0.1,1,10,False,False,False,3e-06,0.7,7,10,False,False
NonOverlappingTemplate,NonOverlappingTemplate,False,0.0,0.1,1,10,False,False,False,3e-06,0.6,6,10,False,False
NonOverlappingTemplate,NonOverlappingTemplate,False,0.0,0.1,1,10,False,False,False,3e-06,0.6,6,10,False,False
NonOverlappingTemplate,NonOverlappingTemplate,False,0.0,0.1,1,10,False,False,False,3e-06,0.5,5,10,False,False
NonOverlappingTemplate,NonOverlappingTemplate,False,0.0,0.1,1,10,False,False,False,0.0,0.5,5,10,False,False
NonOverlappingTemplate,NonOverlappingTemplate,False,0.0,0.1,1,10,False,False,False,0.0,0.5,5,10,False,False
NonOverlappingTemplate,NonOverlappingTemplate,False,0.0,0.1,1,10,False,False,False,8.9e-05,0.6,6,10,False,False
NonOverlappingTemplate,NonOverlappingTemplate,False,0.0,0.1,1,10,False,False,False,8.9e-05,0.6,6,10,False,False
NonOverlappingTemplate,NonOverlappingTemplate,False,0.0,0.1,1,10,False,False,False,0.0,0.5,5,10,False,False
NonOverlappingTemplate,NonOverlappingTemplate,False,0.0,0.1,1,10,False,False,False,3e-06,0.5,5,10,False,False
NonOverlappingTemplate,NonOverlappingTemplate,False,0.0,0.1,1,10,False,False,False,3e-06,0.6,6,10,False,False
NonOverlappingTemplate,NonOverlappingTemplate,False,0.0,0.1,1,10,False,False,False,3e-06,0.5,5,10,False,False
NonOverlappingTemplate,NonOverlappingTemplate,False,0.0,0.1,1,10,False,False,False,3e-06,0.4,4,10,False,False
NonOverlappingTemplate,NonOverlappingTemplate,False,0.0,0.1,1,10,False,False,False,3e-06,0.7,7,10,False,False
NonOverlappingTemplate,NonOverlappingTemplate,False,0.0,0.1,1,10,False,False,False,3e-06,0.6,6,10,False,False
NonOverlappingTemplate,NonOverlappingTemplate,False,0.0,0.1,1,10,False,False,False,3e-06,0.6,6,10,False,False
NonOverlappingTemplate,NonOverlappingTemplate,False,3e-06,0.5,5,10,False,False,False,3e-06,0.5,5,10,False,False
NonOverlappingTemplate,NonOverlappingTemplate,False,3e-06,0.5,5,10,False,False,False,0.0,0.5,5,10,False,False
NonOverlappingTemplate,NonOverlappingTemplate,False,3e-06,0.5,5,10,False,False,False,0.0,0.5,5,10,False,False
NonOverlappingTemplate,NonOverlappingTemplate,False,3e-06,0.5,5,10,False,False,False,8.9e-05,0.6,6,10,False,False
NonOverlappingTemplate,NonOverlappingTemplate,False,3e-06,0.5,5,10,False,False,False,8.9e-05,0.6,6,10,False,False
NonOverlappingTemplate,NonOverlappingTemplate,False,3e-06,0.5,5,10,False,False,False,0.0,0.5,5,10,False,False
NonOverlappingTemplate,NonOverlappingTemplate,False,3e-06,0.5,5,10,False,False,False,3e-06,0.5,5,10,False,False
NonOverlappingTemplate,NonOverlappingTemplate,False,3e-06,0.5,5,10,False,False,False,3e-06,0.6,6,10,False,False
NonOverlappingTemplate,NonOverlappingTemplate,False,3e-06,0.5,5,10,False,False,False,3e-06,0.5,5,10,False,False
NonOverlappingTemplate,NonOverlappingTemplate,False,3e-06,0.5,5,10,False,False,False,3e-06,0.4,4,10,False,False
NonOverlappingTemplate,NonOverlappingTemplate,False,3e-06,0.5,5,10,False,False,False,3e-06,0.7,7,10,False,False
NonOverlappingTemplate,NonOverlappingTemplate,False,3e-06,0.5,5,10,False,False,False,3e-06,0.6,6,10,False,False
NonOverlappingTemplate,NonOverlappingTemplate,False,3e-06,0.5,5,10,False,False,False,3e-06,0.6,6,10,False,False
NonOverlappingTemplate,NonOverlappingTemplate,False,4e-05,0.5,5,10,False,False,False,3e-06,0.5,5,10,False,False
NonOverlappingTemplate,NonOverlappingTemplate,False,4e-05,0.5,5,10,False,False,False,0.0,0.5,5,10,False,False
NonOverlappingTemplate,NonOverlappingTemplate,False,4e-05,0.5,5,10,False,False,False,0.0,0.5,5,10,False,False
NonOverlappingTemplate,NonOverlappingTemplate,False,4e-05,0.5,5,10,False,False,False,8.9e-05,0.6,6,10,False,False
NonOverlappingTemplate,NonOverlappingTemplate,False,4e-05,0.5,5,10,False,False,False,8.9e-05,0.6,6,10,False,False
NonOverlappingTemplate,NonOverlappingTemplate,False,4e-05,0.5,5,10,False,False,False,0.0,0.5,5,10,False,False
NonOverlappingTemplate,NonOverlappingTemplate,False,4e-05,0.5,5,10,False,False,False,3e-06,0.5,5,10,False,False
NonOverlappingTemplate,NonOverlappingTemplate,False,4e-05,0.5,5,10,False,False,False,3e-06,0.6,6,10,False,False
NonOverlappingTemplate,NonOverlappingTemplate,False,4e-05,0.5,5,10,False,False,False,3e-06,0.5,5,10,False,False
NonOverlappingTemplate,NonOverlappingTemplate,False,4e-05,0.5,5,10,False,False,False,3e-06,0.4,4,10,False,False
NonOverlappingTemplate,NonOverlappingTemplate,False,4e-05,0.5,5,10,False,False,False,3e-06,0.7,7,10,False,False
NonOverlappingTemplate,NonOverlappingTemplate,False,4e-05,0.5,5,10,False,False,False,3e-06,0.6,6,10,False,False
NonOverlappingTemplate,NonOverlappingTemplate,False,4e-05,0.5,5,10,False,False,False,3e-06,0.6,6,10,False,False
NonOverlappingTemplate,NonOverlappingTemplate,False,0.0,0.2,2,10,False,False,False,3e-06,0.5,5,10,False,False
NonOverlappingTemplate,NonOverlappingTemplate,False,0.0,0.2,2,10,False,False,False,0.0,0.5,5,10,False,False
NonOverlappingTemplate,NonOverlappingTemplate,False,0.0,0.2,2,10,False,False,False,0.0,0.5,5,10,False,False
NonOverlappingTemplate,NonOverlappingTemplate,False,0.0,0.2,2,10,False,False,False,8.9e-05,0.6,6,10,False,False
NonOverlappingTemplate,NonOverlappingTemplate,False,0.0,0.2,2,10,False,False,False,8.9e-05,0.6,6,10,False,False
NonOverlappingTemplate,NonOverlappingTemplate,False,0.0,0.2,2,10,False,False,False,0.0,0.5,5,10,False,False
NonOverlappingTemplate,NonOverlappingTemplate,False,0.0,0.2,2,10,False,False,False,3e-06,0.5,5,10,False,False
NonOverlappingTemplate,NonOverlappingTemplate,False,0.0,0.2,2,10,False,False,False,3e-06,0.6,6,10,False,False
NonOverlappingTemplate,NonOverlappingTemplate,False,0.0,0.2,2,10,False,False,False,3e-06,0.5,5,10,False,False
NonOverlappingTemplate,NonOverlappingTemplate,False,0.0,0.2,2,10,False,False,False,3e-06,0.4,4,10,False,False
NonOverlappingTemplate,NonOverlappingTemplate,False,0.0,0.2,2,10,False,False,False,3e-06,0.7,7,10,False,False
NonOverlappingTemplate,NonOverlappingTemplate,False,0.0,0.2,2,10,False,False,False,3e-06,0.6,6,10,False,False
NonOverlappingTemplate,NonOverlappingTemplate,False,0.0,0.2,2,10,False,False,False,3e-06,0.6,6,10,False,False
NonOverlappingTemplate,NonOverlappingTemplate,False,0.0,0.2,2,10,False,False,False,3e-06,0.5,5,10,False,False
NonOverlappingTemplate,NonOverlappingTemplate,False,0.0,0.2,2,10,False,False,False,0.0,0.5,5,10,False,False
NonOverlappingTemplate,NonOverlappingTemplate,False,0.0,0.2,2,10,False,False,False,0.0,0.5,5,10,False,False
NonOverlappingTemplate,NonOverlappingTemplate,False,0.0,0.2,2,10,False,False,False,8.9e-05,0.6,6,10,False,False
NonOverlappingTemplate,NonOverlappingTemplate,False,0.0,0.2,2,10,False,False,False,8.9e-05,0.6,6,10,False,False
NonOverlappingTemplate,NonOverlappingTemplate,False,0.0,0.2,2,10,False,False,False,0.0,0.5,5,10,False,False
NonOverlappingTemplate,NonOverlappingTemplate,False,0.0,0.2,2,10,False,False,False,3e-06,0.5,5,10,False,False
NonOverlappingTemplate,NonOverlappingTemplate,False,0.0,0.2,2,10,False,False,False,3e-06,0.6,6,10,False,False
NonOverlappingTemplate,NonOverlappingTemplate,False,0.0,0.2,2,10,False,False,False,3e-06,0.5,5,10,False,False
NonOverlappingTemplate,NonOverlappingTemplate,False,0.0,0.2,2,10,False,False,False,3e-06,0.4,4,10,False,False
NonOverlappingTemplate,NonOverlappingTemplate,False,0.0,0.2,2,10,False,False,False,3e-06,0.7,7,10,False,False
NonOverlappingTemplate,NonOverlappingTemplate,False,0.0,0.2,2,10,False,False,False,3e-06,0.6,6,10,False,False
NonOverlappingTemplate,NonOverlappingTemplate,False,0.0,0.2,2,10,False,False,False,3e-06,0.6,6,10,False,False
NonOverlappingTemplate,NonOverlappingTemplate,False,0.0,0.1,1,10,False,False,False,3e-06,0.5,5,10,False,False
NonOverlappingTemplate,NonOverlappingTemplate,False,0.0,0.1,1,10,False,False,False,0.0,0.5,5,10,False,False
NonOverlappingTemplate,NonOverlappingTemplate,False,0.0,0.1,1,10,False,False,False,0.0,0.5,5,10,False,False
NonOverlappingTemplate,NonOverlappingTemplate,False,0.0,0.1,1,10,False,False,False,8.9e-05,0.6,6,10,False,False
NonOverlappingTemplate,NonOverlappingTemplate,False,0.0,0.1,1,10,False,False,False,8.9e-05,0.6,6,10,False,False
NonOverlappingTemplate,NonOverlappingTemplate,False,0.0,0.1,1,10,False,False,False,0.0,0.5,5,10,False,False
NonOverlappingTemplate,NonOverlappingTemplate,False,0.0,0.1,1,10,False,False,False,3e-06,0.5,5,10,False,False
NonOverlappingTemplate,NonOverlappingTemplate,False,0.0,0.1,1,10,False,False,False,3e-06,0.6,6,10,False,False
NonOverlappingTemplate,NonOverlappingTemplate,False,0.0,0.1,1,10,False,False,False,3e-06,0.5,5,10,False,False
NonOverlappingTemplate,NonOverlappingTemplate,False,0.0,0.1,1,10,False,False,False,3e-06,0.4,4,10,False,False
NonOverlappingTemplate,NonOverlappingTemplate,False,0.0,0.1,1,10,False,False,False,3e-06,0.7,7,10,False,False
NonOverlappingTemplate,NonOverlappingTemplate,False,0.0,0.1,1,10,False,False,False,3e-06,0.6,6,10,False,False
NonOverlappingTemplate,NonOverlappingTemplate,False,0.0,0.1,1,10,False,False,False,3e-06,0.6,6,10,False,False
NonOverlappingTemplate,NonOverlappingTemplate,False,0.0,0.3,3,10,False,False,False,3e-06,0.5,5,10,False,False
NonOverlappingTemplate,NonOverlappingTemplate,False,0.0,0.3,3,10,False,False,False,0.0,0.5,5,10,False,False
NonOverlappingTemplate,NonOverlappingTemplate,False,0.0,0.3,3,10,False,False,False,0.0,0.5,5,10,False,False
NonOverlappingTemplate,NonOverlappingTemplate,False,0.0,0.3,3,10,False,False,False,8.9e-05,0.6,6,10,False,False
NonOverlappingTemplate,NonOverlappingTemplate,False,0.0,0.3,3,10,False,False,False,8.9e-05,0.6,6,10,False,False
NonOverlappingTemplate,NonOverlappingTemplate,False,0.0,0.3,3,10,False,False,False,0.0,0.5,5,10,False,False
NonOverlappingTemplate,NonOverlappingTemplate,False,0.0,0.3,3,10,False,False,False,3e-06,0.5,5,10,False,False
NonOverlappingTemplate,NonOverlappingTemplate,False,0.0,0.3,3,10,False,False,False,3e-06,0.6,6,10,False,False
NonOverlappingTemplate,NonOverlappingTemplate,False,0.0,0.3,3,10,False,False,False,3e-06,0.5,5,10,False,False
NonOverlappingTemplate,NonOverlappingTemplate,False,0.0,0.3,3,10,False,False,False,3e-06,0.4,4,10,False,False
NonOverlappingTemplate,NonOverlappingTemplate,False,0.0,0.3,3,10,False,False,False,3e-06,0.7,7,10,False,False
NonOverlappingTemplate,NonOverlappingTemplate,False,0.0,0.3,3,10,False,False,False,3e-06,0.6,6,10,False,False
NonOverlappingTemplate,NonOverlappingTemplate,False,0.0,0.3,3,10,False,False,False,3e-06,0.6,6,10,False,False
NonOverlappingTemplate,NonOverlappingTemplate,False,0.0,0.4,4,10,False,False,False,3e-06,0.5,5,10,False,False
NonOverlappingTemplate,NonOverlappingTemplate,False,0.0,0.4,4,10,False,False,False,0.0,0.5,5,10,False,False
NonOverlappingTemplate,NonOverlappingTemplate,False,0.0,0.4,4,10,False,False,False,0.0,0.5,5,10,False,False
NonOverlappingTemplate,NonOverlappingTemplate,False,0.0,0.4,4,10,False,False,False,8.9e-05,0.6,6,10,False,False
NonOverlappingTemplate,NonOverlappingTemplate,False,0.0,0.4,4,10,False,False,False,8.9e-05,0.6,6,10,False,False
NonOverlappingTemplate,NonOverlappingTemplate,False,0.0,0.4,4,10,False,False,False,0.0,0.5,5,10,False,False
NonOverlappingTemplate,NonOverlappingTemplate,False,0.0,0.4,4,10,False,False,False,3e-06,0.5,5,10,False,False
NonOverlappingTemplate,NonOverlappingTemplate,False,0.0,0.4,4,10,False,False,False,3e-06,0.6,6,10,False,False
NonOverlappingTemplate,NonOverlappingTemplate,False,0.0,0.4,4,10,False,False,False,3e-06,0.5,5,10,False,False
NonOverlappingTemplate,NonOverlappingTemplate,False,0.0,0.4,4,10,False,False,False,3e-06,0.4,4,10,False,False
NonOverlappingTemplate,NonOverlappingTemplate,False,0.0,0.4,4,10,False,False,False,3e-06,0.7,7,10,False,False
NonOverlappingTemplate,NonOverlappingTemplate,False,0.0,0.4,4,10,False,False,False,3e-06,0.6,6,10,False,False
NonOverlappingTemplate,NonOverlappingTemplate,False,0.0,0.4,4,10,False,False,False,3e-06,0.6,6,10,False,False
NonOverlappingTemplate,NonOverlappingTemplate,False,0.0,0.2,2,10,False,False,False,3e-06,0.5,5,10,False,False
NonOverlappingTemplate,NonOverlappingTemplate,False,0.0,0.2,2,10,False,False,False,0.0,0.5,5,10,False,False
NonOverlappingTemplate,NonOverlappingTemplate,False,0.0,0.2,2,10,False,False,False,0.0,0.5,5,10,False,False
NonOverlappingTemplate,NonOverlappingTemplate,False,0.0,0.2,2,10,False,False,False,8.9e-05,0.6,6,10,False,False
NonOverlappingTemplate,NonOverlappingTemplate,False,0.0,0.2,2,10,False,False,False,8.9e-05,0.6,6,10,False,False
NonOverlappingTemplate,NonOverlappingTemplate,False,0.0,0.2,2,10,False,False,False,0.0,0.5,5,10,False,False
NonOverlappingTemplate,NonOverlappingTemplate,False,0.0,0.2,2,10,False,False,False,3e-06,0.5,5,10,False,False
NonOverlappingTemplate,NonOverlappingTemplate,False,0.0,0.2,2,10,False,False,False,3e-06,0.6,6,10,False,False
NonOverlappingTemplate,NonOverlappingTemplate,False,0.0,0.2,2,10,False,False,False,3e-06,0.5,5,10,False,False
NonOverlappingTemplate,NonOverlappingTemplate,False,0.0,0.2,2,10,False,False,False,3e-06,0.4,4,10,False,False
NonOverlappingTemplate,NonOverlappingTemplate,False,0.0,0.2,2,10,False,False,False,3e-06,0.7,7,10,False,False
NonOverlappingTemplate,NonOverlappingTemplate,False,0.0,0.2,2,10,False,False,False,3e-06,0.6,6,10,False,False
NonOverlappingTemplate,NonOverlappingTemplate,False,0.0,0.2,2,10,False,False,False,3e-06,0.6,6,10,False,False
NonOverlappingTemplate,NonOverlappingTemplate,False,3e-06,0.5,5,10,False,False,False,3e-06,0.5,5,10,False,False
NonOverlappingTemplate,NonOverlappingTemplate,False,3e-06,0.5,5,10,False,False,False,0.0,0.5,5,10,False,False
NonOverlappingTemplate,NonOverlappingTemplate,False,3e-06,0.5,5,10,False,False,False,0.0,0.5,5,10,False,False
NonOverlappingTemplate,NonOverlappingTemplate,False,3e-06,0.5,5,10,False,False,False,8.9e-05,0.6,6,10,False,False
NonOverlappingTemplate,NonOverlappingTemplate,False,3e-06,0.5,5,10,False,False,False,8.9e-05,0.6,6,10,False,False
NonOverlappingTemplate,NonOverlappingTemplate,False,3e-06,0.5,5,10,False,False,False,0.0,0.5,5,10,False,False
NonOverlappingTemplate,NonOverlappingTemplate,False,3e-06,0.5,5,10,False,False,False,3e-06,0.5,5,10,False,False
NonOverlappingTemplate,NonOverlappingTemplate,False,3e-06,0.5,5,10,False,False,False,3e-06,0.6,6,10,False,False
NonOverlappingTemplate,NonOverlappingTemplate,False,3e-06,0.5,5,10,False,False,False,3e-06,0.5,5,10,False,False
NonOverlappingTemplate,NonOverlappingTemplate,False,3e-06,0.5,5,10,False,False,False,3e-06,0.4,4,10,False,False
NonOverlappingTemplate,NonOverlappingTemplate,False,3e-06,0.5,5,10,False,False,False,3e-06,0.7,7,10,False,False
NonOverlappingTemplate,NonOverlappingTemplate,False,3e-06,0.5,5,10,False,False,False,3e-06,0.6,6,10,False,False
NonOverlappingTemplate,NonOverlappingTemplate,False,3e-06,0.5,5,10,False,False,False,3e-06,0.6,6,10,False,False
NonOverlappingTemplate,NonOverlappingTemplate,False,0.0,0.1,1,10,False,False,False,3e-06,0.5,5,10,False,False
NonOverlappingTemplate,NonOverlappingTemplate,False,0.0,0.1,1,10,False,False,False,0.0,0.5,5,10,False,False
NonOverlappingTemplate,NonOverlappingTemplate,False,0.0,0.1,1,10,False,False,False,0.0,0.5,5,10,False,False
NonOverlappingTemplate,NonOverlappingTemplate,False,0.0,0.1,1,10,False,False,False,8.9e-05,0.6,6,10,False,False
NonOverlappingTemplate,NonOverlappingTemplate,False,0.0,0.1,1,10,False,False,False,8.9e-05,0.6,6,10,False,False
NonOverlappingTemplate,NonOverlappingTemplate,False,0.0,0.1,1,10,False,False,False,0.0,0.5,5,10,False,False
NonOverlappingTemplate,NonOverlappingTemplate,False,0.0,0.1,1,10,False,False,False,3e-06,0.5,5,10,False,False
NonOverlappingTemplate,NonOverlappingTemplate,False,0.0,0.1,1,10,False,False,False,3e-06,0.6,6,10,False,False
NonOverlappingTemplate,NonOverlappingTemplate,False,0.0,0.1,1,10,False,False,False,3e-06,0.5,5,10,False,False
NonOverlappingTemplate,NonOverlappingTemplate,False,0.0,0.1,1,10,False,False,False,3e-06,0.4,4,10,False,False
NonOverlappingTemplate,NonOverlappingTemplate,False,0.0,0.1,1,10,False,False,False,3e-06,0.7,7,10,False,False
NonOverlappingTemplate,NonOverlappingTemplate,False,0.0,0.1,1,10,False,False,False,3e-06,0.6,6,10,False,False
NonOverlappingTemplate,NonOverlappingTemplate,False,0.0,0.1,1,10,False,False,False,3e-06,0.6,6,10,False,False
NonOverlappingTemplate,NonOverlappingTemplate,False,0.0,0.1,1,10,False,False,False,3e-06,0.5,5,10,False,False
NonOverlappingTemplate,NonOverlappingTemplate,False,0.0,0.1,1,10,False,False,False,0.0,0.5,5,10,False,False
NonOverlappingTemplate,NonOverlappingTemplate,False,0.0,0.1,1,10,False,False,False,0.0,0.5,5,10,False,False
NonOverlappingTemplate,NonOverlappingTemplate,False,0.0,0.1,1,10,False,False,False,8.9e-05,0.6,6,10,False,False
NonOverlappingTemplate,NonOverlappingTemplate,False,0.0,0.1,1,10,False,False,False,8.9e-05,0.6,6,10,False,False
NonOverlappingTemplate,NonOverlappingTemplate,False,0.0,0.1,1,10,False,False,False,0.0,0.5,5,10,False,False
NonOverlappingTemplate,NonOverlappingTemplate,False,0.0,0.1,1,10,False,False,False,3e-06,0.5,5,10,False,False
NonOverlappingTemplate,NonOverlappingTemplate,False,0.0,0.1,1,10,False,False,False,3e-06,0.6,6,10,False,False
NonOverlappingTemplate,NonOverlappingTemplate,False,0.0,0.1,1,10,False,False,False,3e-06,0.5,5,10,False,False
NonOverlappingTemplate,NonOverlappingTemplate,False,0.0,0.1,1,10,False,False,False,3e-06,0.4,4,10,False,False
NonOverlappingTemplate,NonOverlappingTemplate,False,0.0,0.1,1,10,False,False,False,3e-06,0.7,7,10,False,False
NonOverlappingTemplate,NonOverlappingTemplate,False,0.0,0.1,1,10,False,False,False,3e-06,0.6,6,10,False,False
NonOverlappingTemplate,NonOverlappingTemplate,False,0.0,0.1,1,10,False,False,False,3e-06,0.6,6,10,False,False
NonOverlappingTemplate,NonOverlappingTemplate,False,0.0,0.4,4,10,False,False,False,3e-06,0.5,5,10,False,False
NonOverlappingTemplate,NonOverlappingTemplate,False,0.0,0.4,4,10,False,False,False,0.0,0.5,5,10,False,False
NonOverlappingTemplate,NonOverlappingTemplate,False,0.0,0.4,4,10,False,False,False,0.0,0.5,5,10,False,False
NonOverlappingTemplate,NonOverlappingTemplate,False,0.0,0.4,4,10,False,False,False,8.9e-05,0.6,6,10,False,False
NonOverlappingTemplate,NonOverlappingTemplate,False,0.0,0.4,4,10,False,False,False,8.9e-05,0.6,6,10,False,False
NonOverlappingTemplate,NonOverlappingTemplate,False,0.0,0.4,4,10,False,False,False,0.0,0.5,5,10,False,False
NonOverlappingTemplate,NonOverlappingTemplate,False,0.0,0.4,4,10,False,False,False,3e-06,0.5,5,10,False,False
NonOverlappingTemplate,NonOverlappingTemplate,False,0.0,0.4,4,10,False,False,False,3e-06,0.6,6,10,False,False
NonOverlappingTemplate,NonOverlappingTemplate,False,0.0,0.4,4,10,False,False,False,3e-06,0.5,5,10,False,False
NonOverlappingTemplate,NonOverlappingTemplate,False,0.0,0.4,4,10,False,False,False,3e-06,0.4,4,10,False,False
NonOverlappingTemplate,NonOverlappingTemplate,False,0.0,0.4,4,10,False,False,False,3e-06,0.7,7,10,False,False
NonOverlappingTemplate,NonOverlappingTemplate,False,0.0,0.4,4,10,False,False,False,3e-06,0.6,6,10,False,False
NonOverlappingTemplate,NonOverlappingTemplate,False,0.0,0.4,4,10,False,False,False,3e-06,0.6,6,10,False,False
NonOverlappingTemplate,NonOverlappingTemplate,False,0.0,0.1,1,10,False,False,False,3e-06,0.5,5,10,False,False
NonOverlappingTemplate,NonOverlappingTemplate,False,0.0,0.1,1,10,False,False,False,0.0,0.5,5,10,False,False
NonOverlappingTemplate,NonOverlappingTemplate,False,0.0,0.1,1,10,False,False,False,0.0,0.5,5,10,False,False
NonOverlappingTemplate,NonOverlappingTemplate,False,0.0,0.1,1,10,False,False,False,8.9e-05,0.6,6,10,False,False
NonOverlappingTemplate,NonOverlappingTemplate,False,0.0,0.1,1,10,False,False,False,8.9e-05,0.6,6,10,False,False
NonOverlappingTemplate,NonOverlappingTemplate,False,0.0,0.1,1,10,False,False,False,0.0,0.5,5,10,False,False
NonOverlappingTemplate,NonOverlappingTemplate,False,0.0,0.1,1,10,False,False,False,3e-06,0.5,5,10,False,False
NonOverlappingTemplate,NonOverlappingTemplate,False,0.0,0.1,1,10,False,False,False,3e-06,0.6,6,10,False,False
NonOverlappingTemplate,NonOverlappingTemplate,False,0.0,0.1,1,10,False,False,False,3e-06,0.5,5,10,False,False
NonOverlappingTemplate,NonOverlappingTemplate,False,0.0,0.1,1,10,False,False,False,3e-06,0.4,4,10,False,False
NonOverlappingTemplate,NonOverlappingTemplate,False,0.0,0.1,1,10,False,False,False,3e-06,0.7,7,10,False,False
NonOverlappingTemplate,NonOverlappingTemplate,False,0.0,0.1,1,10,False,False,False,3e-06,0.6,6,10,False,False
NonOverlappingTemplate,NonOverlappingTemplate,False,0.0,0.1,1,10,False,False,False,3e-06,0.6,6,10,False,False
NonOverlappingTemplate,NonOverlappingTemplate,False,0.0,0.2,2,10,False,False,False,3e-06,0.5,5,10,False,False
NonOverlappingTemplate,NonOverlappingTemplate,False,0.0,0.2,2,10,False,False,False,0.0,0.5,5,10,False,False
NonOverlappingTemplate,NonOverlappingTemplate,False,0.0,0.2,2,10,False,False,False,0.0,0.5,5,10,False,False
NonOverlappingTemplate,NonOverlappingTemplate,False,0.0,0.2,2,10,False,False,False,8.9e-05,0.6,6,10,False,False
NonOverlappingTemplate,NonOverlappingTemplate,False,0.0,0.2,2,10,False,False,False,8.9e-05,0.6,6,10,False,False
NonOverlappingTemplate,NonOverlappingTemplate,False,0.0,0.2,2,10,False,False,False,0.0,0.5,5,10,False,False
NonOverlappingTemplate,NonOverlappingTemplate,False,0.0,0.2,2,10,False,False,False,3e-06,0.5,5,10,False,False
NonOverlappingTemplate,NonOverlappingTemplate,False,0.0,0.2,2,10,False,False,False,3e-06,0.6,6,10,False,False
NonOverlappingTemplate,NonOverlappingTemplate,False,0.0,0.2,2,10,False,False,False,3e-06,0.5,5,10,False,False
NonOverlappingTemplate,NonOverlappingTemplate,False,0.0,0.2,2,10,False,False,False,3e-06,0.4,4,10,False,False
NonOverlappingTemplate,NonOverlappingTemplate,False,0.0,0.2,2,10,False,False,False,3e-06,0.7,7,10,False,False
NonOverlappingTemplate,NonOverlappingTemplate,False,0.0,0.2,2,10,False,False,False,3e-06,0.6,6,10,False,False
NonOverlappingTemplate,NonOverlappingTemplate,False,0.0,0.2,2,10,False,False,False,3e-06,0.6,6,10,False,False
NonOverlappingTemplate,NonOverlappingTemplate,False,3e-06,0.5,5,10,False,False,False,3e-06,0.5,5,10,False,False
NonOverlappingTemplate,NonOverlappingTemplate,False,3e-06,0.5,5,10,False,False,False,0.0,0.5,5,10,False,False
NonOverlappingTemplate,NonOverlappingTemplate,False,3e-06,0.5,5,10,False,False,False,0.0,0.5,5,10,False,False
NonOverlappingTemplate,NonOverlappingTemplate,False,3e-06,0.5,5,10,False,False,False,8.9e-05,0.6,6,10,False,False
NonOverlappingTemplate,NonOverlappingTemplate,False,3e-06,0.5,5,10,False,False,False,8.9e-05,0.6,6,10,False,False
NonOverlappingTemplate,NonOverlappingTemplate,False,3e-06,0.5,5,10,False,False,False,0.0,0.5,5,10,False,False
NonOverlappingTemplate,NonOverlappingTemplate,False,3e-06,0.5,5,10,False,False,False,3e-06,0.5,5,10,False,False
NonOverlappingTemplate,NonOverlappingTemplate,False,3e-06,0.5,5,10,False,False,False,3e-06,0.6,6,10,False,False
NonOverlappingTemplate,NonOverlappingTemplate,False,3e-06,0.5,5,10,False,False,False,3e-06,0.5,5,10,False,False
NonOverlappingTemplate,NonOverlappingTemplate,False,3e-06,0.5,5,10,False,False,False,3e-06,0.4,4,10,False,False
NonOverlappingTemplate,NonOverlappingTemplate,False,3e-06,0.5,5,10,False,False,False,3e-06,0.7,7,10,False,False
NonOverlappingTemplate,NonOverlappingTemplate,False,3e-06,0.5,5,10,False,False,False,3e-06,0.6,6,10,False,False
NonOverlappingTemplate,NonOverlappingTemplate,False,3e-06,0.5,5,10,False,False,False,3e-06,0.6,6,10,False,False
NonOverlappingTemplate,NonOverlappingTemplate,False,0.0,0.2,2,10,False,False,False,3e-06,0.5,5,10,False,False
NonOverlappingTemplate,NonOverlappingTemplate,False,0.0,0.2,2,10,False,False,False,0.0,0.5,5,10,False,False
NonOverlappingTemplate,NonOverlappingTemplate,False,0.0,0.2,2,10,False,False,False,0.0,0.5,5,10,False,False
NonOverlappingTemplate,NonOverlappingTemplate,False,0.0,0.2,2,10,False,False,False,8.9e-05,0.6,6,10,False,False
NonOverlappingTemplate,NonOverlappingTemplate,False,0.0,0.2,2,10,False,False,False,8.9e-05,0.6,6,10,False,False
NonOverlappingTemplate,NonOverlappingTemplate,False,0.0,0.2,2,10,False,False,False,0.0,0.5,5,10,False,False
NonOverlappingTemplate,NonOverlappingTemplate,False,0.0,0.2,2,10,False,False,False,3e-06,0.5,5,10,False,False
NonOverlappingTemplate,NonOverlappingTemplate,False,0.0,0.2,2,10,False,False,False,3e-06,0.6,6,10,False,False
NonOverlappingTemplate,NonOverlappingTemplate,False,0.0,0.2,2,10,False,False,False,3e-06,0.5,5,10,False,False
NonOverlappingTemplate,NonOverlappingTemplate,False,0.0,0.2,2,10,False,False,False,3e-06,0.4,4,10,False,False
NonOverlappingTemplate,NonOverlappingTemplate,False,0.0,0.2,2,10,False,False,False,3e-06,0.7,7,10,False,False
NonOverlappingTemplate,NonOverlappingTemplate,False,0.0,0.2,2,10,False,False,False,3e-06,0.6,6,10,False,False
NonOverlappingTemplate,NonOverlappingTemplate,False,0.0,0.2,2,10,False,False,False,3e-06,0.6,6,10,False,False
NonOverlappingTemplate,NonOverlappingTemplate,False,0.0,0.3,3,10,False,False,False,3e-06,0.5,5,10,False,False
NonOverlappingTemplate,NonOverlappingTemplate,False,0.0,0.3,3,10,False,False,False,0.0,0.5,5,10,False,False
NonOverlappingTemplate,NonOverlappingTemplate,False,0.0,0.3,3,10,False,False,False,0.0,0.5,5,10,False,False
NonOverlappingTemplate,NonOverlappingTemplate,False,0.0,0.3,3,10,False,False,False,8.9e-05,0.6,6,10,False,False
NonOverlappingTemplate,NonOverlappingTemplate,False,0.0,0.3,3,10,False,False,False,8.9e-05,0.6,6,10,False,False
NonOverlappingTemplate,NonOverlappingTemplate,False,0.0,0.3,3,10,False,False,False,0.0,0.5,5,10,False,False
NonOverlappingTemplate,NonOverlappingTemplate,False,0.0,0.3,3,10,False,False,False,3e-06,0.5,5,10,False,False
NonOverlappingTemplate,NonOverlappingTemplate,False,0.0,0.3,3,10,False,False,False,3e-06,0.6,6,10,False,False
NonOverlappingTemplate,NonOverlappingTemplate,False,0.0,0.3,3,10,False,False,False,3e-06,0.5,5,10,False,False
NonOverlappingTemplate,NonOverlappingTemplate,False,0.0,0.3,3,10,False,False,False,3e-06,0.4,4,10,False,False
NonOverlappingTemplate,NonOverlappingTemplate,False,0.0,0.3,3,10,False,False,False,3e-06,0.7,7,10,False,False
NonOverlappingTemplate,NonOverlappingTemplate,False,0.0,0.3,3,10,False,False,False,3e-06,0.6,6,10,False,False
NonOverlappingTemplate,NonOverlappingTemplate,False,0.0,0.3,3,10,False,False,False,3e-06,0.6,6,10,False,False
NonOverlappingTemplate,NonOverlappingTemplate,False,1e-06,0.6,6,10,False,False,False,3e-06,0.5,5,10,False,False
NonOverlappingTemplate,NonOverlappingTemplate,False,1e-06,0.6,6,10,False,False,False,0.0,0.5,5,10,False,False
NonOverlappingTemplate,NonOverlappingTemplate,False,1e-06,0.6,6,10,False,False,False,0.0,0.5,5,10,False,False
NonOverlappingTemplate,NonOverlappingTemplate,False,1e-06,0.6,6,10,False,False,False,8.9e-05,0.6,6,10,False,False
NonOverlappingTemplate,NonOverlappingTemplate,False,1e-06,0.6,6,10,False,False,False,8.9e-05,0.6,6,10,False,False
NonOverlappingTemplate,NonOverlappingTemplate,False,1e-06,0.6,6,10,False,False,False,0.0,0.5,5,10,False,False
NonOverlappingTemplate,NonOverlappingTemplate,False,1e-06,0.6,6,10,False,False,False,3e-06,0.5,5,10,False,False
NonOverlappingTemplate,NonOverlappingTemplate,False,1e-06,0.6,6,10,False,False,False,3e-06,0.6,6,10,False,False
NonOverlappingTemplate,NonOverlappingTemplate,False,1e-06,0.6,6,10,False,False,False,3e-06,0.5,5,10,False,False
NonOverlappingTemplate,NonOverlappingTemplate,False,1e-06,0.6,6,10,False,False,False,3e-06,0.4,4,10,False,False
NonOverlappingTemplate,NonOverlappingTemplate,False,1e-06,0.6,6,10,False,False,False,3e-06,0.7,7,10,False,False
NonOverlappingTemplate,NonOverlappingTemplate,False,1e-06,0.6,6,10,False,False,False,3e-06,0.6,6,10,False,False
NonOverlappingTemplate,NonOverlappingTemplate,False,1e-06,0.6,6,10,False,False,False,3e-06,0.6,6,10,False,False
NonOverlappingTemplate,NonOverlappingTemplate,False,0.0,0.2,2,10,False,False,False,3e-06,0.5,5,10,False,False
NonOverlappingTemplate,NonOverlappingTemplate,False,0.0,0.2,2,10,False,False,False,0.0,0.5,5,10,False,False
NonOverlappingTemplate,NonOverlappingTemplate,False,0.0,0.2,2,10,False,False,False,0.0,0.5,5,10,False,False
NonOverlappingTemplate,NonOverlappingTemplate,False,0.0,0.2,2,10,False,False,False,8.9e-05,0.6,6,10,False,False
NonOverlappingTemplate,NonOverlappingTemplate,False,0.0,0.2,2,10,False,False,False,8.9e-05,0.6,6,10,False,False
NonOverlappingTemplate,NonOverlappingTemplate,False,0.0,0.2,2,10,False,False,False,0.0,0.5,5,10,False,False
NonOverlappingTemplate,NonOverlappingTemplate,False,0.0,0.2,2,10,False,False,False,3e-06,0.5,5,10,False,False
NonOverlappingTemplate,NonOverlappingTemplate,False,0.0,0.2,2,10,False,False,False,3e-06,0.6,6,10,False,False
NonOverlappingTemplate,NonOverlappingTemplate,False,0.0,0.2,2,10,False,False,False,3e-06,0.5,5,10,False,False
NonOverlappingTemplate,NonOverlappingTemplate,False,0.0,0.2,2,10,False,False,False,3e-06,0.4,4,10,False,False
NonOverlappingTemplate,NonOverlappingTemplate,False,0.0,0.2,2,10,False,False,False,3e-06,0.7,7,10,False,False
NonOverlappingTemplate,NonOverlappingTemplate,False,0.0,0.2,2,10,False,False,False,3e-06,0.6,6,10,False,False
NonOverlappingTemplate,NonOverlappingTemplate,False,0.0,0.2,2,10,False,False,False,3e-06,0.6,6,10,False,False
NonOverlappingTemplate,NonOverlappingTemplate,False,0.0,0.3,3,10,False,False,False,3e-06,0.5,5,10,False,False
NonOverlappingTemplate,NonOverlappingTemplate,False,0.0,0.3,3,10,False,False,False,0.0,0.5,5,10,False,False
NonOverlappingTemplate,NonOverlappingTemplate,False,0.0,0.3,3,10,False,False,False,0.0,0.5,5,10,False,False
NonOverlappingTemplate,NonOverlappingTemplate,False,0.0,0.3,3,10,False,False,False,8.9e-05,0.6,6,10,False,False
NonOverlappingTemplate,NonOverlappingTemplate,False,0.0,0.3,3,10,False,False,False,8.9e-05,0.6,6,10,False,False
NonOverlappingTemplate,NonOverlappingTemplate,False,0.0,0.3,3,10,False,False,False,0.0,0.5,5,10,False,False
NonOverlappingTemplate,NonOverlappingTemplate,False,0.0,0.3,3,10,False,False,False,3e-06,0.5,5,10,False,False
NonOverlappingTemplate,NonOverlappingTemplate,False,0.0,0.3,3,10,False,False,False,3e-06,0.6,6,10,False,False
NonOverlappingTemplate,NonOverlappingTemplate,False,0.0,0.3,3,10,False,False,False,3e-06,0.5,5,10,False,False
NonOverlappingTemplate,NonOverlappingTemplate,False,0.0,0.3,3,10,False,False,False,3e-06,0.4,4,10,False,False
NonOverlappingTemplate,NonOverlappingTemplate,False,0.0,0.3,3,10,False,False,False,3e-06,0.7,7,10,False,False
NonOverlappingTemplate,NonOverlappingTemplate,False,0.0,0.3,3,10,False,False,False,3e-06,0.6,6,10,False,False
NonOverlappingTemplate,NonOverlappingTemplate,False,0.0,0.3,3,10,False,False,False,3e-06,0.6,6,10,False,False
NonOverlappingTemplate,NonOverlappingTemplate,False,0.0,0.1,1,10,False,False,False,3e-06,0.5,5,10,False,False
NonOverlappingTemplate,NonOverlappingTemplate,False,0.0,0.1,1,10,False,False,False,0.0,0.5,5,10,False,False
NonOverlappingTemplate,NonOverlappingTemplate,False,0.0,0.1,1,10,False,False,False,0.0,0.5,5,10,False,False
NonOverlappingTemplate,NonOverlappingTemplate,False,0.0,0.1,1,10,False,False,False,8.9e-05,0.6,6,10,False,False
NonOverlappingTemplate,NonOverlappingTemplate,False,0.0,0.1,1,10,False,False,False,8.9e-05,0.6,6,10,False,False
NonOverlappingTemplate,NonOverlappingTemplate,False,0.0,0.1,1,10,False,False,False,0.0,0.5,5,10,False,False
NonOverlappingTemplate,NonOverlappingTemplate,False,0.0,0.1,1,10,False,False,False,3e-06,0.5,5,10,False,False
NonOverlappingTemplate,NonOverlappingTemplate,False,0.0,0.1,1,10,False,False,False,3e-06,0.6,6,10,False,False
NonOverlappingTemplate,NonOverlappingTemplate,False,0.0,0.1,1,10,False,False,False,3e-06,0.5,5,10,False,False
NonOverlappingTemplate,NonOverlappingTemplate,False,0.0,0.1,1,10,False,False,False,3e-06,0.4,4,10,False,False
NonOverlappingTemplate,NonOverlappingTemplate,False,0.0,0.1,1,10,False,False,False,3e-06,0.7,7,10,False,False
NonOverlappingTemplate,NonOverlappingTemplate,False,0.0,0.1,1,10,False,False,False,3e-06,0.6,6,10,False,False
NonOverlappingTemplate,NonOverlappingTemplate,False,0.0,0.1,1,10,False,False,False,3e-06,0.6,6,10,False,False
NonOverlappingTemplate,NonOverlappingTemplate,False,0.0,0.2,2,10,False,False,False,3e-06,0.5,5,10,False,False
NonOverlappingTemplate,NonOverlappingTemplate,False,0.0,0.2,2,10,False,False,False,0.0,0.5,5,10,False,False
NonOverlappingTemplate,NonOverlappingTemplate,False,0.0,0.2,2,10,False,False,False,0.0,0.5,5,10,False,False
NonOverlappingTemplate,NonOverlappingTemplate,False,0.0,0.2,2,10,False,False,False,8.9e-05,0.6,6,10,False,False
NonOverlappingTemplate,NonOverlappingTemplate,False,0.0,0.2,2,10,False,False,False,8.9e-05,0.6,6,10,False,False
NonOverlappingTemplate,NonOverlappingTemplate,False,0.0,0.2,2,10,False,False,False,0.0,0.5,5,10,False,False
NonOverlappingTemplate,NonOverlappingTemplate,False,0.0,0.2,2,10,False,False,False,3e-06,0.5,5,10,False,False
NonOverlappingTemplate,NonOverlappingTemplate,False,0.0,0.2,2,10,False,False,False,3e-06,0.6,6,10,False,False
NonOverlappingTemplate,NonOverlappingTemplate,False,0.0,0.2,2,10,False,False,False,3e-06,0.5,5,10,False,False
NonOverlappingTemplate,NonOverlappingTemplate,False,0.0,0.2,2,10,False,False,False,3e-06,0.4,4,10,False,False
NonOverlappingTemplate,NonOverlappingTemplate,False,0.0,0.2,2,10,False,False,False,3e-06,0.7,7,10,False,False
NonOverlappingTemplate,NonOverlappingTemplate,False,0.0,0.2,2,10,False,False,False,3e-06,0.6,6,10,False,False
NonOverlappingTemplate,NonOverlappingTemplate,False,0.0,0.2,2,10,False,False,False,3e-06,0.6,6,10,False,False
NonOverlappingTemplate,NonOverlappingTemplate,False,3e-06,0.4,4,10,False,False,False,3e-06,0.5,5,10,False,False
NonOverlappingTemplate,NonOverlappingTemplate,False,3e-06,0.4,4,10,False,False,False,0.0,0.5,5,10,False,False
NonOverlappingTemplate,NonOverlappingTemplate,False,3e-06,0.4,4,10,False,False,False,0.0,0.5,5,10,False,False
NonOverlappingTemplate,NonOverlappingTemplate,False,3e-06,0.4,4,10,False,False,False,8.9e-05,0.6,6,10,False,False
NonOverlappingTemplate,NonOverlappingTemplate,False,3e-06,0.4,4,10,False,False,False,8.9e-05,0.6,6,10,False,False
NonOverlappingTemplate,NonOverlappingTemplate,False,3e-06,0.4,4,10,False,False,False,0.0,0.5,5,10,False,False
NonOverlappingTemplate,NonOverlappingTemplate,False,3e-06,0.4,4,10,False,False,False,3e-06,0.5,5,10,False,False
NonOverlappingTemplate,NonOverlappingTemplate,False,3e-06,0.4,4,10,False,False,False,3e-06,0.6,6,10,False,False
NonOverlappingTemplate,NonOverlappingTemplate,False,3e-06,0.4,4,10,False,False,False,3e-06,0.5,5,10,False,False
NonOverlappingTemplate,NonOverlappingTemplate,False,3e-06,0.4,4,10,False,False,False,3e-06,0.4,4,10,False,False
NonOverlappingTemplate,NonOverlappingTemplate,False,3e-06,0.4,4,10,False,False,False,3e-06,0.7,7,10,False,False
NonOverlappingTemplate,NonOverlappingTemplate,False,3e-06,0.4,4,10,False,False,False,3e-06,0.6,6,10,False,False
NonOverlappingTemplate,NonOverlappingTemplate,False,3e-06,0.4,4,10,False,False,False,3e-06,0.6,6,10,False,False
NonOverlappingTemplate,NonOverlappingTemplate,False,0.0,0.2,2,10,False,False,False,3e-06,0.5,5,10,False,False
NonOverlappingTemplate,NonOverlappingTemplate,False,0.0,0.2,2,10,False,False,False,0.0,0.5,5,10,False,False
NonOverlappingTemplate,NonOverlappingTemplate,False,0.0,0.2,2,10,False,False,False,0.0,0.5,5,10,False,False
NonOverlappingTemplate,NonOverlappingTemplate,False,0.0,0.2,2,10,False,False,False,8.9e-05,0.6,6,10,False,False
NonOverlappingTemplate,NonOverlappingTemplate,False,0.0,0.2,2,10,False,False,False,8.9e-05,0.6,6,10,False,False
NonOverlappingTemplate,NonOverlappingTemplate,False,0.0,0.2,2,10,False,False,False,0.0,0.5,5,10,False,False
NonOverlappingTemplate,NonOverlappingTemplate,False,0.0,0.2,2,10,False,False,False,3e-06,0.5,5,10,False,False
NonOverlappingTemplate,NonOverlappingTemplate,False,0.0,0.2,2,10,False,False,False,3e-06,0.6,6,10,False,False
NonOverlappingTemplate,NonOverlappingTemplate,False,0.0,0.2,2,10,False,False,False,3e-06,0.5,5,10,False,False
NonOverlappingTemplate,NonOverlappingTemplate,False,0.0,0.2,2,10,False,False,False,3e-06,0.4,4,10,False,False
NonOverlappingTemplate,NonOverlappingTemplate,False,0.0,0.2,2,10,False,False,False,3e-06,0.7,7,10,False,False
NonOverlappingTemplate,NonOverlappingTemplate,False,0.0,0.2,2,10,False,False,False,3e-06,0.6,6,10,False,False
NonOverlappingTemplate,NonOverlappingTemplate,False,0.0,0.2,2,10,False,False,False,3e-06,0.6,6,10,False,False
NonOverlappingTemplate,NonOverlappingTemplate,False,0.0,0.2,2,10,False,False,False,3e-06,0.5,5,10,False,False
NonOverlappingTemplate,NonOverlappingTemplate,False,0.0,0.2,2,10,False,False,False,0.0,0.5,5,10,False,False
NonOverlappingTemplate,NonOverlappingTemplate,False,0.0,0.2,2,10,False,False,False,0.0,0.5,5,10,False,False
NonOverlappingTemplate,NonOverlappingTemplate,False,0.0,0.2,2,10,False,False,False,8.9e-05,0.6,6,10,False,False
NonOverlappingTemplate,NonOverlappingTemplate,False,0.0,0.2,2,10,False,False,False,8.9e-05,0.6,6,10,False,False
NonOverlappingTemplate,NonOverlappingTemplate,False,0.0,0.2,2,10,False,False,False,0.0,0.5,5,10,False,False
NonOverlappingTemplate,NonOverlappingTemplate,False,0.0,0.2,2,10,False,False,False,3e-06,0.5,5,10,False,False
NonOverlappingTemplate,NonOverlappingTemplate,False,0.0,0.2,2,10,False,False,False,3e-06,0.6,6,10,False,False
NonOverlappingTemplate,NonOverlappingTemplate,False,0.0,0.2,2,10,False,False,False,3e-06,0.5,5,10,False,False
NonOverlappingTemplate,NonOverlappingTemplate,False,0.0,0.2,2,10,False,False,False,3e-06,0.4,4,10,False,False
NonOverlappingTemplate,NonOverlappingTemplate,False,0.0,0.2,2,10,False,False,False,3e-06,0.7,7,10,False,False
NonOverlappingTemplate,NonOverlappingTemplate,False,0.0,0.2,2,10,False,False,False,3e-06,0.6,6,10,False,False
NonOverlappingTemplate,NonOverlappingTemplate,False,0.0,0.2,2,10,False,False,False,3e-06,0.6,6,10,False,False
NonOverlappingTemplate,NonOverlappingTemplate,False,0.0,0.3,3,10,False,False,False,3e-06,0.5,5,10,False,False
NonOverlappingTemplate,NonOverlappingTemplate,False,0.0,0.3,3,10,False,False,False,0.0,0.5,5,10,False,False
NonOverlappingTemplate,NonOverlappingTemplate,False,0.0,0.3,3,10,False,False,False,0.0,0.5,5,10,False,False
NonOverlappingTemplate,NonOverlappingTemplate,False,0.0,0.3,3,10,False,False,False,8.9e-05,0.6,6,10,False,False
NonOverlappingTemplate,NonOverlappingTemplate,False,0.0,0.3,3,10,False,False,False,8.9e-05,0.6,6,10,False,False
NonOverlappingTemplate,NonOverlappingTemplate,False,0.0,0.3,3,10,False,False,False,0.0,0.5,5,10,False,False
NonOverlappingTemplate,NonOverlappingTemplate,False,0.0,0.3,3,10,False,False,False,3e-06,0.5,5,10,False,False
NonOverlappingTemplate,NonOverlappingTemplate,False,0.0,0.3,3,10,False,False,False,3e-06,0.6,6,10,False,False
NonOverlappingTemplate,NonOverlappingTemplate,False,0.0,0.3,3,10,False,False,False,3e-06,0.5,5,10,False,False
NonOverlappingTemplate,NonOverlappingTemplate,False,0.0,0.3,3,10,False,False,False,3e-06,0.4,4,10,False,False
NonOverlappingTemplate,NonOverlappingTemplate,False,0.0,0.3,3,10,False,False,False,3e-06,0.7,7,10,False,False
NonOverlappingTemplate,NonOverlappingTemplate,False,0.0,0.3,3,10,False,False,False,3e-06,0.6,6,10,False,False
NonOverlappingTemplate,NonOverlappingTemplate,False,0.0,0.3,3,10,False,False,False,3e-06,0.6,6,10,False,False
NonOverlappingTemplate,NonOverlappingTemplate,False,0.0,0.2,2,10,False,False,False,3e-06,0.5,5,10,False,False
NonOverlappingTemplate,NonOverlappingTemplate,False,0.0,0.2,2,10,False,False,False,0.0,0.5,5,10,False,False
NonOverlappingTemplate,NonOverlappingTemplate,False,0.0,0.2,2,10,False,False,False,0.0,0.5,5,10,False,False
NonOverlappingTemplate,NonOverlappingTemplate,False,0.0,0.2,2,10,False,False,False,8.9e-05,0.6,6,10,False,False
NonOverlappingTemplate,NonOverlappingTemplate,False,0.0,0.2,2,10,False,False,False,8.9e-05,0.6,6,10,False,False
NonOverlappingTemplate,NonOverlappingTemplate,False,0.0,0.2,2,10,False,False,False,0.0,0.5,5,10,False,False
NonOverlappingTemplate,NonOverlappingTemplate,False,0.0,0.2,2,10,False,False,False,3e-06,0.5,5,10,False,False
NonOverlappingTemplate,NonOverlappingTemplate,False,0.0,0.2,2,10,False,False,False,3e-06,0.6,6,10,False,False
NonOverlappingTemplate,NonOverlappingTemplate,False,0.0,0.2,2,10,False,False,False,3e-06,0.5,5,10,False,False
NonOverlappingTemplate,NonOverlappingTemplate,False,0.0,0.2,2,10,False,False,False,3e-06,0.4,4,10,False,False
NonOverlappingTemplate,NonOverlappingTemplate,False,0.0,0.2,2,10,False,False,False,3e-06,0.7,7,10,False,False
NonOverlappingTemplate,NonOverlappingTemplate,False,0.0,0.2,2,10,False,False,False,3e-06,0.6,6,10,False,False
NonOverlappingTemplate,NonOverlappingTemplate,False,0.0,0.2,2,10,False,False,False,3e-06,0.6,6,10,False,False
NonOverlappingTemplate,NonOverlappingTemplate,False,0.0,0.1,1,10,False,False,False,3e-06,0.5,5,10,False,False
NonOverlappingTemplate,NonOverlappingTemplate,False,0.0,0.1,1,10,False,False,False,0.0,0.5,5,10,False,False
NonOverlappingTemplate,NonOverlappingTemplate,False,0.0,0.1,1,10,False,False,False,0.0,0.5,5,10,False,False
NonOverlappingTemplate,NonOverlappingTemplate,False,0.0,0.1,1,10,False,False,False,8.9e-05,0.6,6,10,False,False
NonOverlappingTemplate,NonOverlappingTemplate,False,0.0,0.1,1,10,False,False,False,8.9e-05,0.6,6,10,False,False
NonOverlappingTemplate,NonOverlappingTemplate,False,0.0,0.1,1,10,False,False,False,0.0,0.5,5,10,False,False
NonOverlappingTemplate,NonOverlappingTemplate,False,0.0,0.1,1,10,False,False,False,3e-06,0.5,5,10,False,False
NonOverlappingTemplate,NonOverlappingTemplate,False,0.0,0.1,1,10,False,False,False,3e-06,0.6,6,10,False,False
NonOverlappingTemplate,NonOverlappingTemplate,False,0.0,0.1,1,10,False,False,False,3e-06,0.5,5,10,False,False
NonOverlappingTemplate,NonOverlappingTemplate,False,0.0,0.1,1,10,False,False,False,3e-06,0.4,4,10,False,False
NonOverlappingTemplate,NonOverlappingTemplate,False,0.0,0.1,1,10,False,False,False,3e-06,0.7,7,10,False,False
NonOverlappingTemplate,NonOverlappingTemplate,False,0.0,0.1,1,10,False,False,False,3e-06,0.6,6,10,False,False
NonOverlappingTemplate,NonOverlappingTemplate,False,0.0,0.1,1,10,False,False,False,3e-06,0.6,6,10,False,False
NonOverlappingTemplate,NonOverlappingTemplate,False,0.0,0.2,2,10,False,False,False,3e-06,0.5,5,10,False,False
NonOverlappingTemplate,NonOverlappingTemplate,False,0.0,0.2,2,10,False,False,False,0.0,0.5,5,10,False,False
NonOverlappingTemplate,NonOverlappingTemplate,False,0.0,0.2,2,10,False,False,False,0.0,0.5,5,10,False,False
NonOverlappingTemplate,NonOverlappingTemplate,False,0.0,0.2,2,10,False,False,False,8.9e-05,0.6,6,10,False,False
NonOverlappingTemplate,NonOverlappingTemplate,False,0.0,0.2,2,10,False,False,False,8.9e-05,0.6,6,10,False,False
NonOverlappingTemplate,NonOverlappingTemplate,False,0.0,0.2,2,10,False,False,False,0.0,0.5,5,10,False,False
NonOverlappingTemplate,NonOverlappingTemplate,False,0.0,0.2,2,10,False,False,False,3e-06,0.5,5,10,False,False
NonOverlappingTemplate,NonOverlappingTemplate,False,0.0,0.2,2,10,False,False,False,3e-06,0.6,6,10,False,False
NonOverlappingTemplate,NonOverlappingTemplate,False,0.0,0.2,2,10,False,False,False,3e-06,0.5,5,10,False,False
NonOverlappingTemplate,NonOverlappingTemplate,False,0.0,0.2,2,10,False,False,False,3e-06,0.4,4,10,False,False
NonOverlappingTemplate,NonOverlappingTemplate,False,0.0,0.2,2,10,False,False,False,3e-06,0.7,7,10,False,False
NonOverlappingTemplate,NonOverlappingTemplate,False,0.0,0.2,2,10,False,False,False,3e-06,0.6,6,10,False,False
NonOverlappingTemplate,NonOverlappingTemplate,False,0.0,0.2,2,10,False,False,False,3e-06,0.6,6,10,False,False
NonOverlappingTemplate,NonOverlappingTemplate,False,0.0,0.4,4,10,False,False,False,3e-06,0.5,5,10,False,False
NonOverlappingTemplate,NonOverlappingTemplate,False,0.0,0.4,4,10,False,False,False,0.0,0.5,5,10,False,False
NonOverlappingTemplate,NonOverlappingTemplate,False,0.0,0.4,4,10,False,False,False,0.0,0.5,5,10,False,False
NonOverlappingTemplate,NonOverlappingTemplate,False,0.0,0.4,4,10,False,False,False,8.9e-05,0.6,6,10,False,False
NonOverlappingTemplate,NonOverlappingTemplate,False,0.0,0.4,4,10,False,False,False,8.9e-05,0.6,6,10,False,False
NonOverlappingTemplate,NonOverlappingTemplate,False,0.0,0.4,4,10,False,False,False,0.0,0.5,5,10,False,False
NonOverlappingTemplate,NonOverlappingTemplate,False,0.0,0.4,4,10,False,False,False,3e-06,0.5,5,10,False,False
NonOverlappingTemplate,NonOverlappingTemplate,False,0.0,0.4,4,10,False,False,False,3e-06,0.6,6,10,False,False
NonOverlappingTemplate,NonOverlappingTemplate,False,0.0,0.4,4,10,False,False,False,3e-06,0.5,5,10,False,False
NonOverlappingTemplate,NonOverlappingTemplate,False,0.0,0.4,4,10,False,False,False,3e-06,0.4,4,10,False,False
NonOverlappingTemplate,NonOverlappingTemplate,False,0.0,0.4,4,10,False,False,False,3e-06,0.7,7,10,False,False
NonOverlappingTemplate,NonOverlappingTemplate,False,0.0,0.4,4,10,False,False,False,3e-06,0.6,6,10,False,False
NonOverlappingTemplate,NonOverlappingTemplate,False,0.0,0.4,4,10,False,False,False,3e-06,0.6,6,10,False,False
NonOverlappingTemplate,NonOverlappingTemplate,False,0.0,0.2,2,10,False,False,False,3e-06,0.5,5,10,False,False
NonOverlappingTemplate,NonOverlappingTemplate,False,0.0,0.2,2,10,False,False,False,0.0,0.5,5,10,False,False
NonOverlappingTemplate,NonOverlappingTemplate,False,0.0,0.2,2,10,False,False,False,0.0,0.5,5,10,False,False
NonOverlappingTemplate,NonOverlappingTemplate,False,0.0,0.2,2,10,False,False,False,8.9e-05,0.6,6,10,False,False
NonOverlappingTemplate,NonOverlappingTemplate,False,0.0,0.2,2,10,False,False,False,8.9e-05,0.6,6,10,False,False
NonOverlappingTemplate,NonOverlappingTemplate,False,0.0,0.2,2,10,False,False,False,0.0,0.5,5,10,False,False
NonOverlappingTemplate,NonOverlappingTemplate,False,0.0,0.2,2,10,False,False,False,3e-06,0.5,5,10,False,False
NonOverlappingTemplate,NonOverlappingTemplate,False,0.0,0.2,2,10,False,False,False,3e-06,0.6,6,10,False,False
NonOverlappingTemplate,NonOverlappingTemplate,False,0.0,0.2,2,10,False,False,False,3e-06,0.5,5,10,False,False
NonOverlappingTemplate,NonOverlappingTemplate,False,0.0,0.2,2,10,False,False,False,3e-06,0.4,4,10,False,False
NonOverlappingTemplate,NonOverlappingTemplate,False,0.0,0.2,2,10,False,False,False,3e-06,0.7,7,10,False,False
NonOverlappingTemplate,NonOverlappingTemplate,False,0.0,0.2,2,10,False,False,False,3e-06,0.6,6,10,False,False
NonOverlappingTemplate,NonOverlappingTemplate,False,0.0,0.2,2,10,False,False,False,3e-06,0.6,6,10,False,False
NonOverlappingTemplate,NonOverlappingTemplate,False,3e-06,0.5,5,10,False,False,False,3e-06,0.5,5,10,False,False
NonOverlappingTemplate,NonOverlappingTemplate,False,3e-06,0.5,5,10,False,False,False,0.0,0.5,5,10,False,False
NonOverlappingTemplate,NonOverlappingTemplate,False,3e-06,0.5,5,10,False,False,False,0.0,0.5,5,10,False,False
NonOverlappingTemplate,NonOverlappingTemplate,False,3e-06,0.5,5,10,False,False,False,8.9e-05,0.6,6,10,False,False
NonOverlappingTemplate,NonOverlappingTemplate,False,3e-06,0.5,5,10,False,False,False,8.9e-05,0.6,6,10,False,False
NonOverlappingTemplate,NonOverlappingTemplate,False,3e-06,0.5,5,10,False,False,False,0.0,0.5,5,10,False,False
NonOverlappingTemplate,NonOverlappingTemplate,False,3e-06,0.5,5,10,False,False,False,3e-06,0.5,5,10,False,False
NonOverlappingTemplate,NonOverlappingTemplate,False,3e-06,0.5,5,10,False,False,False,3e-06,0.6,6,10,False,False
NonOverlappingTemplate,NonOverlappingTemplate,False,3e-06,0.5,5,10,False,False,False,3e-06,0.5,5,10,False,False
NonOverlappingTemplate,NonOverlappingTemplate,False,3e-06,0.5,5,10,False,False,False,3e-06,0.4,4,10,False,False
NonOverlappingTemplate,NonOverlappingTemplate,False,3e-06,0.5,5,10,False,False,False,3e-06,0.7,7,10,False,False
NonOverlappingTemplate,NonOverlappingTemplate,False,3e-06,0.5,5,10,False,False,False,3e-06,0.6,6,10,False,False
NonOverlappingTemplate,NonOverlappingTemplate,False,3e-06,0.5,5,10,False,False,False,3e-06,0.6,6,10,False,False
NonOverlappingTemplate,NonOverlappingTemplate,False,0.0,0.1,1,10,False,False,False,3e-06,0.5,5,10,False,False
NonOverlappingTemplate,NonOverlappingTemplate,False,0.0,0.1,1,10,False,False,False,0.0,0.5,5,10,False,False
NonOverlappingTemplate,NonOverlappingTemplate,False,0.0,0.1,1,10,False,False,False,0.0,0.5,5,10,False,False
NonOverlappingTemplate,NonOverlappingTemplate,False,0.0,0.1,1,10,False,False,False,8.9e-05,0.6,6,10,False,False
NonOverlappingTemplate,NonOverlappingTemplate,False,0.0,0.1,1,10,False,False,False,8.9e-05,0.6,6,10,False,False
NonOverlappingTemplate,NonOverlappingTemplate,False,0.0,0.1,1,10,False,False,False,0.0,0.5,5,10,False,False
NonOverlappingTemplate,NonOverlappingTemplate,False,0.0,0.1,1,10,False,False,False,3e-06,0.5,5,10,False,False
NonOverlappingTemplate,NonOverlappingTemplate,False,0.0,0.1,1,10,False,False,False,3e-06,0.6,6,10,False,False
NonOverlappingTemplate,NonOverlappingTemplate,False,0.0,0.1,1,10,False,False,False,3e-06,0.5,5,10,False,False
NonOverlappingTemplate,NonOverlappingTemplate,False,0.0,0.1,1,10,False,False,False,3e-06,0.4,4,10,False,False
NonOverlappingTemplate,NonOverlappingTemplate,False,0.0,0.1,1,10,False,False,False,3e-06,0.7,7,10,False,False
NonOverlappingTemplate,NonOverlappingTemplate,False,0.0,0.1,1,10,False,False,False,3e-06,0.6,6,10,False,False
NonOverlappingTemplate,NonOverlappingTemplate,False,0.0,0.1,1,10,False,False,False,3e-06,0.6,6,10,False,False
NonOverlappingTemplate,NonOverlappingTemplate,False,3e-06,0.4,4,10,False,False,False,3e-06,0.5,5,10,False,False
NonOverlappingTemplate,NonOverlappingTemplate,False,3e-06,0.4,4,10,False,False,False,0.0,0.5,5,10,False,False
NonOverlappingTemplate,NonOverlappingTemplate,False,3e-06,0.4,4,10,False,False,False,0.0,0.5,5,10,False,False
NonOverlappingTemplate,NonOverlappingTemplate,False,3e-06,0.4,4,10,False,False,False,8.9e-05,0.6,6,10,False,False
NonOverlappingTemplate,NonOverlappingTemplate,False,3e-06,0.4,4,10,False,False,False,8.9e-05,0.6,6,10,False,False
NonOverlappingTemplate,NonOverlappingTemplate,False,3e-06,0.4,4,10,False,False,False,0.0,0.5,5,10,False,False
NonOverlappingTemplate,NonOverlappingTemplate,False,3e-06,0.4,4,10,False,False,False,3e-06,0.5,5,10,False,False
NonOverlappingTemplate,NonOverlappingTemplate,False,3e-06,0.4,4,10,False,False,False,3e-06,0.6,6,10,False,False
NonOverlappingTemplate,NonOverlappingTemplate,False,3e-06,0.4,4,10,False,False,False,3e-06,0.5,5,10,False,False
NonOverlappingTemplate,NonOverlappingTemplate,False,3e-06,0.4,4,10,False,False,False,3e-06,0.4,4,10,False,False
NonOverlappingTemplate,NonOverlappingTemplate,False,3e-06,0.4,4,10,False,False,False,3e-06,0.7,7,10,False,False
NonOverlappingTemplate,NonOverlappingTemplate,False,3e-06,0.4,4,10,False,False,False,3e-06,0.6,6,10,False,False
NonOverlappingTemplate,NonOverlappingTemplate,False,3e-06,0.4,4,10,False,False,False,3e-06,0.6,6,10,False,False
NonOverlappingTemplate,NonOverlappingTemplate,False,0.0,0.2,2,10,False,False,False,3e-06,0.5,5,10,False,False
NonOverlappingTemplate,NonOverlappingTemplate,False,0.0,0.2,2,10,False,False,False,0.0,0.5,5,10,False,False
NonOverlappingTemplate,NonOverlappingTemplate,False,0.0,0.2,2,10,False,False,False,0.0,0.5,5,10,False,False
NonOverlappingTemplate,NonOverlappingTemplate,False,0.0,0.2,2,10,False,False,False,8.9e-05,0.6,6,10,False,False
NonOverlappingTemplate,NonOverlappingTemplate,False,0.0,0.2,2,10,False,False,False,8.9e-05,0.6,6,10,False,False
NonOverlappingTemplate,NonOverlappingTemplate,False,0.0,0.2,2,10,False,False,False,0.0,0.5,5,10,False,False
NonOverlappingTemplate,NonOverlappingTemplate,False,0.0,0.2,2,10,False,False,False,3e-06,0.5,5,10,False,False
NonOverlappingTemplate,NonOverlappingTemplate,False,0.0,0.2,2,10,False,False,False,3e-06,0.6,6,10,False,False
NonOverlappingTemplate,NonOverlappingTemplate,False,0.0,0.2,2,10,False,False,False,3e-06,0.5,5,10,False,False
NonOverlappingTemplate,NonOverlappingTemplate,False,0.0,0.2,2,10,False,False,False,3e-06,0.4,4,10,False,False
NonOverlappingTemplate,NonOverlappingTemplate,False,0.0,0.2,2,10,False,False,False,3e-06,0.7,7,10,False,False
NonOverlappingTemplate,NonOverlappingTemplate,False,0.0,0.2,2,10,False,False,False,3e-06,0.6,6,10,False,False
NonOverlappingTemplate,NonOverlappingTemplate,False,0.0,0.2,2,10,False,False,False,3e-06,0.6,6,10,False,False
Runs,Runs,False,0.0,0.0,0,10,False,False,False,0.0,0.2,2,10,False,False
